1709331200000,62500.42000000,62500.42000000,62500.41000000,62500.41000000,0.08660000,1709331200999,5412.53632200,3,0.08160000,5100.03427200,0
1709331201000,62500.41000000,62500.42000000,62500.41000000,62500.42000000,1.03983000,1709331201999,64989.80333970,22,0.20094000,12558.83439480,0
1709331202000,62500.41000000,62500.41000000,62500.41000000,62500.41000000,0.03199000,1709331202999,1999.38811590,1,0.00000000,0.00000000,0
1709331203000,62500.41000000,62500.42000000,62500.41000000,62500.41000000,0.86029000,1709331203999,53768.47833800,3,0.06191000,3869.40100220,0
1709331204000,62500.42000000,62500.42000000,62500.41000000,62500.42000000,0.03902000,1709331204999,2438.76622850,5,0.02303000,1439.38467260,0
1709331205000,62500.41000000,62500.42000000,62500.41000000,62500.41000000,0.86514000,1709331205999,54071.60473880,16,0.00314000,196.25131880,0
1709331206000,62500.41000000,62500.42000000,62500.41000000,62500.42000000,0.01432000,1709331206999,895.00600810,11,0.01369000,855.63074980,0
1709331207000,62500.41000000,62500.42000000,62500.41000000,62500.42000000,0.88786000,1709331207999,55491.61484260,18,0.08200000,5125.03444000,0
1709331208000,62500.42000000,62500.42000000,62500.41000000,62500.42000000,0.80010000,1709331208999,50006.57806200,8,0.00210000,131.25088200,0
1709331209000,62500.42000000,62500.42000000,62500.42000000,62500.42000000,0.00350000,1709331209999,218.75147000,3,0.00350000,218.75147000,0
1709331210000,62500.42000000,62500.42000000,62500.41000000,62500.42000000,0.80230000,1709331210999,50144.07898600,11,0.00430000,268.75180600,0
1709331211000,62500.41000000,62500.42000000,62500.41000000,62500.42000000,0.09595000,1709331211999,5996.91490020,9,0.05607000,3504.39854940,0
1709331212000,62500.41000000,62500.42000000,62500.41000000,62500.41000000,0.86615000,1709331212999,54134.73060300,17,0.04815000,3009.39522300,0
1709331213000,62500.07000000,62500.07000000,62500.06000000,62500.07000000,0.00238000,1709331213999,148.75015340,4,0.00106000,66.25007420,0
1709331214000,62500.06000000,62500.06000000,62493.56000000,62493.56000000,1.73921000,1709331214999,108698.16090480,47,0.00786000,491.22569520,0
1709331215000,62493.56000000,62493.56000000,62492.00000000,62492.00000000,0.45155000,1709331215999,28218.67233640,35,0.00000000,0.00000000,0
1709331216000,62492.00000000,62492.00000000,62491.10000000,62491.11000000,0.87427000,1709331216999,54634.82296210,18,0.02603000,1626.64359330,0
1709331217000,62491.11000000,62491.11000000,62491.10000000,62491.10000000,0.02041000,1709331217999,1275.44354010,7,0.01891000,1181.70689010,0
1709331218000,62491.10000000,62491.10000000,62490.52000000,62490.52000000,0.80138000,1709331218999,50079.07901700,13,0.00000000,0.00000000,0
1709331219000,62490.52000000,62490.52000000,62490.52000000,62490.52000000,0.00000000,1709331219999,0.00000000,0,0.00000000,0.00000000,0
1709331220000,62490.52000000,62490.52000000,62490.52000000,62490.52000000,0.83226000,1709331220999,52008.36017520,14,0.00000000,0.00000000,0
1709331221000,62490.52000000,62490.53000000,62490.52000000,62490.52000000,0.50123000,1709331221999,31322.12379220,30,0.04526000,2828.32138780,0
1709331222000,62490.52000000,62490.53000000,62490.52000000,62490.53000000,0.80042000,1709331222999,50018.66203690,12,0.00185000,115.60748050,0
1709331223000,62490.52000000,62490.52000000,62490.52000000,62490.52000000,0.00874000,1709331223999,546.16714480,2,0.00000000,0.00000000,0
1709331224000,62490.53000000,62490.53000000,62490.52000000,62490.53000000,0.90379000,1709331224999,56478.30708220,17,0.00114000,71.23920420,0
1709331225000,62490.52000000,62490.52000000,62471.10000000,62471.11000000,1.68427000,1709331225999,105243.65305990,67,0.00324000,202.41903420,0
1709331226000,62471.10000000,62471.11000000,62471.10000000,62471.11000000,0.00922000,1709331226999,575.98363050,4,0.00885000,552.86932350,0
1709331227000,62471.11000000,62471.11000000,62471.11000000,62471.11000000,0.00013000,1709331227999,8.12124430,1,0.00013000,8.12124430,0
1709331228000,62471.10000000,62471.10000000,62471.10000000,62471.10000000,0.00377000,1709331228999,235.51604700,2,0.00000000,0.00000000,0
1709331229000,62471.10000000,62471.11000000,62471.10000000,62471.10000000,0.81960000,1709331229999,51201.31377280,11,0.02128000,1329.38522080,0
1709331230000,62471.11000000,62471.11000000,62471.10000000,62471.11000000,0.21183000,1709331230999,13233.25520050,10,0.20875000,13040.84421250,0
1709331231000,62471.10000000,62471.10000000,62471.10000000,62471.10000000,0.06829000,1709331231999,4266.15141900,3,0.00000000,0.00000000,0
1709331232000,62471.11000000,62471.11000000,62471.10000000,62471.10000000,0.00931000,1709331232999,581.60597800,2,0.00370000,231.14310700,0
1709331233000,62471.11000000,62471.11000000,62471.10000000,62471.10000000,0.01380000,1709331233999,862.10119670,3,0.00167000,104.32675370,0
1709331234000,62471.10000000,62471.11000000,62471.10000000,62471.11000000,0.11195000,1709331234999,6993.64045260,11,0.08076000,5045.16684360,0
1709331235000,62471.10000000,62471.11000000,62471.10000000,62471.10000000,0.04610000,1709331235999,2879.91771180,5,0.00018000,11.24479980,0
1709331236000,62471.11000000,62471.11000000,62471.10000000,62471.10000000,0.00474000,1709331236999,296.11304540,3,0.00314000,196.15928540,0
1709331237000,62471.11000000,62471.11000000,62471.10000000,62471.10000000,0.03991000,1709331237999,2493.22165700,5,0.00560000,349.83821600,0
1709331238000,62471.11000000,62471.11000000,62471.10000000,62471.10000000,1.60399000,1709331238999,100203.02772040,24,0.80314000,50173.04728540,0
1709331239000,62471.10000000,62471.11000000,62471.10000000,62471.11000000,0.02608000,1709331239999,1629.24639150,26,0.01035000,646.57598850,0
1709331240000,62471.10000000,62471.11000000,62471.10000000,62471.11000000,0.05234000,1709331240999,3269.73751210,26,0.01381000,862.72602910,0
1709331241000,62471.11000000,62471.11000000,62471.10000000,62471.10000000,0.01759000,1709331241999,1098.86681490,2,0.01659000,1036.39571490,0
1709331242000,62471.11000000,62471.11000000,62471.10000000,62471.10000000,0.21045000,1709331242999,13147.04507630,4,0.20813000,13002.11212430,0
1709331243000,62471.10000000,62471.10000000,62471.10000000,62471.10000000,0.00000000,1709331243999,0.00000000,0,0.00000000,0.00000000,0
1709331244000,62471.11000000,62471.11000000,62471.10000000,62471.10000000,0.00550000,1709331244999,343.59105380,2,0.00038000,23.73902180,0
1709331245000,62471.11000000,62471.11000000,62471.10000000,62471.10000000,0.01780000,1709331245999,1111.98574910,5,0.01691000,1056.38647010,0
1709331246000,62471.10000000,62471.11000000,62471.10000000,62471.11000000,0.00754000,1709331246999,471.03209800,2,0.00040000,24.98844400,0
1709331247000,62471.11000000,62471.11000000,62471.10000000,62471.11000000,0.21890000,1709331247999,13674.92397850,4,0.01885000,1177.58042350,0
1709331248000,62471.10000000,62471.11000000,62471.10000000,62471.11000000,0.01660000,1709331248999,1037.02030020,8,0.00402000,251.13386220,0
1709331249000,62471.11000000,62471.11000000,62471.10000000,62471.11000000,0.01042000,1709331249999,650.94886770,3,0.00057000,35.60853270,0
1709331250000,62471.10000000,62471.11000000,62471.10000000,62471.11000000,0.01759000,1709331250999,1098.86665350,3,0.00045000,28.11199950,0
1709331251000,62471.10000000,62471.11000000,62471.10000000,62471.11000000,0.00317000,1709331251999,198.03340870,3,0.00217000,135.56230870,0
1709331252000,62471.11000000,62471.11000000,62471.10000000,62471.11000000,0.08439000,1709331252999,5271.93677060,9,0.06416000,4008.14641760,0
1709331253000,62471.11000000,62471.11000000,62471.10000000,62471.10000000,0.36752000,1709331253999,22959.38228910,5,0.36171000,22596.42519810,0
1709331254000,62471.11000000,62471.11000000,62471.11000000,62471.11000000,0.00059000,1709331254999,36.85795490,1,0.00059000,36.85795490,0
1709331255000,62471.10000000,62471.99000000,62471.10000000,62471.99000000,0.31257000,1709331255999,19526.59702550,17,0.31017000,19376.66638550,0
1709331256000,62471.99000000,62471.99000000,62471.98000000,62471.98000000,0.00875000,1709331256999,546.62990510,2,0.00801000,500.40063990,0
1709331257000,62471.99000000,62471.99000000,62471.98000000,62471.98000000,0.18858000,1709331257999,11780.96599290,3,0.00045000,28.11239550,0
1709331258000,62471.98000000,62471.99000000,62471.98000000,62471.99000000,0.00628000,1709331258999,392.32405110,3,0.00167000,104.32822330,0
1709331259000,62471.99000000,62471.99000000,62471.99000000,62471.99000000,0.14327000,1709331259999,8950.36200730,4,0.14327000,8950.36200730,0
1709331260000,62471.98000000,62471.99000000,62471.98000000,62471.99000000,0.00253000,1709331260999,158.05412060,5,0.00112000,69.96862880,0
1709331261000,62471.99000000,62471.99000000,62471.99000000,62471.99000000,0.00000000,1709331261999,0.00000000,0,0.00000000,0.00000000,0
1709331262000,62471.99000000,62471.99000000,62471.99000000,62471.99000000,0.00072000,1709331262999,44.97983280,1,0.00072000,44.97983280,0
1709331263000,62471.98000000,62471.99000000,62471.98000000,62471.99000000,0.13316000,1709331263999,8318.76887380,7,0.00170000,106.20238300,0
1709331264000,62471.98000000,62471.99000000,62471.98000000,62471.99000000,0.11597000,1709331264999,7244.87552430,3,0.00037000,23.11463630,0
1709331265000,62471.99000000,62471.99000000,62471.98000000,62471.98000000,0.23546000,1709331265999,14709.65284800,7,0.04372000,2731.27540280,0
1709331266000,62471.99000000,62471.99000000,62471.98000000,62471.98000000,0.01035000,1709331266999,646.58507060,5,0.00776000,484.78264240,0
1709331267000,62471.99000000,62471.99000000,62471.99000000,62471.99000000,0.00802000,1709331267999,501.02535980,1,0.00802000,501.02535980,0
1709331268000,62471.98000000,62471.99000000,62471.98000000,62471.99000000,0.04172000,1709331268999,2606.33138130,4,0.03757000,2347.07266430,0
1709331269000,62471.99000000,62471.99000000,62471.99000000,62471.99000000,0.00065000,1709331269999,40.60679350,2,0.00065000,40.60679350,0
1709331270000,62471.99000000,62471.99000000,62471.98000000,62471.99000000,0.04269000,1709331270999,2666.92906580,7,0.02396000,1496.82888040,0
1709331271000,62471.98000000,62471.98000000,62471.98000000,62471.98000000,0.03753000,1709331271999,2344.57340940,2,0.00000000,0.00000000,0
1709331272000,62471.99000000,62471.99000000,62471.98000000,62471.98000000,0.00098000,1709331272999,61.22254640,3,0.00060000,37.48319400,0
1709331273000,62471.99000000,62471.99000000,62471.99000000,62471.99000000,0.00043000,1709331273999,26.86295570,1,0.00043000,26.86295570,0
1709331274000,62471.99000000,62477.04000000,62471.99000000,62477.04000000,1.63299000,1709331274999,102021.86414770,30,1.63280000,102009.99351200,0
1709331275000,62477.04000000,62481.10000000,62477.04000000,62481.10000000,0.08599000,1709331275999,5372.45198420,4,0.08561000,5348.70917000,0
1709331276000,62481.10000000,62481.10000000,62481.09000000,62481.09000000,0.01613000,1709331276999,1007.82008110,4,0.00994000,621.06213400,0
1709331277000,62481.10000000,62481.10000000,62481.09000000,62481.10000000,0.02025000,1709331277999,1265.24225280,5,0.01803000,1126.53423300,0
1709331278000,62481.09000000,62481.10000000,62481.09000000,62481.10000000,0.00237000,1709331278999,148.08020170,5,0.00184000,114.96522400,0
1709331279000,62481.10000000,62481.10000000,62481.10000000,62481.10000000,0.00017000,1709331279999,10.62178700,1,0.00017000,10.62178700,0
1709331280000,62481.09000000,62481.10000000,62481.09000000,62481.10000000,0.03653000,1709331280999,2282.43426280,3,0.00451000,281.78976100,0
1709331281000,62481.09000000,62481.10000000,62481.09000000,62481.10000000,0.07774000,1709331281999,4857.27999800,6,0.00614000,383.63395400,0
1709331282000,62481.10000000,62481.10000000,62481.09000000,62481.10000000,0.06658000,1709331282999,4159.99128100,10,0.03088000,1929.41636800,0
1709331283000,62481.09000000,62481.10000000,62481.09000000,62481.09000000,0.00748000,1709331283999,467.35858730,8,0.00341000,213.06055100,0
1709331284000,62481.10000000,62481.10000000,62481.09000000,62481.09000000,0.54601000,1709331284999,34115.30527990,10,0.53290000,33296.17819000,0
1709331285000,62481.09000000,62481.10000000,62481.09000000,62481.09000000,0.00482000,1709331285999,301.15885580,6,0.00020000,12.49622000,0
1709331286000,62481.10000000,62481.10000000,62481.09000000,62481.10000000,0.00625000,1709331286999,390.50682660,4,0.00141000,88.09835100,0
1709331287000,62481.10000000,62481.10000000,62481.09000000,62481.09000000,0.00889000,1709331287999,555.45692730,5,0.00372000,232.42969200,0
1709331288000,62481.10000000,62481.10000000,62481.10000000,62481.10000000,0.00164000,1709331288999,102.46900400,1,0.00164000,102.46900400,0
1709331289000,62481.09000000,62481.10000000,62481.09000000,62481.09000000,0.00276000,1709331289999,172.44781700,5,0.00086000,53.73374600,0
1709331290000,62481.10000000,62481.10000000,62481.10000000,62481.10000000,0.00825000,1709331290999,515.46907500,2,0.00825000,515.46907500,0
1709331291000,62481.09000000,62489.99000000,62481.09000000,62489.99000000,0.86851000,1709331291999,54265.59928980,59,0.86200000,53858.82553920,0
1709331292000,62489.98000000,62489.99000000,62489.98000000,62489.98000000,0.25992000,1709331292999,16242.39568930,3,0.00877000,548.03721230,0
1709331293000,62489.98000000,62489.99000000,62489.98000000,62489.99000000,0.82768000,1709331293999,51721.70708880,11,0.04424000,2764.55715760,0
1709331294000,62489.99000000,62489.99000000,62489.98000000,62489.98000000,0.06036000,1709331294999,3771.89579360,6,0.06008000,3754.39859920,0
1709331295000,62489.99000000,62489.99000000,62489.99000000,62489.99000000,0.00064000,1709331295999,39.99359360,2,0.00064000,39.99359360,0
1709331296000,62489.99000000,62489.99000000,62489.98000000,62489.99000000,0.01398000,1709331296999,873.61005210,3,0.01317000,822.99316830,0
1709331297000,62489.98000000,62489.99000000,62489.98000000,62489.99000000,0.00302000,1709331297999,188.71976180,6,0.00222000,138.72777780,0
1709331298000,62489.99000000,62489.99000000,62489.98000000,62489.98000000,0.00448000,1709331298999,279.95511510,3,0.00047000,29.37029530,0
1709331299000,62489.99000000,62489.99000000,62489.98000000,62489.98000000,0.05409000,1709331299999,3380.08341520,29,0.03970000,2480.85260300,0
1709331300000,62489.99000000,62489.99000000,62489.98000000,62489.98000000,0.04604000,1709331300999,2877.03892500,29,0.02458000,1536.00395420,0
1709331301000,62489.99000000,62489.99000000,62489.98000000,62489.98000000,0.02837000,1709331301999,1772.84101430,2,0.02817000,1760.34301830,0
1709331302000,62489.99000000,62489.99000000,62489.98000000,62489.98000000,0.00499000,1709331302999,311.82500650,7,0.00063000,39.36869370,0
1709331303000,62489.98000000,62489.99000000,62489.98000000,62489.99000000,0.00892000,1709331303999,557.41069190,5,0.00703000,439.30462970,0
1709331304000,62489.99000000,62489.99000000,62489.98000000,62489.98000000,0.00454000,1709331304999,283.70453230,4,0.00231000,144.35187690,0
1709331305000,62489.99000000,62489.99000000,62489.98000000,62489.98000000,0.00512000,1709331305999,319.94870480,4,0.00072000,44.99279280,0
1709331306000,62489.98000000,62489.98000000,62489.98000000,62489.98000000,0.00685000,1709331306999,428.05636300,2,0.00000000,0.00000000,0
1709331307000,62489.99000000,62489.99000000,62489.98000000,62489.98000000,0.47571000,1709331307999,29727.10874650,35,0.03607000,2254.01393930,0
1709331308000,62489.99000000,62489.99000000,62489.98000000,62489.98000000,0.07666000,1709331308999,4790.48212950,8,0.02627000,1641.61203730,0
1709331309000,62489.98000000,62489.98000000,62489.98000000,62489.98000000,0.04379000,1709331309999,2736.43622420,3,0.00000000,0.00000000,0
1709331310000,62489.98000000,62489.99000000,62489.98000000,62489.98000000,0.01864000,1709331310999,1164.81322960,4,0.00024000,14.99759760,0
1709331311000,62489.98000000,62489.99000000,62489.98000000,62489.99000000,0.47639000,1709331311999,29769.60162170,27,0.00495000,309.32545050,0
1709331312000,62489.98000000,62489.99000000,62489.98000000,62489.99000000,0.00985000,1709331312999,615.52631800,4,0.00150000,93.73498500,0
1709331313000,62489.98000000,62489.99000000,62489.98000000,62489.98000000,0.45159000,1709331313999,28219.85010800,34,0.00398000,248.71016020,0
1709331314000,62489.98000000,62489.99000000,62489.98000000,62489.98000000,0.44947000,1709331314999,28087.37131510,39,0.00045000,28.12049550,0
1709331315000,62489.98000000,62489.98000000,62441.99000000,62454.01000000,9.47157000,1709331315999,591739.81779470,208,0.01311000,818.77207110,0
1709331316000,62454.01000000,62454.01000000,62454.01000000,62454.01000000,0.00077000,1709331316999,48.08958770,1,0.00077000,48.08958770,0
1709331317000,62454.01000000,62454.01000000,62454.00000000,62454.00000000,0.00369000,1709331317999,230.45526410,5,0.00041000,25.60614410,0
1709331318000,62454.00000000,62454.01000000,62454.00000000,62454.00000000,0.00238000,1709331318999,148.64052580,3,0.00058000,36.22332580,0
1709331319000,62454.00000000,62454.01000000,62454.00000000,62454.00000000,0.03635000,1709331319999,2270.20319400,5,0.02940000,1836.14789400,0
1709331320000,62454.01000000,62454.01000000,62454.00000000,62454.01000000,0.05344000,1709331320999,3337.54178920,11,0.00292000,182.36570920,0
1709331321000,62454.01000000,62454.01000000,62454.00000000,62454.00000000,1.11498000,1709331321999,69634.97188730,11,1.09673000,68495.18638730,0
1709331322000,62454.00000000,62454.01000000,62454.00000000,62454.01000000,0.43727000,1709331322999,27309.26487160,10,0.42916000,26802.76293160,0
1709331323000,62454.00000000,62454.00000000,62454.00000000,62454.00000000,0.00181000,1709331323999,113.04174000,2,0.00000000,0.00000000,0
1709331324000,62454.01000000,62454.01000000,62454.00000000,62454.00000000,0.21076000,1709331324999,13162.80621930,6,0.11793000,7365.20139930,0
1709331325000,62454.00000000,62454.01000000,62454.00000000,62454.01000000,0.53348000,1709331325999,33317.95992100,4,0.00010000,6.24540100,0
1709331326000,62454.01000000,62454.01000000,62454.00000000,62454.00000000,0.14141000,1709331326999,8831.62014510,2,0.00051000,31.85154510,0
1709331327000,62454.01000000,62454.01000000,62454.01000000,62454.01000000,0.00103000,1709331327999,64.32763030,3,0.00103000,64.32763030,0
1709331328000,62454.01000000,62466.69000000,62454.01000000,62466.68000000,1.37049000,1709331328999,85593.05746200,36,1.36999000,85561.82412200,0
1709331329000,62466.68000000,62466.69000000,62466.68000000,62466.68000000,0.39402000,1709331329999,24613.12128140,3,0.00278000,173.65739820,0
1709331330000,62466.69000000,62466.69000000,62466.68000000,62466.69000000,0.00146000,1709331330999,91.20136430,3,0.00115000,71.83669350,0
1709331331000,62466.69000000,62466.69000000,62466.68000000,62466.69000000,0.05388000,1709331331999,3365.70494000,6,0.02216000,1384.26185040,0
1709331332000,62466.68000000,62471.10000000,62466.68000000,62471.09000000,0.21780000,1709331332999,13605.45591850,12,0.18362000,11470.19560580,0
1709331333000,62471.10000000,62471.10000000,62471.10000000,62471.10000000,0.00221000,1709331333999,138.06113100,1,0.00221000,138.06113100,0
1709331334000,62471.10000000,62471.10000000,62471.09000000,62471.10000000,0.05285000,1709331334999,3301.59763010,6,0.05236000,3270.98679600,0
1709331335000,62471.09000000,62471.10000000,62471.09000000,62471.10000000,0.51336000,1709331335999,32070.15877190,6,0.00095000,59.34754500,0
1709331336000,62471.10000000,62471.10000000,62471.10000000,62471.10000000,0.01467000,1709331336999,916.45103700,2,0.01467000,916.45103700,0
1709331337000,62471.10000000,62471.10000000,62471.09000000,62471.10000000,0.03315000,1709331337999,2070.91684690,7,0.02134000,1333.13327400,0
1709331338000,62471.09000000,62471.10000000,62471.09000000,62471.10000000,0.01660000,1709331338999,1037.02013000,2,0.00360000,224.89596000,0
1709331339000,62471.09000000,62471.10000000,62471.09000000,62471.10000000,0.02924000,1709331339999,1826.65495000,9,0.02784000,1739.19542400,0
1709331340000,62471.19000000,62472.75000000,62471.18000000,62472.75000000,0.08460000,1709331340999,5285.14607570,17,0.03950000,2467.63815330,0
1709331341000,62472.74000000,62472.75000000,62472.74000000,62472.75000000,0.03153000,1709331341999,1969.76562720,7,0.01350000,843.38212500,0
1709331342000,62472.74000000,62472.74000000,62472.74000000,62472.74000000,0.00400000,1709331342999,249.89096000,1,0.00000000,0.00000000,0
1709331343000,62472.74000000,62472.75000000,62472.74000000,62472.75000000,0.06364000,1709331343999,3975.76576990,7,0.05963000,3725.25008250,0
1709331344000,62472.75000000,62479.53000000,62472.75000000,62479.52000000,0.44642000,1709331344999,27890.42816890,20,0.44585000,27854.81484250,0
1709331345000,62479.53000000,62483.66000000,62479.53000000,62483.66000000,0.83683000,1709331345999,52287.00776960,15,0.30147000,18835.75555200,0
1709331346000,62483.66000000,62483.67000000,62483.66000000,62483.67000000,0.36792000,1709331346999,22988.99185270,7,0.36655000,22903.38923850,0
1709331347000,62483.67000000,62483.67000000,62483.66000000,62483.66000000,0.31394000,1709331347999,19616.12101670,15,0.07963000,4975.57464210,0
1709331348000,62483.67000000,62483.67000000,62483.66000000,62483.67000000,0.00834000,1709331348999,521.11380350,5,0.00791000,494.24582970,0
1709331349000,62483.67000000,62483.67000000,62483.66000000,62483.67000000,0.31722000,1709331349999,19821.06979150,6,0.31663000,19784.20443210,0
1709331350000,62483.67000000,62483.67000000,62483.66000000,62483.66000000,0.20554000,1709331350999,12842.89153080,4,0.00544000,339.91116480,0
1709331351000,62483.66000000,62483.67000000,62483.66000000,62483.67000000,0.03292000,1709331351999,2056.96212320,7,0.00360000,224.94121200,0
1709331352000,62483.67000000,62483.67000000,62483.66000000,62483.67000000,0.01508000,1709331352999,942.25368980,5,0.00970000,606.09159900,0
1709331353000,62483.66000000,62483.67000000,62483.66000000,62483.67000000,0.00605000,1709331353999,378.02619220,3,0.00492000,307.41965640,0
1709331354000,62483.67000000,62483.67000000,62483.66000000,62483.66000000,0.64147000,1709331354999,40081.39686150,13,0.34813000,21752.44003710,0
1709331355000,62483.67000000,62483.67000000,62483.66000000,62483.67000000,0.52580000,1709331355999,32853.90867650,10,0.02485000,1552.71919950,0
1709331356000,62483.67000000,62483.67000000,62483.66000000,62483.66000000,0.00565000,1709331356999,353.03271500,2,0.00360000,224.94121200,0
1709331357000,62483.66000000,62483.67000000,62483.66000000,62483.67000000,0.02523000,1709331357999,1576.46299010,4,0.02483000,1551.46952610,0
1709331358000,62483.67000000,62483.67000000,62483.66000000,62483.66000000,0.06244000,1709331358999,3901.47976280,6,0.00324000,202.44709080,0
1709331359000,62483.67000000,62483.67000000,62483.66000000,62483.67000000,0.03602000,1709331359999,2250.66162000,39,0.01868000,1167.19495560,0
1709331360000,62483.66000000,62483.67000000,62483.66000000,62483.67000000,0.02861000,1709331360999,1787.65760080,23,0.00882000,551.10596940,0
1709331361000,62483.67000000,62483.67000000,62483.66000000,62483.67000000,0.30095000,1709331361999,18804.46013910,10,0.26621000,16633.77779070,0
1709331362000,62483.67000000,62483.67000000,62479.52000000,62479.52000000,2.52185000,1709331362999,157572.79332220,42,0.00356000,222.44186520,0
1709331363000,62478.01000000,62478.01000000,62477.59000000,62477.60000000,0.09060000,1709331363999,5660.48119620,10,0.03450000,2155.47720000,0
1709331364000,62477.59000000,62477.60000000,62477.59000000,62477.59000000,0.05953000,1709331364999,3719.29143290,5,0.05002000,3125.12955200,0
1709331365000,62477.60000000,62477.60000000,62477.59000000,62477.60000000,0.56337000,1709331365999,35198.00051200,11,0.06337000,3959.20551200,0
1709331366000,62477.59000000,62477.60000000,62477.59000000,62477.60000000,0.01149000,1709331366999,717.86758720,5,0.00781000,487.95005600,0
1709331367000,62477.60000000,62477.60000000,62477.59000000,62477.60000000,0.02131000,1709331367999,1331.39765280,5,0.02099000,1311.40482400,0
1709331368000,62477.60000000,62477.60000000,62477.59000000,62477.60000000,0.41501000,1709331368999,25928.82876410,14,0.41382000,25854.48043200,0
1709331369000,62477.60000000,62482.65000000,62477.60000000,62482.64000000,0.36684000,1709331369999,22920.12013850,16,0.36529000,22823.27204650,0
1709331370000,62482.65000000,62482.65000000,62482.64000000,62482.64000000,0.00096000,1709331370999,59.98334080,3,0.00064000,39.98889600,0
1709331371000,62482.65000000,62482.65000000,62482.64000000,62482.65000000,0.07612000,1709331371999,4756.17916110,6,0.06043000,3775.82653950,0
1709331372000,62482.65000000,62482.65000000,62482.65000000,62482.65000000,0.14648000,1709331372999,9152.45857200,7,0.14648000,9152.45857200,0
1709331373000,62482.65000000,62495.78000000,62482.65000000,62495.78000000,2.42623000,1709331373999,151605.16251710,63,2.42164000,151318.30688690,0
1709331374000,62495.79000000,62495.79000000,62495.78000000,62495.78000000,0.04071000,1709331374999,2544.20359670,5,0.03929000,2455.45958910,0
1709331375000,62495.79000000,62499.99000000,62495.78000000,62499.99000000,1.05182000,1709331375999,65735.06564870,19,0.55172000,34480.92565070,0
1709331376000,62499.99000000,62499.99000000,62499.98000000,62499.98000000,0.00461000,1709331376999,288.12492230,3,0.00145000,90.62498550,0
1709331377000,62499.99000000,62499.99000000,62499.98000000,62499.98000000,0.00047000,1709331377999,29.37499260,2,0.00020000,12.49999800,0
1709331378000,62499.99000000,62499.99000000,62491.10000000,62491.11000000,2.37438000,1709331378999,148390.90741470,66,0.25061000,15660.92362830,0
1709331379000,62491.10000000,62491.11000000,62491.10000000,62491.11000000,0.04182000,1709331379999,2613.37810380,3,0.03018000,1885.98169980,0
1709331380000,62491.10000000,62491.11000000,62491.10000000,62491.11000000,0.08207000,1709331380999,5128.64479430,5,0.02173000,1357.93182030,0
1709331381000,62491.11000000,62491.11000000,62491.10000000,62491.10000000,0.01027000,1709331381999,641.78360150,3,0.00045000,28.12099950,0
1709331382000,62491.10000000,62491.11000000,62491.10000000,62491.10000000,0.01573000,1709331382999,982.98507090,4,0.00679000,424.31463690,0
1709331383000,62491.10000000,62491.10000000,62478.95000000,62478.96000000,0.56828000,1709331383999,35510.55851000,55,0.01671000,1044.02342160,0
1709331384000,62478.96000000,62487.99000000,62478.95000000,62487.99000000,1.11300000,1709331384999,69543.16229800,53,1.10837000,69253.87630310,0
1709331385000,62487.99000000,62493.79000000,62487.99000000,62493.78000000,0.77387000,1709331385999,48359.46175090,24,0.20014000,12507.15575380,0
1709331386000,62493.79000000,62495.51000000,62493.78000000,62495.50000000,0.03912000,1709331386999,2444.76061640,8,0.03332000,2082.29359640,0
1709331387000,62495.51000000,62495.51000000,62495.50000000,62495.51000000,0.02349000,1709331387999,1468.01952270,5,0.02277000,1423.02276270,0
1709331388000,62495.50000000,62495.51000000,62495.50000000,62495.50000000,1.08873000,1709331388999,68040.72909560,18,0.33806000,21127.23211060,0
1709331389000,62495.50000000,62495.50000000,62495.50000000,62495.50000000,0.01881000,1709331389999,1175.54035500,7,0.00000000,0.00000000,0
1709331390000,62495.50000000,62495.51000000,62495.50000000,62495.51000000,0.00104000,1709331390999,64.99532540,2,0.00054000,33.74757540,0
1709331391000,62495.51000000,62495.51000000,62495.50000000,62495.50000000,0.01677000,1709331391999,1048.04967100,2,0.01360000,849.93893600,0
1709331392000,62495.50000000,62495.51000000,62495.50000000,62495.51000000,0.28318000,1709331392999,17697.47570000,6,0.00100000,62.49551000,0
1709331393000,62495.50000000,62499.54000000,62495.50000000,62499.54000000,1.51681000,1709331393999,94796.21465240,25,0.90446000,56525.39948400,0
1709331394000,62499.53000000,62499.54000000,62499.53000000,62499.53000000,0.03804000,1709331394999,2377.48244130,5,0.03201000,2000.61027540,0
1709331395000,62499.53000000,62499.54000000,62499.53000000,62499.54000000,0.32308000,1709331395999,20192.35137100,6,0.32186000,20116.10194440,0
1709331396000,62499.54000000,62499.54000000,62499.53000000,62499.53000000,0.00034000,1709331396999,21.24984140,2,0.00012000,7.49994480,0
1709331397000,62499.54000000,62499.54000000,62499.53000000,62499.54000000,0.00538000,1709331397999,336.24751290,5,0.00415000,259.37309100,0
1709331398000,62499.53000000,62499.54000000,62499.53000000,62499.53000000,0.00783000,1709331398999,489.37135190,3,0.00320000,199.99852800,0
1709331399000,62499.54000000,62499.54000000,62499.53000000,62499.53000000,0.02751000,1709331399999,1719.36217750,6,0.01072000,669.99506880,0
1709331400000,62499.53000000,62499.53000000,62499.53000000,62499.53000000,0.00911000,1709331400999,569.37071830,1,0.00000000,0.00000000,0
1709331401000,62499.53000000,62499.54000000,62499.53000000,62499.54000000,0.00853000,1709331401999,533.12107090,2,0.00800000,499.99632000,0
1709331402000,62499.53000000,62499.54000000,62499.53000000,62499.54000000,0.03002000,1709331402999,1876.23599840,4,0.01078000,673.74504120,0
1709331403000,62499.53000000,62499.53000000,62499.53000000,62499.53000000,0.00080000,1709331403999,49.99962400,1,0.00000000,0.00000000,0
1709331404000,62499.53000000,62499.53000000,62499.53000000,62499.53000000,0.00313000,1709331404999,195.62352890,4,0.00000000,0.00000000,0
1709331405000,62499.54000000,62499.54000000,62499.53000000,62499.53000000,0.09808000,1709331405999,6129.95391370,6,0.00113000,70.62448020,0
1709331406000,62499.53000000,62499.54000000,62499.53000000,62499.53000000,0.03586000,1709331406999,2241.23314940,5,0.00036000,22.49983440,0
1709331407000,62499.53000000,62499.54000000,62472.75000000,62472.75000000,8.81637000,1709331407999,550918.83650830,119,0.71694000,44796.75591720,0
1709331408000,62472.75000000,62472.76000000,62472.75000000,62472.76000000,0.19812000,1709331408999,12377.10319800,9,0.19680000,12294.63916800,0
1709331409000,62472.76000000,62472.76000000,62472.75000000,62472.76000000,0.07690000,1709331409999,4804.15490770,13,0.04327000,2703.19632520,0
1709331410000,62472.75000000,62472.76000000,62472.75000000,62472.76000000,0.08159000,1709331410999,5097.15247340,5,0.08009000,5003.44334840,0
1709331411000,62472.76000000,62472.76000000,62472.75000000,62472.75000000,0.03210000,1709331411999,2005.37559500,3,0.03200000,1999.12832000,0
1709331412000,62472.75000000,62472.76000000,62472.75000000,62472.76000000,0.00897000,1709331412999,560.38061570,12,0.00482000,301.11870320,0
1709331413000,62472.76000000,62472.76000000,62472.75000000,62472.75000000,0.29996000,1709331413999,18739.32616060,5,0.00706000,441.05768560,0
1709331414000,62472.75000000,62472.75000000,62458.00000000,62458.01000000,3.09676000,1709331414999,193460.54854450,69,0.07677000,4794.90142770,0
1709331415000,62458.00000000,62458.01000000,62458.00000000,62458.01000000,0.07377000,1709331415999,4607.52669770,13,0.00377000,235.46669770,0
1709331416000,62458.00000000,62465.21000000,62458.00000000,62465.20000000,2.75708000,1709331416999,172207.56992430,43,2.73587000,170882.70189630,0
1709331417000,62465.20000000,62465.21000000,62465.20000000,62465.21000000,0.06870000,1709331417999,4291.35928650,2,0.00465000,290.46322650,0
1709331418000,62465.21000000,62465.21000000,62465.21000000,62465.21000000,0.00154000,1709331418999,96.19642340,1,0.00154000,96.19642340,0
1709331419000,62465.21000000,62465.21000000,62465.20000000,62465.20000000,0.06871000,1709331419999,4291.98411220,30,0.02202000,1375.48392420,0
1709331420000,62465.20000000,62465.21000000,62465.20000000,62465.20000000,0.20990000,1709331420999,13111.44560380,34,0.01238000,773.31929980,0
1709331421000,62465.21000000,62465.21000000,62465.20000000,62465.21000000,0.13222000,1709331421999,8259.14995450,5,0.12105000,7561.41367050,0
1709331422000,62465.20000000,62469.73000000,62465.20000000,62469.73000000,0.60350000,1709331422999,37698.80231100,27,0.58198000,36354.55120700,0
1709331423000,62471.10000000,62475.17000000,62471.10000000,62475.16000000,0.64675000,1709331423999,40405.57465300,15,0.13239000,8270.85135540,0
1709331424000,62475.16000000,62475.17000000,62475.16000000,62475.17000000,0.01193000,1709331424999,745.32874810,3,0.00893000,557.90326810,0
1709331425000,62475.16000000,62475.16000000,62475.16000000,62475.16000000,0.00403000,1709331425999,251.77489480,3,0.00000000,0.00000000,0
1709331426000,62475.17000000,62475.17000000,62475.16000000,62475.17000000,0.03437000,1709331426999,2147.27127110,6,0.00219000,136.82062230,0
1709331427000,62475.16000000,62475.17000000,62475.16000000,62475.16000000,0.15142000,1709331427999,9459.98886580,4,0.01386000,865.90585620,0
1709331428000,62475.17000000,62489.99000000,62475.17000000,62489.99000000,0.16122000,1709331428999,10073.01616060,15,0.12728000,7952.10679000,0
1709331429000,62490.00000000,62490.00000000,62489.99000000,62490.00000000,1.71368000,1709331429999,107087.86156570,38,1.55025000,96875.12250000,0
1709331430000,62489.99000000,62489.99000000,62489.99000000,62489.99000000,0.01564000,1709331430999,977.34344360,4,0.00000000,0.00000000,0
1709331431000,62489.99000000,62490.00000000,62489.99000000,62490.00000000,0.00164000,1709331431999,102.48359770,2,0.00141000,88.11090000,0
1709331432000,62489.99000000,62490.00000000,62489.99000000,62489.99000000,1.18916000,1709331432999,74310.59668110,13,0.01727000,1079.20230000,0
1709331433000,62489.99000000,62490.00000000,62489.99000000,62490.00000000,0.52680000,1709331433999,32919.73173740,7,0.50054000,31278.74460000,0
1709331434000,62489.99000000,62489.99000000,62489.99000000,62489.99000000,0.00125000,1709331434999,78.11248750,2,0.00000000,0.00000000,0
1709331435000,62490.00000000,62490.00000000,62489.99000000,62490.00000000,0.01289000,1709331435999,805.49609830,6,0.01272000,794.87280000,0
1709331436000,62490.00000000,62490.00000000,62489.99000000,62489.99000000,0.42441000,1709331436999,26521.37688230,9,0.02264000,1414.77360000,0
1709331437000,62490.00000000,62490.00000000,62489.99000000,62489.99000000,0.00889000,1709331437999,555.53607210,5,0.00610000,381.18900000,0
1709331438000,62490.00000000,62490.00000000,62489.99000000,62489.99000000,0.01255000,1709331438999,784.24937820,2,0.00037000,23.12130000,0
1709331439000,62489.99000000,62490.00000000,62489.99000000,62489.99000000,0.02133000,1709331439999,1332.91156890,5,0.00822000,513.66780000,0
1709331440000,62489.99000000,62489.99000000,62489.99000000,62489.99000000,0.08074000,1709331440999,5045.44179260,2,0.00000000,0.00000000,0
1709331441000,62489.99000000,62490.00000000,62489.99000000,62489.99000000,0.00318000,1709331441999,198.71817000,3,0.00018000,11.24820000,0
1709331442000,62490.00000000,62490.00000000,62489.99000000,62489.99000000,0.11818000,1709331442999,7385.06808530,10,0.10671000,6668.30790000,0
1709331443000,62490.00000000,62490.00000000,62490.00000000,62490.00000000,0.50079000,1709331443999,31294.36710000,4,0.50079000,31294.36710000,0
1709331444000,62490.00000000,62490.00000000,62489.99000000,62489.99000000,0.01183000,1709331444999,739.25658870,5,0.00070000,43.74300000,0
1709331445000,62489.99000000,62489.99000000,62489.99000000,62489.99000000,0.04701000,1709331445999,2937.65442990,3,0.00000000,0.00000000,0
1709331446000,62489.99000000,62490.00000000,62489.99000000,62489.99000000,0.04229000,1709331446999,2642.70168150,6,0.00044000,27.49560000,0
1709331447000,62489.99000000,62489.99000000,62489.99000000,62489.99000000,0.00132000,1709331447999,82.48678680,1,0.00000000,0.00000000,0
1709331448000,62490.00000000,62490.00000000,62489.99000000,62489.99000000,0.00576000,1709331448999,359.94236110,4,0.00187000,116.85630000,0
1709331449000,62490.00000000,62490.00000000,62489.99000000,62489.99000000,0.06783000,1709331449999,4238.69618330,6,0.01616000,1009.83840000,0
1709331450000,62490.00000000,62490.00000000,62489.99000000,62489.99000000,0.66862000,1709331450999,41782.06017060,5,0.30568000,19101.94320000,0
1709331451000,62489.99000000,62490.00000000,62489.99000000,62489.99000000,0.00355000,1709331451999,221.83948880,3,0.00243000,151.85070000,0
1709331452000,62490.00000000,62490.00000000,62489.99000000,62489.99000000,0.02187000,1709331452999,1366.65610790,5,0.00266000,166.22340000,0
1709331453000,62490.00000000,62490.00000000,62489.99000000,62490.00000000,0.03079000,1709331453999,1924.06708000,7,0.02879000,1799.08710000,0
1709331454000,62490.00000000,62490.00000000,62489.99000000,62489.99000000,0.07708000,1709331454999,4816.72844240,6,0.00132000,82.48680000,0
1709331455000,62490.00000000,62490.00000000,62489.99000000,62489.99000000,0.00408000,1709331455999,254.95916180,3,0.00026000,16.24740000,0
1709331456000,62490.00000000,62490.00000000,62489.99000000,62489.99000000,0.01477000,1709331456999,922.97723590,6,0.00836000,522.41640000,0
1709331457000,62490.00000000,62490.00000000,62489.99000000,62490.00000000,0.03405000,1709331457999,2127.78448040,7,0.03209000,2005.30410000,0
1709331458000,62490.00000000,62490.00000000,62489.99000000,62490.00000000,0.02220000,1709331458999,1387.27795430,6,0.01763000,1101.69870000,0
1709331459000,62489.99000000,62490.00000000,62489.99000000,62490.00000000,0.03826000,1709331459999,2390.86735400,8,0.03366000,2103.41340000,0
1709331460000,62489.99000000,62490.00000000,62489.99000000,62489.99000000,0.38571000,1709331460999,24103.01413640,11,0.00935000,584.28150000,0
1709331461000,62490.00000000,62490.00000000,62489.99000000,62489.99000000,0.03067000,1709331461999,1916.56803050,5,0.00372000,232.46280000,0
1709331462000,62490.00000000,62490.00000000,62489.99000000,62490.00000000,0.00504000,1709331462999,314.94959770,4,0.00481000,300.57690000,0
1709331463000,62490.00000000,62490.00000000,62489.99000000,62489.99000000,0.00850000,1709331463999,531.16494090,4,0.00259000,161.84910000,0
1709331464000,62489.99000000,62489.99000000,62489.99000000,62489.99000000,0.00040000,1709331464999,24.99599600,1,0.00000000,0.00000000,0
1709331465000,62490.00000000,62490.00000000,62489.99000000,62490.00000000,0.25357000,1709331465999,15845.58680720,8,0.00429000,268.08210000,0
1709331466000,62490.00000000,62490.05000000,62489.99000000,62490.05000000,1.13609000,1709331466999,70994.28862420,40,1.08779000,67976.02210720,0
1709331467000,62491.10000000,62495.27000000,62491.10000000,62495.27000000,0.09998000,1709331467999,6248.14216590,8,0.03601000,2250.32038370,0
1709331468000,62495.27000000,62499.54000000,62495.27000000,62499.54000000,0.40834000,1709331468999,25520.21724250,16,0.37633000,23519.60728720,0
1709331469000,62499.53000000,62499.53000000,62499.53000000,62499.53000000,0.02480000,1709331469999,1549.98834400,3,0.00000000,0.00000000,0
1709331470000,62499.53000000,62499.54000000,62499.53000000,62499.54000000,0.00901000,1709331470999,563.12079520,3,0.00299000,186.87362460,0
1709331471000,62499.53000000,62499.54000000,62499.53000000,62499.54000000,0.03574000,1709331471999,2233.73353950,8,0.03373000,2108.10948420,0
1709331472000,62499.54000000,62499.54000000,62499.53000000,62499.54000000,0.07591000,1709331472999,4744.34002280,8,0.07005000,4378.09277700,0
1709331473000,62499.53000000,62499.53000000,62499.53000000,62499.53000000,0.08222000,1709331473999,5138.71135660,3,0.00000000,0.00000000,0
1709331474000,62499.54000000,62499.54000000,62499.53000000,62499.53000000,0.01735000,1709331474999,1084.36688490,7,0.00394000,246.24818760,0
1709331475000,62499.54000000,62499.54000000,62487.34000000,62487.34000000,1.82575000,1709331475999,114103.45730670,84,0.00748000,467.47801520,0
1709331476000,62487.34000000,62487.34000000,62487.33000000,62487.34000000,0.06087000,1709331476999,3803.60425380,5,0.04767000,2978.77149780,0
1709331477000,62487.33000000,62487.34000000,62487.33000000,62487.34000000,0.17168000,1709331477999,10727.82484390,8,0.00295000,184.33765300,0
1709331478000,62487.34000000,62487.34000000,62481.09000000,62481.10000000,0.67098000,1709331478999,41926.07107490,49,0.03766000,2353.27178920,0
1709331479000,62481.10000000,62481.10000000,62481.09000000,62481.09000000,0.23505000,1709331479999,14686.18082970,27,0.06252000,3906.31837200,0
1709331480000,62481.09000000,62481.10000000,62481.09000000,62481.10000000,0.04379000,1709331480999,2736.04711670,38,0.01856000,1159.64921600,0
1709331481000,62481.10000000,62481.10000000,62481.09000000,62481.09000000,0.39325000,1709331481999,24570.68869430,29,0.00518000,323.65209800,0
1709331482000,62481.09000000,62481.09000000,62481.09000000,62481.09000000,0.06630000,1709331482999,4142.49626700,7,0.00000000,0.00000000,0
1709331483000,62481.10000000,62481.10000000,62481.09000000,62481.10000000,0.00512000,1709331483999,319.90322880,3,0.00480000,299.90928000,0
1709331484000,62481.09000000,62481.09000000,62481.09000000,62481.09000000,0.03350000,1709331484999,2093.11651500,3,0.00000000,0.00000000,0
1709331485000,62481.09000000,62481.10000000,62481.09000000,62481.09000000,0.07051000,1709331485999,4405.54165970,5,0.00038000,23.74281800,0
1709331486000,62481.10000000,62481.10000000,62481.09000000,62481.10000000,0.03279000,1709331486999,2048.75522790,3,0.02868000,1791.95794800,0
1709331487000,62481.10000000,62481.10000000,62481.09000000,62481.10000000,0.00781000,1709331487999,487.97738450,6,0.00716000,447.36467600,0
1709331488000,62481.09000000,62481.09000000,62481.00000000,62481.01000000,0.54199000,1709331488999,33864.11599640,46,0.00839000,524.21567390,0
1709331489000,62481.00000000,62481.01000000,62481.00000000,62481.01000000,0.00623000,1709331489999,389.25667540,6,0.00454000,283.66378540,0
1709331490000,62481.01000000,62481.01000000,62481.00000000,62481.00000000,0.00136000,1709331490999,84.97416590,2,0.00059000,36.86379590,0
1709331491000,62481.00000000,62481.01000000,62481.00000000,62481.01000000,0.30311000,1709331491999,18938.61864110,4,0.27311000,17064.18864110,0
1709331492000,62481.01000000,62481.01000000,62481.00000000,62481.01000000,0.08231000,1709331492999,5142.81165190,7,0.05419000,3385.84593190,0
1709331493000,62481.01000000,62481.01000000,62481.00000000,62481.00000000,0.01753000,1709331493999,1095.29199700,4,0.00670000,418.62276700,0
1709331494000,62481.01000000,62481.01000000,62481.00000000,62481.01000000,0.01250000,1709331494999,781.01259750,3,0.00975000,609.18984750,0
1709331495000,62481.00000000,62481.01000000,62481.00000000,62481.01000000,0.02846000,1709331495999,1778.20944330,8,0.01833000,1145.27691330,0
1709331496000,62481.00000000,62481.01000000,62481.00000000,62481.01000000,0.09990000,1709331496999,6241.85287710,3,0.09771000,6105.01948710,0
1709331497000,62481.00000000,62481.00000000,62476.00000000,62476.00000000,0.69804000,1709331497999,43614.18022460,52,0.00042000,26.23992420,0
1709331498000,62476.01000000,62476.01000000,62476.00000000,62476.00000000,0.06625000,1709331498999,4139.03532520,7,0.03252000,2031.71984520,0
1709331499000,62476.00000000,62476.00000000,62471.50000000,62471.50000000,0.45589000,1709331499999,28481.75473710,51,0.00000000,0.00000000,0
1709331500000,62471.51000000,62471.51000000,62471.50000000,62471.51000000,0.00269000,1709331500999,168.04834400,7,0.00090000,56.22435900,0
1709331501000,62471.50000000,62471.51000000,62471.50000000,62471.51000000,0.34850000,1709331501999,21771.31843960,26,0.06896000,4308.03532960,0
1709331502000,62471.50000000,62471.50000000,62471.50000000,62471.50000000,0.01700000,1709331502999,1062.01550000,1,0.00000000,0.00000000,0
1709331503000,62471.50000000,62471.51000000,62471.50000000,62471.50000000,0.08658000,1709331503999,5408.78251280,8,0.00428000,267.37806280,0
1709331504000,62471.50000000,62471.50000000,62466.71000000,62466.71000000,0.47973000,1709331504999,29968.85132420,52,0.02823000,1763.43550560,0
1709331505000,62466.71000000,62466.72000000,62466.71000000,62466.71000000,0.16422000,1709331505999,10258.28311790,8,0.00017000,10.61934240,0
1709331506000,62466.71000000,62466.71000000,62466.71000000,62466.71000000,0.01705000,1709331506999,1065.05740550,1,0.00000000,0.00000000,0
1709331507000,62466.72000000,62466.72000000,62466.71000000,62466.72000000,0.02795000,1709331507999,1745.94480850,9,0.02640000,1649.12140800,0
1709331508000,62466.72000000,62467.35000000,62466.71000000,62467.35000000,0.52060000,1709331508999,32520.18050550,36,0.51741000,32320.91170060,0
1709331509000,62467.35000000,62471.26000000,62467.35000000,62471.25000000,0.14290000,1709331509999,8926.83052960,16,0.09290000,5803.26811000,0
1709331510000,62471.26000000,62471.26000000,62471.25000000,62471.26000000,0.07915000,1709331510999,4944.60005390,8,0.06164000,3850.72846640,0
1709331511000,62471.26000000,62471.26000000,62471.25000000,62471.26000000,0.09883000,1709331511999,6174.03461910,6,0.09816000,6132.17888160,0
1709331512000,62471.25000000,62471.26000000,62471.24000000,62471.25000000,4.14529000,1709331512999,258961.44656780,38,0.02133000,1332.51189590,0
1709331513000,62471.24000000,62471.25000000,62462.02000000,62462.02000000,3.50730000,1709331513999,219094.87345380,79,0.02435000,1521.17493750,0
1709331514000,62461.11000000,62461.11000000,62451.10000000,62451.10000000,0.42501000,1709331514999,26544.12076260,54,0.00299000,186.73041890,0
1709331515000,62451.11000000,62451.11000000,62451.11000000,62451.11000000,0.00193000,1709331515999,120.53064230,3,0.00193000,120.53064230,0
1709331516000,62451.10000000,62451.11000000,62451.10000000,62451.10000000,0.02691000,1709331516999,1680.55921930,4,0.01183000,738.79663130,0
1709331517000,62451.11000000,62451.11000000,62451.11000000,62451.11000000,0.17340000,1709331517999,10829.02247400,1,0.17340000,10829.02247400,0
1709331518000,62451.11000000,62451.11000000,62446.36000000,62446.36000000,0.03544000,1709331518999,2213.20090870,30,0.00028000,17.48631080,0
1709331519000,62446.37000000,62446.37000000,62441.99000000,62441.99000000,1.76823000,1709331519999,110416.15286150,71,0.03203000,2000.15723110,0
1709331520000,62441.99000000,62442.00000000,62441.99000000,62441.99000000,0.01979000,1709331520999,1235.72701570,5,0.00336000,209.80512000,0
1709331521000,62441.99000000,62442.00000000,62441.99000000,62441.99000000,0.20870000,1709331521999,13031.64331460,7,0.00016000,9.99072000,0
1709331522000,62442.00000000,62442.00000000,62441.99000000,62442.00000000,0.09828000,1709331522999,6136.79961160,6,0.08344000,5210.16048000,0
1709331523000,62441.99000000,62442.00000000,62440.05000000,62440.05000000,0.68289000,1709331523999,42641.00736750,29,0.00262000,163.59804000,0
1709331524000,62440.00000000,62440.01000000,62439.24000000,62439.24000000,0.21960000,1709331524999,13711.69607430,25,0.00291000,181.70042910,0
1709331525000,62439.24000000,62439.25000000,62439.24000000,62439.25000000,0.42598000,1709331525999,26597.86749120,28,0.00360000,224.78130000,0
1709331526000,62439.25000000,62439.25000000,62439.24000000,62439.24000000,1.18257000,1709331526999,73838.77220360,5,0.01568000,979.04744000,0
1709331527000,62439.24000000,62439.25000000,62439.24000000,62439.25000000,0.13057000,1709331527999,8152.69270300,5,0.11362000,7094.34758500,0
1709331528000,62439.24000000,62439.25000000,62439.24000000,62439.25000000,0.15029000,1709331528999,9383.99397350,8,0.05939000,3708.26705750,0
1709331529000,62439.24000000,62439.25000000,62439.24000000,62439.25000000,0.00090000,1709331529999,56.19532380,4,0.00078000,48.70261500,0
1709331530000,62439.24000000,62439.25000000,62439.24000000,62439.24000000,0.07522000,1709331530999,4696.67964450,6,0.00117000,73.05392250,0
1709331531000,62439.25000000,62439.25000000,62439.25000000,62439.25000000,0.01769000,1709331531999,1104.55033250,2,0.01769000,1104.55033250,0
1709331532000,62439.25000000,62439.25000000,62439.24000000,62439.25000000,0.04778000,1709331532999,2983.34723810,11,0.03509000,2190.99328250,0
1709331533000,62439.25000000,62439.25000000,62439.25000000,62439.25000000,0.01538000,1709331533999,960.31566500,2,0.01538000,960.31566500,0
1709331534000,62439.24000000,62439.25000000,62439.24000000,62439.25000000,0.03035000,1709331534999,1895.03123420,3,0.03002000,1874.42628500,0
1709331535000,62439.25000000,62439.25000000,62439.24000000,62439.24000000,0.00565000,1709331535999,352.78172270,3,0.00167000,104.27354750,0
1709331536000,62439.25000000,62450.00000000,62439.25000000,62450.00000000,7.33891000,1709331536999,458252.05942210,63,7.33878000,458243.94092340,0
1709331537000,62450.00000000,62454.00000000,62449.99000000,62453.99000000,0.44818000,1709331537999,27988.86955510,20,0.43028000,26871.01153410,0
1709331538000,62453.99000000,62454.00000000,62453.99000000,62453.99000000,0.06109000,1709331538999,3815.31425840,9,0.00093000,58.08222000,0
1709331539000,62453.99000000,62454.00000000,62453.99000000,62454.00000000,0.32471000,1709331539999,20279.43623380,39,0.11409000,7125.37686000,0
1709331540000,62454.00000000,62457.74000000,62453.99000000,62457.74000000,0.60043000,1709331540999,37499.79822070,57,0.53435000,33372.63880810,0
1709331541000,62457.74000000,62457.74000000,62457.73000000,62457.74000000,0.00862000,1709331541999,538.38571230,9,0.00797000,497.78818780,0
1709331542000,62457.73000000,62457.74000000,62457.73000000,62457.73000000,0.00785000,1709331542999,490.29318230,3,0.00018000,11.24239320,0
1709331543000,62457.73000000,62457.74000000,62457.73000000,62457.73000000,0.01711000,1709331543999,1068.65176230,4,0.00020000,12.49154800,0
1709331544000,62457.73000000,62457.73000000,62457.73000000,62457.73000000,0.00000000,1709331544999,0.00000000,0,0.00000000,0.00000000,0
1709331545000,62457.73000000,62457.74000000,62457.73000000,62457.74000000,0.05086000,1709331545999,3176.60059610,5,0.04483000,2799.98048420,0
1709331546000,62457.73000000,62457.74000000,62457.73000000,62457.74000000,0.01128000,1709331546999,704.52329060,5,0.00962000,600.84345880,0
1709331547000,62457.73000000,62457.73000000,62457.73000000,62457.73000000,0.00737000,1709331547999,460.31347010,2,0.00000000,0.00000000,0
1709331548000,62457.73000000,62457.74000000,62455.28000000,62455.28000000,1.35856000,1709331548999,84852.32224110,34,0.00814000,508.38721210,0
1709331549000,62455.29000000,62455.29000000,62455.28000000,62455.28000000,0.33383000,1709331549999,20849.44620320,5,0.00808000,504.63874320,0
1709331550000,62455.28000000,62455.28000000,62452.11000000,62452.11000000,0.72816000,1709331550999,45477.34878380,50,0.00480000,299.77012800,0
1709331551000,62452.10000000,62452.10000000,62443.19000000,62443.20000000,1.32406000,1709331551999,82686.04418060,80,0.06457000,4032.20761400,0
1709331552000,62443.19000000,62443.20000000,62443.19000000,62443.20000000,0.06099000,1709331552999,3808.41017130,3,0.00132000,82.42502400,0
1709331553000,62443.19000000,62443.20000000,62440.65000000,62440.65000000,0.74747000,1709331553999,46674.40069800,39,0.03605000,2251.07736000,0
1709331554000,62440.65000000,62440.65000000,62440.65000000,62440.65000000,0.76400000,1709331554999,47704.65660000,31,0.00000000,0.00000000,0
1709331555000,62440.66000000,62443.20000000,62440.66000000,62443.20000000,1.98943000,1709331555999,124223.16353640,31,1.44999000,90538.80912280,0
1709331556000,62443.20000000,62443.20000000,62443.19000000,62443.20000000,0.07455000,1709331556999,4655.13992500,5,0.01105000,689.99736000,0
1709331557000,62443.20000000,62447.70000000,62443.20000000,62447.70000000,0.77091000,1709331557999,48140.62113070,34,0.73887000,46139.79714310,0
1709331558000,62447.69000000,62447.70000000,62447.69000000,62447.70000000,0.36655000,1709331558999,22890.20109170,8,0.03222000,2012.06489400,0
1709331559000,62447.70000000,62447.70000000,62447.69000000,62447.70000000,0.04046000,1709331559999,2526.63392860,3,0.03912000,2442.95402400,0
1709331560000,62447.69000000,62447.70000000,62447.69000000,62447.70000000,0.29754000,1709331560999,18580.68768260,4,0.20000000,12489.54000000,0
1709331561000,62447.69000000,62447.70000000,62447.69000000,62447.70000000,0.00707000,1709331561999,441.50518430,4,0.00160000,99.91632000,0
1709331562000,62447.69000000,62447.70000000,62447.69000000,62447.69000000,0.79827000,1709331562999,49850.11749830,32,0.00020000,12.48954000,0
1709331563000,62447.69000000,62447.69000000,62447.69000000,62447.69000000,0.00766000,1709331563999,478.34930540,3,0.00000000,0.00000000,0
1709331564000,62447.69000000,62447.70000000,62447.69000000,62447.69000000,0.73650000,1709331564999,45992.72384050,23,0.01555000,971.06173500,0
1709331565000,62447.70000000,62447.70000000,62447.69000000,62447.70000000,0.05885000,1709331565999,3675.04714100,5,0.05845000,3650.06806500,0
1709331566000,62447.69000000,62447.69000000,62447.69000000,62447.69000000,0.33983000,1709331566999,21221.59849270,10,0.00000000,0.00000000,0
1709331567000,62447.69000000,62447.69000000,62441.76000000,62441.76000000,1.12777000,1709331567999,70423.87727660,78,0.05154000,3218.49261000,0
1709331568000,62441.45000000,62441.46000000,62441.45000000,62441.45000000,0.12642000,1709331568999,7893.84874960,6,0.06406000,3999.99992760,0
1709331569000,62441.45000000,62441.45000000,62439.25000000,62439.25000000,1.13798000,1709331569999,71055.53036950,35,0.00000000,0.00000000,0
1709331570000,62439.25000000,62439.26000000,62439.25000000,62439.26000000,0.02971000,1709331570999,1855.07025820,4,0.01407000,878.52038820,0
1709331571000,62439.25000000,62439.25000000,62439.24000000,62439.24000000,0.59064000,1709331571999,36879.11452690,46,0.00000000,0.00000000,0
1709331572000,62439.24000000,62439.24000000,62439.23000000,62439.23000000,0.15456000,1709331572999,9650.60831030,22,0.00000000,0.00000000,0
1709331573000,62439.23000000,62439.24000000,62439.23000000,62439.24000000,0.53234000,1709331573999,33238.89991090,13,0.02127000,1328.08263480,0
1709331574000,62439.23000000,62439.23000000,62439.23000000,62439.23000000,0.06280000,1709331574999,3921.18364400,2,0.00000000,0.00000000,0
1709331575000,62439.24000000,62439.24000000,62439.23000000,62439.23000000,0.78282000,1709331575999,48878.67835000,36,0.03214000,2006.79717360,0
1709331576000,62439.23000000,62439.24000000,62439.23000000,62439.24000000,0.00106000,1709331576999,66.18558490,2,0.00011000,6.86831640,0
1709331577000,62439.23000000,62439.24000000,62439.23000000,62439.24000000,0.03316000,1709331577999,2070.48509650,6,0.02297000,1434.22934280,0
1709331578000,62439.23000000,62439.24000000,62439.23000000,62439.23000000,0.78964000,1709331578999,49304.51390530,39,0.03281000,2048.63146440,0
1709331579000,62439.24000000,62439.24000000,62439.23000000,62439.24000000,0.37683000,1709331579999,23528.97517450,27,0.01336000,834.18824640,0
1709331580000,62439.23000000,62439.24000000,62439.23000000,62439.24000000,0.48745000,1709331580999,30436.00279370,24,0.01302000,812.95890480,0
1709331581000,62439.23000000,62439.23000000,62439.23000000,62439.23000000,0.00199000,1709331581999,124.25406770,3,0.00000000,0.00000000,0
1709331582000,62439.23000000,62439.24000000,62439.23000000,62439.24000000,0.34604000,1709331582999,21606.47125360,8,0.01044000,651.86566560,0
1709331583000,62439.23000000,62439.24000000,62439.23000000,62439.24000000,0.00548000,1709331583999,342.16702570,5,0.00453000,282.84975720,0
1709331584000,62439.23000000,62439.24000000,62439.23000000,62439.23000000,0.43203000,1709331584999,26975.62059110,20,0.00542000,338.42068080,0
1709331585000,62439.24000000,62439.24000000,62439.23000000,62439.24000000,0.06941000,1709331585999,4333.90706770,9,0.01134000,708.06098160,0
1709331586000,62439.23000000,62439.24000000,62439.23000000,62439.24000000,0.45473000,1709331586999,28392.99524420,11,0.41863000,26138.93904120,0
1709331587000,62439.23000000,62439.23000000,62439.23000000,62439.23000000,0.13099000,1709331587999,8178.91473770,4,0.00000000,0.00000000,0
1709331588000,62439.23000000,62439.24000000,62439.23000000,62439.23000000,0.06531000,1709331588999,4077.90631020,40,0.01989000,1241.91648360,0
1709331589000,62439.23000000,62439.24000000,62439.23000000,62439.23000000,0.46989000,1709331589999,29339.56979330,27,0.00086000,53.69774640,0
1709331590000,62439.24000000,62439.24000000,62439.23000000,62439.24000000,0.35821000,1709331590999,22366.35692890,11,0.03506000,2189.11975440,0
1709331591000,62439.24000000,62439.24000000,62439.23000000,62439.23000000,0.01574000,1709331591999,982.79348120,4,0.00010000,6.24392400,0
1709331592000,62439.24000000,62439.24000000,62439.23000000,62439.24000000,0.06683000,1709331592999,4172.81391370,11,0.01728000,1078.95006720,0
1709331593000,62439.23000000,62439.24000000,62439.23000000,62439.23000000,0.33532000,1709331593999,20937.12262940,10,0.00258000,161.09323920,0
1709331594000,62439.23000000,62439.24000000,62439.23000000,62439.23000000,0.12247000,1709331594999,7646.93255590,9,0.00578000,360.89880720,0
1709331595000,62439.23000000,62439.24000000,62439.23000000,62439.24000000,1.24571000,1709331595999,77781.17552520,13,0.23219000,14497.76713560,0
1709331596000,62439.23000000,62439.24000000,62439.23000000,62439.23000000,0.40529000,1709331596999,25305.99619390,12,0.06672000,4165.94609280,0
1709331597000,62439.23000000,62439.24000000,62439.23000000,62439.24000000,0.01104000,1709331597999,689.32913960,7,0.00404000,252.25452960,0
1709331598000,62439.23000000,62439.24000000,62439.23000000,62439.24000000,1.38289000,1709331598999,86346.58677670,24,0.00020000,12.48784800,0
1709331599000,62439.24000000,62439.24000000,62439.23000000,62439.23000000,0.63007000,1709331599999,39341.09011850,38,0.44724000,27925.32569760,0
1709331600000,62439.24000000,62439.24000000,62439.23000000,62439.23000000,0.93291000,1709331600999,58250.18216400,42,0.01047000,653.73884280,0
1709331601000,62439.24000000,62439.24000000,62439.23000000,62439.23000000,0.36962000,1709331601999,23078.78819590,11,0.00033000,20.60494920,0
1709331602000,62439.24000000,62439.24000000,62439.23000000,62439.23000000,0.04377000,1709331602999,2732.96528080,10,0.01837000,1147.00883880,0
1709331603000,62439.23000000,62439.24000000,62439.23000000,62439.23000000,0.82040000,1709331603999,51225.14437910,22,0.00871000,543.84578040,0
1709331604000,62439.23000000,62439.24000000,62439.23000000,62439.23000000,0.01786000,1709331604999,1115.16464970,5,0.00019000,11.86345560,0
1709331605000,62439.23000000,62439.24000000,62439.23000000,62439.23000000,0.39108000,1709331605999,24418.73408840,12,0.00200000,124.87848000,0
1709331606000,62439.23000000,62439.24000000,62439.23000000,62439.23000000,0.47276000,1709331606999,29518.77040110,12,0.00263000,164.21520120,0
1709331607000,62439.23000000,62439.24000000,62439.23000000,62439.23000000,0.63903000,1709331607999,39900.54115750,24,0.00106000,66.18559440,0
1709331608000,62439.23000000,62439.23000000,62439.23000000,62439.23000000,0.38047000,1709331608999,23756.25383810,32,0.00000000,0.00000000,0
1709331609000,62439.23000000,62439.24000000,62439.23000000,62439.23000000,0.77639000,1709331609999,48477.19380450,40,0.00248000,154.84931520,0
1709331610000,62439.23000000,62439.23000000,62439.23000000,62439.23000000,0.00000000,1709331610999,0.00000000,0,0.00000000,0.00000000,0
1709331611000,62439.23000000,62439.24000000,62439.23000000,62439.23000000,0.31452000,1709331611999,19638.38662240,5,0.00028000,17.48298720,0
1709331612000,62439.23000000,62439.24000000,62439.23000000,62439.23000000,0.34653000,1709331612999,21637.06639160,13,0.00197000,123.00530280,0
1709331613000,62439.23000000,62439.23000000,62439.18000000,62439.18000000,1.05950000,1709331613999,66154.36150030,36,0.00918000,573.19176420,0
1709331614000,62439.18000000,62439.18000000,62438.54000000,62438.54000000,1.01521000,1709331614999,63388.85926790,48,0.00000000,0.00000000,0
1709331615000,62438.55000000,62438.55000000,62438.54000000,62438.54000000,0.00178000,1709331615999,111.14061720,2,0.00160000,99.90168000,0
1709331616000,62438.55000000,62438.55000000,62436.28000000,62436.28000000,0.93177000,1709331616999,58177.23260350,35,0.00259000,161.71360710,0
1709331617000,62436.28000000,62436.29000000,62436.28000000,62436.28000000,0.02575000,1709331617999,1607.73425110,8,0.00411000,256.61315190,0
1709331618000,62436.29000000,62436.29000000,62436.28000000,62436.29000000,0.00082000,1709331618999,51.19775660,3,0.00070000,43.70540300,0
1709331619000,62436.29000000,62446.00000000,62436.29000000,62446.00000000,4.69745000,1709331619999,293304.30306980,70,4.50651000,281381.51818060,0
1709331620000,62446.00000000,62449.53000000,62446.00000000,62449.52000000,0.43870000,1709331620999,27395.27321220,20,0.40195000,25100.35788780,0
1709331621000,62449.53000000,62449.53000000,62449.53000000,62449.53000000,0.04543000,1709331621999,2837.08214790,3,0.04543000,2837.08214790,0
1709331622000,62449.52000000,62449.53000000,62449.52000000,62449.52000000,0.19611000,1709331622999,12246.97704720,9,0.16800000,10491.52104000,0
1709331623000,62449.52000000,62449.53000000,62449.52000000,62449.52000000,0.02749000,1709331623999,1716.73733910,10,0.00343000,214.20188790,0
1709331624000,62449.52000000,62449.53000000,62449.52000000,62449.52000000,0.02777000,1709331624999,1734.22317580,3,0.00054000,33.72274620,0
1709331625000,62449.53000000,62449.53000000,62449.52000000,62449.52000000,0.18557000,1709331625999,11588.75746470,5,0.00383000,239.18169990,0
1709331626000,62449.52000000,62449.52000000,62428.08000000,62428.08000000,11.02002000,1709331626999,688145.60828800,149,0.06538000,4081.67532760,0
1709331627000,62428.08000000,62428.08000000,62427.09000000,62427.09000000,0.01847000,1709331627999,1153.02934230,7,0.00000000,0.00000000,0
1709331628000,62427.09000000,62427.10000000,62427.09000000,62427.10000000,0.45510000,1709331628999,28410.56867970,28,0.00207000,129.22409700,0
1709331629000,62427.10000000,62427.10000000,62427.09000000,62427.09000000,0.06154000,1709331629999,3841.76352310,7,0.04045000,2525.17619500,0
1709331630000,62427.09000000,62427.10000000,62427.09000000,62427.09000000,0.01520000,1709331630999,948.89182540,7,0.00574000,358.33155400,0
1709331631000,62427.09000000,62427.10000000,62427.09000000,62427.09000000,0.33060000,1709331631999,20638.39595640,7,0.00024000,14.98250400,0
1709331632000,62427.10000000,62427.10000000,62427.09000000,62427.09000000,0.21577000,1709331632999,13469.89323760,17,0.00283000,176.66869300,0
1709331633000,62427.09000000,62427.09000000,62427.09000000,62427.09000000,0.38774000,1709331633999,24205.47987660,17,0.00000000,0.00000000,0
1709331634000,62427.09000000,62427.10000000,62427.09000000,62427.09000000,0.36672000,1709331634999,22893.26244640,13,0.00016000,9.98833600,0
1709331635000,62427.09000000,62427.10000000,62427.09000000,62427.09000000,0.06535000,1709331635999,4079.61035440,7,0.00229000,142.95805900,0
1709331636000,62427.09000000,62427.09000000,62427.09000000,62427.09000000,0.37569000,1709331636999,23453.23344210,10,0.00000000,0.00000000,0
1709331637000,62427.09000000,62427.09000000,62427.02000000,62427.02000000,0.80232000,1709331637999,50086.45815000,37,0.00886000,553.10348580,0
1709331638000,62427.03000000,62427.03000000,62427.02000000,62427.02000000,0.92577000,1709331638999,57793.06816460,12,0.58592000,36577.24541760,0
1709331639000,62427.03000000,62427.03000000,62420.00000000,62420.01000000,3.37652000,1709331639999,210777.64147060,123,0.35069000,21890.07520230,0
1709331640000,62420.01000000,62420.01000000,62420.01000000,62420.01000000,0.45687000,1709331640999,28517.82996870,32,0.45687000,28517.82996870,0
1709331641000,62420.01000000,62420.01000000,62420.00000000,62420.01000000,0.03258000,1709331641999,2033.64384640,10,0.02464000,1538.02904640,0
1709331642000,62420.01000000,62420.01000000,62420.00000000,62420.01000000,0.00854000,1709331642999,533.06682920,8,0.00292000,182.26642920,0
1709331643000,62420.01000000,62420.01000000,62420.00000000,62420.01000000,0.08332000,1709331643999,5200.83509480,8,0.06948000,4336.94229480,0
1709331644000,62420.00000000,62420.01000000,62420.00000000,62420.01000000,0.03508000,1709331644999,2189.69376660,7,0.01666000,1039.91736660,0
1709331645000,62420.00000000,62420.01000000,62420.00000000,62420.00000000,0.00884000,1709331645999,551.79280340,3,0.00034000,21.22280340,0
1709331646000,62420.00000000,62420.01000000,62420.00000000,62420.01000000,0.04056000,1709331646999,2531.75536940,10,0.01694000,1057.39496940,0
1709331647000,62420.01000000,62420.01000000,62420.00000000,62420.01000000,0.06329000,1709331647999,3950.56203890,8,0.02389000,1491.21403890,0
1709331648000,62420.00000000,62420.01000000,62420.00000000,62420.01000000,0.49736000,1709331648999,31045.21122240,4,0.00224000,139.82082240,0
1709331649000,62420.00000000,62420.01000000,62420.00000000,62420.00000000,0.04406000,1709331649999,2750.22520240,5,0.00024000,14.98080240,0
1709331650000,62420.00000000,62420.01000000,62420.00000000,62420.01000000,0.34029000,1709331650999,21240.90488040,9,0.30804000,19227.85988040,0
1709331651000,62420.01000000,62420.01000000,62420.00000000,62420.01000000,1.34754000,1709331651999,84113.44700980,17,0.02098000,1309.57180980,0
1709331652000,62420.00000000,62420.01000000,62420.00000000,62420.01000000,0.00242000,1709331652999,151.05640660,3,0.00066000,41.19720660,0
1709331653000,62420.00000000,62422.55000000,62420.00000000,62422.55000000,0.55091000,1709331653999,34387.81792480,21,0.54494000,34015.16603680,0
1709331654000,62422.55000000,62422.56000000,62422.55000000,62422.56000000,0.20264000,1709331654999,12649.30572960,8,0.01976000,1233.46978560,0
1709331655000,62422.55000000,62422.56000000,62422.55000000,62422.56000000,0.01210000,1709331655999,755.31295410,5,0.00991000,618.60756960,0
1709331656000,62422.55000000,62422.56000000,62422.55000000,62422.56000000,0.38008000,1709331656999,23725.56461320,10,0.18092000,11293.48955520,0
1709331657000,62422.55000000,62422.56000000,62422.55000000,62422.56000000,0.03497000,1709331657999,2182.91673500,9,0.01615000,1008.12434400,0
1709331658000,62422.55000000,62422.56000000,62422.55000000,62422.56000000,0.01499000,1709331658999,935.71409720,2,0.00727000,453.81201120,0
1709331659000,62422.56000000,62426.45000000,62422.56000000,62426.44000000,3.28775000,1709331659999,205234.94776480,69,2.91638000,182051.64074200,0
1709331660000,62426.45000000,62430.49000000,62426.44000000,62430.49000000,0.40862000,1709331660999,25509.49224860,50,0.39475000,24643.63752580,0
1709331661000,62430.86000000,62430.86000000,62430.86000000,62430.86000000,0.03392000,1709331661999,2117.65477120,4,0.03392000,2117.65477120,0
1709331662000,62430.85000000,62430.85000000,62430.85000000,62430.85000000,0.00111000,1709331662999,69.29824350,2,0.00000000,0.00000000,0
1709331663000,62430.85000000,62430.86000000,62430.85000000,62430.85000000,0.00316000,1709331663999,197.28149190,3,0.00059000,36.83420740,0
1709331664000,62430.86000000,62430.86000000,62426.47000000,62426.48000000,1.06204000,1709331664999,66302.28232740,35,0.06427000,4012.15070180,0
1709331665000,62426.47000000,62426.48000000,62426.47000000,62426.47000000,0.28313000,1709331665999,17674.80650100,21,0.00499000,311.50813520,0
1709331666000,62426.47000000,62426.48000000,62426.47000000,62426.47000000,0.06272000,1709331666999,3915.38822080,6,0.00224000,139.83531520,0
1709331667000,62426.48000000,62426.48000000,62426.47000000,62426.48000000,0.70687000,1709331667999,44127.39949270,8,0.06438000,4019.01678240,0
1709331668000,62426.48000000,62426.48000000,62426.47000000,62426.47000000,0.12366000,1709331668999,7719.65745660,12,0.01764000,1101.20310720,0
1709331669000,62426.48000000,62426.48000000,62426.47000000,62426.47000000,0.43779000,1709331669999,27329.68545870,8,0.11574000,7225.24079520,0
1709331670000,62426.47000000,62426.48000000,62426.47000000,62426.48000000,0.69053000,1709331670999,43107.35548450,14,0.51554000,32183.34749920,0
1709331671000,62426.47000000,62426.47000000,62426.47000000,62426.47000000,0.03563000,1709331671999,2224.25512610,5,0.00000000,0.00000000,0
1709331672000,62426.47000000,62426.48000000,62426.47000000,62426.47000000,0.01941000,1709331672999,1211.69791210,9,0.01294000,807.79865120,0
1709331673000,62426.48000000,62426.48000000,62426.47000000,62426.47000000,0.00261000,1709331673999,162.93310660,3,0.00199000,124.22869520,0
1709331674000,62426.47000000,62426.48000000,62426.47000000,62426.47000000,0.04379000,1709331674999,2733.65514180,5,0.00205000,127.97428400,0
1709331675000,62426.48000000,62426.48000000,62426.47000000,62426.47000000,0.10776000,1709331675999,6727.07642020,4,0.00130000,81.15442400,0
1709331676000,62426.47000000,62426.48000000,62426.47000000,62426.48000000,0.42475000,1709331676999,26515.64737170,4,0.42392000,26463.83340160,0
1709331677000,62426.48000000,62426.48000000,62426.47000000,62426.48000000,0.06937000,1709331677999,4330.52423030,3,0.00064000,39.95294720,0
1709331678000,62426.47000000,62426.48000000,62426.47000000,62426.48000000,0.00324000,1709331678999,202.26178250,2,0.00197000,122.98016560,0
1709331679000,62426.48000000,62426.48000000,62426.47000000,62426.47000000,0.22870000,1709331679999,14276.93370880,13,0.00198000,123.60443040,0
1709331680000,62426.48000000,62426.48000000,62426.47000000,62426.48000000,0.50398000,1709331680999,31461.69738150,12,0.50309000,31406.13782320,0
1709331681000,62426.48000000,62426.48000000,62426.47000000,62426.47000000,0.56618000,1709331681999,35344.62440510,10,0.56205000,35086.80308400,0
1709331682000,62426.48000000,62429.48000000,62426.48000000,62429.48000000,0.47283000,1709331682999,29517.25011360,45,0.43061000,26881.47746800,0
1709331683000,62429.49000000,62429.49000000,62429.48000000,62429.48000000,0.00565000,1709331683999,352.72658300,4,0.00210000,131.10192900,0
1709331684000,62429.48000000,62429.49000000,62429.48000000,62429.48000000,0.03730000,1709331684999,2328.61967630,7,0.00723000,451.36521270,0
1709331685000,62429.48000000,62429.49000000,62429.48000000,62429.48000000,0.06344000,1709331685999,3960.52622120,6,0.00100000,62.42949000,0
1709331686000,62429.48000000,62429.49000000,62429.48000000,62429.48000000,0.38251000,1709331686999,23879.90079730,6,0.04025000,2512.78697250,0
1709331687000,62429.48000000,62429.49000000,62429.48000000,62429.49000000,0.20616000,1709331687999,12870.46161430,7,0.00175000,109.25160750,0
1709331688000,62429.49000000,62429.49000000,62429.49000000,62429.49000000,0.00440000,1709331688999,274.68975600,5,0.00440000,274.68975600,0
1709331689000,62429.48000000,62429.49000000,62429.48000000,62429.49000000,0.32361000,1709331689999,20202.80403370,4,0.00109000,68.04814410,0
1709331690000,62429.49000000,62429.49000000,62429.48000000,62429.49000000,0.50169000,1709331690999,31320.25082870,7,0.50075000,31261.56711750,0
1709331691000,62429.48000000,62429.48000000,62429.48000000,62429.48000000,0.01271000,1709331691999,793.47869080,2,0.00000000,0.00000000,0
1709331692000,62429.48000000,62429.49000000,62429.48000000,62429.48000000,0.00555000,1709331692999,346.48362460,5,0.00106000,66.17525940,0
1709331693000,62429.49000000,62441.89000000,62429.49000000,62441.89000000,1.27928000,1709331693999,79869.03056680,107,1.27928000,79869.03056680,0
1709331694000,62441.89000000,62441.89000000,62441.88000000,62441.88000000,0.02968000,1709331694999,1853.27506060,5,0.00622000,388.38855580,0
1709331695000,62441.88000000,62441.88000000,62441.88000000,62441.88000000,0.00971000,1709331695999,606.31065480,2,0.00000000,0.00000000,0
1709331696000,62441.88000000,62441.89000000,62441.88000000,62441.88000000,0.03256000,1709331696999,2033.10786300,4,0.02502000,1562.29608780,0
1709331697000,62441.88000000,62441.89000000,62441.88000000,62441.89000000,0.09819000,1709331697999,6131.16820520,5,0.00080000,49.95351200,0
1709331698000,62441.89000000,62441.89000000,62441.89000000,62441.89000000,0.02743000,1709331698999,1712.78104270,2,0.02743000,1712.78104270,0
1709331699000,62441.89000000,62441.89000000,62441.88000000,62441.88000000,0.07749000,1709331699999,4838.62179250,4,0.05113000,3192.65383570,0
1709331700000,62441.88000000,62441.89000000,62441.88000000,62441.88000000,0.50324000,1709331700999,31423.25669120,7,0.50000000,31220.94500000,0
1709331701000,62441.88000000,62443.99000000,62441.88000000,62443.99000000,0.70423000,1709331701999,43973.53971490,19,0.70121000,43784.96165030,0
1709331702000,62444.00000000,62446.54000000,62444.00000000,62446.54000000,0.33212000,1709331702999,20739.17354920,11,0.33145000,20697.33436740,0
1709331703000,62446.55000000,62446.55000000,62446.55000000,62446.55000000,0.07087000,1709331703999,4425.58699850,1,0.07087000,4425.58699850,0
1709331704000,62446.54000000,62446.54000000,62446.54000000,62446.54000000,0.02898000,1709331704999,1809.70072920,3,0.00000000,0.00000000,0
1709331705000,62446.55000000,62446.55000000,62446.54000000,62446.55000000,0.00374000,1709331705999,233.55008100,3,0.00214000,133.63561700,0
1709331706000,62446.54000000,62446.55000000,62446.54000000,62446.54000000,0.18862000,1709331706999,11778.66638930,3,0.00145000,90.54749750,0
1709331707000,62446.55000000,62449.38000000,62446.55000000,62449.37000000,0.22835000,1709331707999,14259.88609410,16,0.21810000,13619.78026500,0
1709331708000,62449.38000000,62449.38000000,62449.37000000,62449.37000000,0.03374000,1709331708999,2107.04181380,2,0.00700000,437.14566000,0
1709331709000,62449.37000000,62449.37000000,62449.37000000,62449.37000000,0.05601000,1709331709999,3497.78921370,4,0.00000000,0.00000000,0
1709331710000,62449.37000000,62449.38000000,62449.37000000,62449.38000000,0.55660000,1709331710999,34759.32467790,8,0.53359000,33322.36467420,0
1709331711000,62449.38000000,62449.38000000,62449.37000000,62449.37000000,0.12632000,1709331711999,7888.60505350,9,0.06351000,3966.16012380,0
1709331712000,62449.37000000,62449.38000000,62449.37000000,62449.38000000,0.12404000,1709331712999,7746.22043730,12,0.05825000,3637.67638500,0
1709331713000,62449.37000000,62449.38000000,62449.37000000,62449.38000000,0.01304000,1709331713999,814.33980080,3,0.00160000,99.91900800,0
1709331714000,62449.38000000,62449.38000000,62449.37000000,62449.37000000,0.02116000,1709331714999,1321.42871000,3,0.00408000,254.79347040,0
1709331715000,62449.37000000,62449.37000000,62449.37000000,62449.37000000,0.17177000,1709331715999,10726.92828490,5,0.00000000,0.00000000,0
1709331716000,62449.38000000,62449.38000000,62449.38000000,62449.38000000,0.00072000,1709331716999,44.96355360,1,0.00072000,44.96355360,0
1709331717000,62449.38000000,62449.38000000,62449.37000000,62449.37000000,0.32789000,1709331717999,20476.52393510,8,0.00058000,36.22064040,0
1709331718000,62449.38000000,62449.38000000,62449.38000000,62449.38000000,0.01053000,1709331718999,657.59197140,3,0.01053000,657.59197140,0
1709331719000,62449.37000000,62449.38000000,62449.37000000,62449.38000000,0.04535000,1709331719999,2832.07917410,38,0.02446000,1527.51183480,0
1709331720000,62449.37000000,62449.38000000,62449.37000000,62449.37000000,0.03324000,1709331720999,2075.81718880,33,0.01300000,811.84194000,0
1709331721000,62449.38000000,62449.38000000,62449.37000000,62449.37000000,0.38021000,1709331721999,23743.87530180,6,0.03341000,2086.43378580,0
1709331722000,62449.38000000,62449.38000000,62449.37000000,62449.37000000,0.04649000,1709331722999,2903.27147620,4,0.02649000,1654.28407620,0
1709331723000,62449.37000000,62449.38000000,62449.37000000,62449.37000000,0.01945000,1709331723999,1214.64039620,3,0.01497000,934.86721860,0
1709331724000,62449.37000000,62449.37000000,62449.37000000,62449.37000000,0.00635000,1709331724999,396.55349950,1,0.00000000,0.00000000,0
1709331725000,62449.38000000,62449.38000000,62449.37000000,62449.38000000,0.41598000,1709331725999,25977.68950080,17,0.05682000,3548.37377160,0
1709331726000,62449.38000000,62449.38000000,62449.37000000,62449.37000000,0.00676000,1709331726999,422.15779380,7,0.00526000,328.48373880,0
1709331727000,62449.37000000,62449.38000000,62449.37000000,62449.37000000,0.37791000,1709331727999,23600.24142740,7,0.00107000,66.82083660,0
1709331728000,62449.37000000,62449.38000000,62449.37000000,62449.37000000,0.07018000,1709331728999,4382.69694850,6,0.01619000,1011.05546220,0
1709331729000,62449.38000000,62464.39000000,62449.37000000,62464.39000000,5.16574000,1709331729999,322637.47010700,114,5.13588000,320772.55629370,0
1709331730000,62464.39000000,62464.40000000,62464.39000000,62464.39000000,0.16993000,1709331730999,10614.57491330,5,0.11206000,6999.76066400,0
1709331731000,62464.40000000,62471.51000000,62464.40000000,62471.51000000,0.18224000,1709331731999,11384.49820970,19,0.18185000,11360.13578720,0
1709331732000,62475.17000000,62484.00000000,62475.16000000,62484.00000000,0.46170000,1709331732999,28847.02782960,26,0.38797000,24240.55457140,0
1709331733000,62483.99000000,62484.00000000,62483.99000000,62483.99000000,0.20738000,1709331733999,12957.93150870,11,0.16625000,10387.96500000,0
1709331734000,62483.99000000,62483.99000000,62483.99000000,62483.99000000,0.10632000,1709331734999,6643.29781680,1,0.00000000,0.00000000,0
1709331735000,62484.00000000,62484.00000000,62483.99000000,62484.00000000,0.03429000,1709331735999,2142.57611320,7,0.00961000,600.47124000,0
1709331736000,62483.99000000,62483.99000000,62483.99000000,62483.99000000,0.01329000,1709331736999,830.41222710,4,0.00000000,0.00000000,0
1709331737000,62484.00000000,62484.00000000,62484.00000000,62484.00000000,0.01309000,1709331737999,817.91556000,3,0.01309000,817.91556000,0
1709331738000,62483.99000000,62484.00000000,62483.99000000,62483.99000000,0.25438000,1709331738999,15894.67974240,6,0.23662000,14784.96408000,0
1709331739000,62484.00000000,62484.00000000,62483.99000000,62484.00000000,0.00300000,1709331739999,187.45197790,6,0.00079000,49.36236000,0
1709331740000,62484.00000000,62488.29000000,62484.00000000,62488.28000000,0.61490000,1709331740999,38422.27835900,114,0.41386000,25859.63454780,0
1709331741000,62488.28000000,62488.29000000,62488.28000000,62488.28000000,0.10928000,1709331741999,6828.71956340,43,0.03250000,2030.86942500,0
1709331742000,62488.29000000,62488.29000000,62488.28000000,62488.29000000,0.50659000,1709331742999,31655.94281280,12,0.50476000,31541.58926040,0
1709331743000,62488.28000000,62488.29000000,62488.28000000,62488.28000000,0.11112000,1709331743999,6943.69830300,7,0.06294000,3933.01297260,0
1709331744000,62488.28000000,62488.29000000,62488.28000000,62488.29000000,0.03340000,1709331744999,2087.10883700,2,0.02850000,1780.91626500,0
1709331745000,62488.28000000,62488.29000000,62488.28000000,62488.28000000,0.02030000,1709331745999,1268.51210020,3,0.00162000,101.23102980,0
1709331746000,62488.28000000,62493.78000000,62488.28000000,62493.78000000,1.70660000,1709331746999,106642.79093230,21,1.44358000,90207.12352670,0
1709331747000,62495.99000000,62496.00000000,62495.99000000,62496.00000000,0.00970000,1709331747999,606.21110410,2,0.00011000,6.87456000,0
1709331748000,62495.99000000,62496.00000000,62495.99000000,62495.99000000,0.00435000,1709331748999,271.85758350,5,0.00270000,168.73920000,0
1709331749000,62495.99000000,62495.99000000,62495.99000000,62495.99000000,0.00378000,1709331749999,236.23484220,3,0.00000000,0.00000000,0
1709331750000,62495.99000000,62495.99000000,62495.99000000,62495.99000000,0.00041000,1709331750999,25.62335590,1,0.00000000,0.00000000,0
1709331751000,62495.99000000,62496.00000000,62495.99000000,62495.99000000,0.02722000,1709331751999,1701.14093130,5,0.00835000,521.84160000,0
1709331752000,62496.00000000,62496.00000000,62495.99000000,62495.99000000,0.50105000,1709331752999,31313.62078950,5,0.50000000,31248.00000000,0
1709331753000,62495.99000000,62495.99000000,62495.99000000,62495.99000000,0.79949000,1709331753999,49964.91904510,11,0.00000000,0.00000000,0
1709331754000,62496.00000000,62504.56000000,62495.99000000,62504.55000000,9.73058000,1709331754999,608153.74423230,63,9.58227000,598884.95436820,0
1709331755000,62504.55000000,62504.56000000,62504.55000000,62504.55000000,0.06351000,1709331755999,3969.66411240,6,0.01419000,886.93970640,0
1709331756000,62504.56000000,62504.56000000,62504.55000000,62504.55000000,0.03990000,1709331756999,2493.93159510,5,0.00501000,313.14784560,0
1709331757000,62504.56000000,62504.56000000,62504.55000000,62504.55000000,0.04881000,1709331757999,3050.84736420,9,0.02787000,1742.00208720,0
1709331758000,62504.55000000,62504.55000000,62504.55000000,62504.55000000,0.00000000,1709331758999,0.00000000,0,0.00000000,0.00000000,0
1709331759000,62504.56000000,62504.56000000,62504.55000000,62504.55000000,0.10408000,1709331759999,6505.47359490,7,0.00309000,193.13909040,0
1709331760000,62504.56000000,62504.56000000,62504.55000000,62504.55000000,0.14909000,1709331760999,9318.80483180,8,0.14723000,9202.54636880,0
1709331761000,62504.55000000,62505.05000000,62504.55000000,62505.05000000,0.05047000,1709331761999,3154.60595440,10,0.04983000,3114.60304240,0
1709331762000,62507.99000000,62507.99000000,62507.98000000,62507.98000000,0.56341000,1709331762999,35217.62601180,7,0.50000000,31253.99500000,0
1709331763000,62507.98000000,62508.90000000,62507.98000000,62508.90000000,0.04429000,1709331763999,2768.49537180,4,0.04120000,2575.34571360,0
1709331764000,62509.98000000,62509.99000000,62509.98000000,62509.98000000,0.01998000,1709331764999,1248.94956740,7,0.01670000,1043.91683300,0
1709331765000,62509.99000000,62511.08000000,62509.99000000,62511.08000000,0.04651000,1709331765999,2907.35424010,12,0.03313000,2070.95685080,0
1709331766000,62511.08000000,62511.08000000,62511.08000000,62511.08000000,0.03577000,1709331766999,2236.02133160,4,0.00000000,0.00000000,0
1709331767000,62511.08000000,62511.08000000,62511.08000000,62511.08000000,0.05398000,1709331767999,3374.34809840,2,0.00000000,0.00000000,0
1709331768000,62511.09000000,62511.09000000,62511.08000000,62511.08000000,0.04722000,1709331768999,2951.77365410,9,0.04565000,2853.63125850,0
1709331769000,62511.08000000,62513.90000000,62511.08000000,62513.90000000,0.47970000,1709331769999,29986.80214950,24,0.39719000,24828.81128050,0
1709331770000,62513.91000000,62513.91000000,62513.90000000,62513.90000000,0.10478000,1709331770999,6550.20738240,8,0.09404000,5878.80809640,0
1709331771000,62513.91000000,62516.43000000,62513.90000000,62516.42000000,0.82789000,1709331771999,51754.97702810,29,0.71068000,44427.51493230,0
1709331772000,62516.43000000,62516.43000000,62516.42000000,62516.42000000,0.82276000,1709331772999,51436.01471920,8,0.50000000,31258.21500000,0
1709331773000,62516.43000000,62516.43000000,62516.42000000,62516.42000000,0.00062000,1709331773999,38.76018470,2,0.00043000,26.88206490,0
1709331774000,62516.42000000,62516.43000000,62516.42000000,62516.42000000,0.03353000,1709331774999,2096.17557750,5,0.00149000,93.14948070,0
1709331775000,62516.43000000,62516.43000000,62516.42000000,62516.43000000,0.00551000,1709331775999,344.46549950,4,0.00253000,158.16656790,0
1709331776000,62516.42000000,62516.43000000,62516.42000000,62516.43000000,0.03685000,1709331776999,2303.73040560,6,0.03286000,2054.28988980,0
1709331777000,62516.42000000,62517.05000000,62516.42000000,62517.05000000,0.50012000,1709331777999,31265.73349950,27,0.47081000,29433.36040830,0
1709331778000,62517.06000000,62520.00000000,62517.06000000,62520.00000000,0.11017000,1709331778999,6887.56291850,15,0.09289000,5807.21749130,0
1709331779000,62520.00000000,62521.10000000,62519.99000000,62521.10000000,0.13352000,1709331779999,8347.72003840,45,0.10996000,6874.72946100,0
1709331780000,62521.09000000,62522.22000000,62521.09000000,62522.21000000,0.10635000,1709331780999,6649.22770910,44,0.05428000,3393.70108400,0
1709331781000,62522.22000000,62522.22000000,62522.21000000,62522.21000000,0.01635000,1709331781999,1022.23820130,5,0.00678000,423.90065160,0
1709331782000,62522.22000000,62523.88000000,62522.21000000,62523.88000000,1.07924000,1709331782999,67476.48091000,10,1.07608000,67278.91072640,0
1709331783000,62523.91000000,62523.91000000,62523.90000000,62523.90000000,0.02144000,1709331783999,1340.51260510,8,0.01891000,1182.32713810,0
1709331784000,62523.91000000,62527.76000000,62523.91000000,62527.75000000,0.13232000,1709331784999,8273.29804840,10,0.10044000,6279.91337840,0
1709331785000,62527.76000000,62527.76000000,62527.75000000,62527.75000000,0.02801000,1709331785999,1751.40230370,3,0.00262000,163.82273120,0
1709331786000,62527.76000000,62530.55000000,62527.75000000,62530.55000000,0.09133000,1709331786999,5710.85816750,11,0.08112000,5072.43337600,0
1709331787000,62530.55000000,62531.10000000,62530.55000000,62531.09000000,0.04462000,1709331787999,2790.11917610,7,0.02625000,1641.43099620,0
1709331788000,62531.10000000,62537.99000000,62531.09000000,62537.99000000,0.06454000,1709331788999,4035.97803270,10,0.02616000,1635.82013950,0
1709331789000,62537.99000000,62539.99000000,62537.99000000,62539.97000000,0.25108000,1709331789999,15702.19308190,11,0.17046000,10660.23438230,0
1709331790000,62539.97000000,62547.30000000,62539.97000000,62547.29000000,0.23114000,1709331790999,14456.38366830,17,0.22314000,13956.02501710,0
1709331791000,62547.99000000,62549.84000000,62547.99000000,62549.84000000,0.51608000,1709331791999,32279.77202030,6,0.51571000,32256.62926400,0
1709331792000,62550.00000000,62550.00000000,62549.99000000,62550.00000000,0.62916000,1709331792999,39353.95776070,22,0.60523000,37857.13650000,0
1709331793000,62550.00000000,62550.98000000,62550.00000000,62550.97000000,0.64465000,1709331793999,40322.86448030,6,0.63767000,39886.25870970,0
1709331794000,62550.97000000,62551.10000000,62550.97000000,62551.10000000,0.01932000,1709331794999,1208.48503480,5,0.01840000,1150.93809560,0
1709331795000,62551.10000000,62557.00000000,62551.10000000,62556.99000000,0.15848000,1709331795999,9913.75663070,14,0.14256000,8917.84934990,0
1709331796000,62557.00000000,62562.50000000,62557.00000000,62562.49000000,2.59661000,1709331796999,162443.38792310,24,0.57243000,35810.68993390,0
1709331797000,62562.50000000,62565.20000000,62562.50000000,62565.20000000,0.06331000,1709331797999,3960.84186090,6,0.05988000,3746.24322490,0
1709331798000,62565.20000000,62565.20000000,62565.20000000,62565.20000000,0.07221000,1709331798999,4517.83309200,3,0.00000000,0.00000000,0
1709331799000,62565.21000000,62568.24000000,62565.21000000,62568.23000000,0.56166000,1709331799999,35141.11190400,26,0.54663000,34200.71140710,0
1709331800000,62568.23000000,62568.23000000,62568.23000000,62568.23000000,0.01967000,1709331800999,1230.71708410,4,0.00000000,0.00000000,0
1709331801000,62568.24000000,62570.00000000,62568.24000000,62570.00000000,0.87325000,1709331801999,54637.88892430,31,0.67801000,42422.01303190,0
1709331802000,62570.00000000,62570.00000000,62569.99000000,62570.00000000,0.71137000,1709331802999,44510.42088310,19,0.70968000,44404.67760000,0
1709331803000,62570.00000000,62570.00000000,62569.99000000,62570.00000000,0.05118000,1709331803999,3202.33223890,7,0.01507000,942.92990000,0
1709331804000,62569.99000000,62570.00000000,62569.99000000,62570.00000000,0.08792000,1709331804999,5501.15369320,9,0.01724000,1078.70680000,0
1709331805000,62569.99000000,62569.99000000,62556.99000000,62556.99000000,2.38386000,1709331805999,149154.70690960,78,0.00984000,615.61677120,0
1709331806000,62556.99000000,62556.99000000,62536.43000000,62537.37000000,8.85207000,1709331806999,553652.24263230,83,0.02721000,1701.64183770,0
1709331807000,62537.37000000,62537.37000000,62537.36000000,62537.37000000,0.04894000,1709331807999,3060.57885400,9,0.04556000,2849.20257720,0
1709331808000,62537.36000000,62537.36000000,62537.36000000,62537.36000000,0.04662000,1709331808999,2915.49172320,4,0.00000000,0.00000000,0
1709331809000,62537.36000000,62537.36000000,62531.10000000,62531.11000000,1.62416000,1709331809999,101566.31490260,28,0.47750000,29858.68962500,0
1709331810000,62531.11000000,62531.11000000,62531.10000000,62531.10000000,0.03633000,1709331810999,2271.75486480,5,0.00018000,11.25559980,0
1709331811000,62531.11000000,62531.11000000,62531.11000000,62531.11000000,0.02946000,1709331811999,1842.16650060,3,0.02946000,1842.16650060,0
1709331812000,62531.11000000,62531.11000000,62531.10000000,62531.11000000,0.47687000,1709331812999,29819.20869230,12,0.30353000,18980.06781830,0
1709331813000,62531.11000000,62531.11000000,62531.10000000,62531.11000000,0.66914000,1709331813999,41842.06368450,20,0.34305000,21451.29728550,0
1709331814000,62531.11000000,62531.11000000,62531.10000000,62531.11000000,0.41887000,1709331814999,26192.40587080,8,0.40138000,25098.73693180,0
1709331815000,62531.10000000,62531.11000000,62531.10000000,62531.10000000,0.79632000,1709331815999,49794.76970110,21,0.41491000,25944.78285010,0
1709331816000,62531.11000000,62531.11000000,62531.10000000,62531.11000000,0.90903000,1709331816999,56842.65489570,29,0.90627000,56670.06905970,0
1709331817000,62531.11000000,62531.11000000,62531.10000000,62531.11000000,0.34381000,1709331817999,21498.82072940,14,0.32384000,20250.07466240,0
1709331818000,62531.11000000,62531.11000000,62531.10000000,62531.11000000,0.32133000,1709331818999,20093.12156130,6,0.31983000,19999.32491130,0
1709331819000,62531.11000000,62531.11000000,62531.10000000,62531.10000000,0.77957000,1709331819999,48747.37241650,10,0.27895000,17443.05313450,0
1709331820000,62531.10000000,62531.11000000,62531.10000000,62531.10000000,4.86064000,1709331820999,303941.16916530,45,0.32613000,20393.27090430,0
1709331821000,62531.10000000,62531.11000000,62531.10000000,62531.10000000,0.46939000,1709331821999,29351.47626430,14,0.32353000,20230.69001830,0
1709331822000,62531.11000000,62531.11000000,62531.10000000,62531.11000000,0.51837000,1709331822999,32414.25033960,13,0.40326000,25216.29541860,0
1709331823000,62531.10000000,62531.11000000,62531.10000000,62531.10000000,0.51972000,1709331823999,32498.66746570,16,0.41737000,26098.60938070,0
1709331824000,62531.11000000,62531.11000000,62531.10000000,62531.11000000,0.38911000,1709331824999,24331.48012720,12,0.38062000,23800.59108820,0
1709331825000,62531.11000000,62531.11000000,62531.10000000,62531.10000000,0.38963000,1709331825999,24363.99607780,12,0.35848000,22416.15231280,0
1709331826000,62531.10000000,62531.11000000,62531.10000000,62531.10000000,0.41431000,1709331826999,25907.26369550,9,0.36545000,22851.99414950,0
1709331827000,62531.11000000,62533.99000000,62531.11000000,62533.99000000,1.15653000,1709331827999,72319.15240990,51,1.15653000,72319.15240990,0
1709331828000,62533.99000000,62535.17000000,62533.99000000,62535.16000000,0.95324000,1709331828999,59611.01007670,22,0.59111000,36965.15258590,0
1709331829000,62535.17000000,62535.17000000,62535.16000000,62535.16000000,0.90793000,1709331829999,56777.55182370,14,0.40049000,25044.71023330,0
1709331830000,62535.17000000,62535.17000000,62535.16000000,62535.17000000,0.36971000,1709331830999,23119.87765790,11,0.36543000,22852.22717310,0
1709331831000,62535.17000000,62535.17000000,62535.16000000,62535.17000000,0.76840000,1709331831999,48052.02131310,12,0.43691000,27322.24112470,0
1709331832000,62535.17000000,62617.55000000,62535.17000000,62608.57000000,22.36302000,1709331832999,1399370.73716850,470,21.91467000,1371302.43646160,0
1709331833000,62608.57000000,62610.26000000,62602.77000000,62604.00000000,3.31779000,1709331833999,207716.44517020,75,0.64654000,40476.49551450,0
1709331834000,62604.01000000,62604.01000000,62587.82000000,62587.83000000,4.89539000,1709331834999,306456.03572460,123,0.24259000,15184.51549170,0
1709331835000,62587.83000000,62587.83000000,62587.82000000,62587.82000000,0.88283000,1709331835999,55254.41342230,45,0.82917000,51895.95100110,0
1709331836000,62587.83000000,62587.83000000,62587.82000000,62587.82000000,0.82550000,1709331836999,51666.25162170,93,0.62117000,38877.68236110,0
1709331837000,62587.82000000,62587.83000000,62587.82000000,62587.82000000,0.93480000,1709331837999,58507.09653260,62,0.23966000,14999.79933780,0
1709331838000,62587.82000000,62587.83000000,62587.82000000,62587.82000000,1.51749000,1709331838999,94976.39434310,167,0.33713000,21100.23512790,0
1709331839000,62587.82000000,62587.83000000,62587.82000000,62587.83000000,0.94573000,1709331839999,59191.18158660,131,0.25780000,16135.14257400,0
1709331840000,62587.82000000,62587.83000000,62587.82000000,62587.83000000,0.86477000,1709331840999,54124.07413720,63,0.50358000,31517.97943140,0
1709331841000,62587.83000000,62587.83000000,62587.82000000,62587.82000000,0.36848000,1709331841999,23062.36231100,70,0.23974000,15004.80636420,0
1709331842000,62587.82000000,62587.83000000,62587.82000000,62587.83000000,1.13307000,1709331842999,70916.38579320,126,0.45858000,28701.52708140,0
1709331843000,62587.82000000,62587.83000000,62587.82000000,62587.82000000,1.09433000,1709331843999,68491.73821550,88,0.91549000,57298.53248670,0
1709331844000,62587.83000000,62587.83000000,62587.82000000,62587.83000000,0.59211000,1709331844999,37058.87815800,20,0.40578000,25396.88965740,0
1709331845000,62587.82000000,62587.83000000,62587.82000000,62587.83000000,0.32283000,1709331845999,20205.22915510,8,0.32245000,20181.44578350,0
1709331846000,62587.82000000,62587.83000000,62587.82000000,62587.82000000,0.32290000,1709331846999,20209.60947310,10,0.23951000,14990.41116330,0
1709331847000,62587.82000000,62587.83000000,62587.82000000,62587.83000000,1.19737000,1709331847999,74940.78644400,15,0.84106000,52640.12029980,0
1709331848000,62587.83000000,62587.83000000,62587.82000000,62587.82000000,0.43225000,1709331848999,27053.58890350,16,0.37085000,23210.69675550,0
1709331849000,62587.83000000,62587.83000000,62587.82000000,62587.83000000,0.53086000,1709331849999,33225.37172180,14,0.15966000,9992.77293780,0
1709331850000,62587.83000000,62598.99000000,62587.82000000,62598.99000000,1.24933000,1709331850999,78198.79285530,59,1.24241000,77765.65160050,0
1709331851000,62598.98000000,62598.99000000,62598.98000000,62598.99000000,0.55440000,1709331851999,34704.87797860,15,0.34666000,21700.56587340,0
1709331852000,62598.98000000,62598.99000000,62598.98000000,62598.99000000,0.32978000,1709331852999,20643.89490920,13,0.32848000,20562.51623520,0
1709331853000,62598.98000000,62599.04000000,62598.98000000,62599.04000000,1.13515000,1709331853999,71059.24106230,27,0.79454000,49737.40151550,0
1709331854000,62599.04000000,62602.20000000,62599.04000000,62602.20000000,0.46467000,1709331854999,29088.04337430,33,0.45576000,28530.28128270,0
1709331855000,62602.35000000,62602.35000000,62602.34000000,62602.34000000,0.61140000,1709331855999,38275.07343190,14,0.27559000,17252.58163650,0
1709331856000,62602.35000000,62602.35000000,62602.34000000,62602.34000000,0.42767000,1709331856999,26773.14596810,14,0.32203000,20159.83477050,0
1709331857000,62602.34000000,62602.35000000,62602.34000000,62602.34000000,0.29787000,1709331857999,18647.36149210,13,0.24763000,15502.21993050,0
1709331858000,62602.35000000,62606.88000000,62602.35000000,62606.88000000,3.53014000,1709331858999,220999.30835760,36,3.08770000,193300.79902200,0
1709331859000,62608.21000000,62612.85000000,62608.21000000,62612.84000000,0.76679000,1709331859999,48010.02608710,40,0.71543000,44794.24913830,0
1709331860000,62612.84000000,62612.86000000,62612.84000000,62612.85000000,0.90975000,1709331860999,56962.03698630,20,0.31791000,19905.25151070,0
1709331861000,62612.85000000,62616.00000000,62612.85000000,62616.00000000,0.39130000,1709331861999,24501.20157640,22,0.36086000,22595.26183800,0
1709331862000,62616.00000000,62616.00000000,62615.99000000,62615.99000000,0.62007000,1709331862999,38826.29931430,13,0.23950000,14996.53200000,0
1709331863000,62616.00000000,62625.99000000,62615.99000000,62625.98000000,1.21963000,1709331863999,76375.16106460,101,1.18521000,74219.74586430,0
1709331864000,62625.99000000,62628.94000000,62625.99000000,62628.94000000,0.59001000,1709331864999,36951.49250430,22,0.58346000,36541.27301280,0
1709331865000,62628.94000000,62656.85000000,62628.94000000,62656.85000000,3.39990000,1709331865999,212974.50991560,186,3.37539000,211438.99649330,0
1709331866000,62656.97000000,62659.99000000,62656.97000000,62659.98000000,6.20647000,1709331866999,388897.26598960,827,0.53468000,33503.01802540,0
1709331867000,62659.98000000,62659.98000000,62657.70000000,62657.70000000,1.43449000,1709331867999,89884.27861050,184,0.11501000,7206.26322710,0
1709331868000,62657.70000000,62657.71000000,62657.70000000,62657.70000000,1.38287000,1709331868999,86647.45925290,25,0.56539000,35426.04265690,0
1709331869000,62657.70000000,62664.63000000,62657.70000000,62664.63000000,2.18308000,1709331869999,136790.37214870,84,2.09558000,131307.43929540,0
1709331870000,62664.62000000,62664.63000000,62664.62000000,62664.62000000,0.84025000,1709331870999,52653.95456810,24,0.76131000,47707.20946530,0
1709331871000,62664.63000000,62664.63000000,62664.01000000,62664.02000000,2.02828000,1709331871999,127101.19248370,35,0.39970000,25046.85742930,0
1709331872000,62664.01000000,62664.02000000,62663.08000000,62663.09000000,0.66207000,1709331872999,41487.88044330,110,0.35278000,22106.53882670,0
1709331873000,62663.09000000,62663.09000000,62663.08000000,62663.09000000,1.14984000,1709331873999,72052.52700350,19,1.10963000,69532.84455670,0
1709331874000,62663.08000000,62663.09000000,62663.08000000,62663.08000000,0.41001000,1709331874999,25692.49268910,16,0.32583000,20417.51461470,0
1709331875000,62663.09000000,62663.09000000,62663.08000000,62663.09000000,0.19593000,1709331875999,12277.57890880,8,0.16444000,10304.31851960,0
1709331876000,62663.09000000,62663.09000000,62663.08000000,62663.09000000,0.42871000,1709331876999,26864.29304410,15,0.40173000,25173.64314570,0
1709331877000,62663.08000000,62663.09000000,62663.08000000,62663.08000000,0.26585000,1709331877999,16658.98221340,8,0.23954000,15010.31657860,0
1709331878000,62663.09000000,62663.09000000,62663.08000000,62663.08000000,0.82145000,1709331878999,51474.59136680,21,0.43008000,26950.14174720,0
1709331879000,62663.09000000,62674.92000000,62663.08000000,62674.91000000,0.98440000,1709331879999,61691.07691030,115,0.90132000,56484.17604830,0
1709331880000,62674.92000000,62674.92000000,62674.91000000,62674.91000000,2.16355000,1709331880999,135600.30583660,360,0.43061000,26988.44730120,0
1709331881000,62674.91000000,62674.91000000,62674.31000000,62674.31000000,4.58031000,1709331881999,287069.71631940,184,0.32704000,20497.00961280,0
1709331882000,62674.31000000,62674.32000000,62674.31000000,62674.31000000,1.98025000,1709331882999,124110.80477690,218,0.23994000,15038.07634080,0
1709331883000,62674.31000000,62674.32000000,62668.89000000,62668.90000000,4.22736000,1709331883999,264938.03783620,236,0.90567000,56758.44899360,0
1709331884000,62668.90000000,62668.90000000,62668.89000000,62668.90000000,1.13261000,1709331884999,70979.41905800,59,0.75551000,47346.98063900,0
1709331885000,62668.89000000,62668.90000000,62668.89000000,62668.90000000,0.35822000,1709331885999,22449.25318610,11,0.34103000,21371.97496700,0
1709331886000,62668.90000000,62668.90000000,62668.89000000,62668.89000000,1.18379000,1709331886999,74186.80943960,76,0.41465000,25985.65938500,0
1709331887000,62668.90000000,62668.90000000,62662.00000000,62662.01000000,0.70131000,1709331887999,43947.29972880,40,0.25595000,16038.44990810,0
1709331888000,62662.00000000,62662.01000000,62662.00000000,62662.00000000,0.34789000,1709331888999,21799.48557220,13,0.23922000,14990.00603220,0
1709331889000,62662.00000000,62666.89000000,62662.00000000,62666.89000000,0.42578000,1709331889999,26680.23447060,33,0.40154000,25161.30666150,0
1709331890000,62666.90000000,62666.90000000,62666.89000000,62666.90000000,0.87018000,1709331890999,54531.47760400,12,0.32638000,20453.22282200,0
1709331891000,62666.90000000,62666.90000000,62666.89000000,62666.90000000,0.79082000,1709331891999,49558.23476650,19,0.48167000,30184.76572300,0
1709331892000,62666.89000000,62666.90000000,62666.89000000,62666.90000000,0.43793000,1709331892999,27443.71432710,9,0.31894000,19986.98108600,0
1709331893000,62666.90000000,62666.90000000,62666.89000000,62666.90000000,1.06292000,1709331893999,66609.89814070,8,0.74219000,46510.74651100,0
1709331894000,62666.90000000,62666.90000000,62666.89000000,62666.90000000,2.13208000,1709331894999,133610.84415010,40,2.13189000,133598.93744100,0
1709331895000,62666.89000000,62666.89000000,62653.48000000,62653.48000000,4.11552000,1709331895999,257893.16898240,237,0.24123000,15115.89491520,0
1709331896000,62653.49000000,62653.49000000,62653.48000000,62653.49000000,0.68460000,1709331896999,42892.57751170,110,0.51037000,31976.46169130,0
1709331897000,62653.49000000,62653.49000000,62653.48000000,62653.49000000,2.59155000,1709331897999,162369.65169030,33,2.55963000,160369.75260870,0
1709331898000,62653.49000000,62665.61000000,62653.48000000,62665.61000000,2.58706000,1709331898999,162096.52754010,41,2.58293000,161837.76655090,0
1709331899000,62666.51000000,62666.90000000,62666.51000000,62666.89000000,0.63976000,1709331899999,40091.77165490,59,0.25960000,16268.32675250,0
1709331900000,62666.90000000,62666.90000000,62666.89000000,62666.90000000,0.36541000,1709331900999,22899.11159710,38,0.33222000,20819.19751800,0
1709331901000,62666.89000000,62666.90000000,62666.89000000,62666.90000000,0.24871000,1709331901999,15585.88462210,7,0.24102000,15103.97623800,0
1709331902000,62666.89000000,62666.90000000,62666.89000000,62666.90000000,0.46380000,1709331902999,29064.90727060,17,0.36886000,23115.31273400,0
1709331903000,62666.89000000,62666.90000000,62666.89000000,62666.90000000,1.11726000,1709331903999,70015.21748970,12,0.79683000,49934.86592700,0
1709331904000,62666.90000000,62666.90000000,62666.89000000,62666.89000000,0.28200000,1709331904999,17672.06562510,17,0.26451000,16576.02171900,0
1709331905000,62666.90000000,62666.90000000,62666.89000000,62666.90000000,0.61693000,1709331905999,38661.08764720,18,0.31995000,20050.27465500,0
1709331906000,62666.89000000,62666.90000000,62655.28000000,62655.28000000,1.61553000,1709331906999,101235.03388110,131,0.43077000,26994.54930870,0
1709331907000,62653.49000000,62653.50000000,62650.00000000,62653.46000000,6.61096000,1709331907999,414184.52154300,76,5.74700000,360054.69384320,0
1709331908000,62653.47000000,62653.47000000,62653.46000000,62653.47000000,0.48024000,1709331908999,30088.70211360,7,0.44832000,28088.80367040,0
1709331909000,62653.47000000,62666.90000000,62653.47000000,62666.90000000,1.27232000,1709331909999,79725.79913610,49,1.25223000,78466.87446930,0
1709331910000,62666.89000000,62666.90000000,62665.38000000,62665.38000000,1.40854000,1709331910999,88267.31370970,257,0.43083000,26998.25041340,0
1709331911000,62665.38000000,62665.39000000,62665.38000000,62665.39000000,0.52999000,1709331911999,33212.02857970,68,0.38335000,24022.77725650,0
1709331912000,62665.38000000,62665.39000000,62665.38000000,62665.39000000,0.33752000,1709331912999,21150.82239210,12,0.33345000,20895.77429550,0
1709331913000,62665.38000000,62665.39000000,62665.38000000,62665.39000000,2.11182000,1709331913999,132338.01235080,46,0.95592000,59903.09960880,0
1709331914000,62665.39000000,62665.39000000,62665.38000000,62665.39000000,0.39990000,1709331914999,25059.88944870,9,0.39867000,24982.81103130,0
1709331915000,62665.38000000,62665.39000000,62665.38000000,62665.38000000,0.73077000,1709331915999,45793.98377730,10,0.40347000,25283.60490330,0
1709331916000,62665.39000000,62665.39000000,62665.38000000,62665.39000000,0.40155000,1709331916999,25163.28734190,8,0.40029000,25084.32896310,0
1709331917000,62665.38000000,62665.39000000,62637.98000000,62637.99000000,9.91478000,1709331917999,621199.15284330,129,0.31573000,19781.61899110,0
1709331918000,62637.98000000,62637.98000000,62634.00000000,62634.01000000,1.05136000,1709331918999,65852.51733820,15,0.64136000,40170.94865360,0
1709331919000,62634.00000000,62641.50000000,62631.10000000,62641.49000000,7.36587000,1709331919999,461352.20626840,76,6.95527000,435634.89232490,0
1709331920000,62641.50000000,62656.83000000,62641.49000000,62656.83000000,1.02429000,1709331920999,64167.24391330,31,0.98085000,61446.09225630,0
1709331921000,62656.83000000,62656.84000000,62656.83000000,62656.83000000,0.31258000,1709331921999,19585.27431440,9,0.23930000,14993.78181200,0
1709331922000,62656.84000000,62656.84000000,62656.83000000,62656.84000000,0.34325000,1709331922999,21506.96013140,13,0.32339000,20262.59548760,0
1709331923000,62656.83000000,62656.84000000,62656.83000000,62656.83000000,1.24218000,1709331923999,77831.06852580,21,0.74364000,46594.13249760,0
1709331924000,62656.83000000,62656.84000000,62656.83000000,62656.83000000,0.39581000,1709331924999,24800.20308300,20,0.32007000,20054.57477880,0
1709331925000,62656.84000000,62656.84000000,62656.83000000,62656.83000000,0.24332000,1709331925999,15245.66227760,7,0.24020000,15050.17296800,0
1709331926000,62656.84000000,62656.84000000,62656.83000000,62656.83000000,0.86060000,1709331926999,53922.47236040,60,0.44624000,27959.98828160,0
1709331927000,62656.83000000,62656.83000000,62652.51000000,62652.51000000,0.95291000,1709331927999,59705.36824070,76,0.08123000,5089.26419960,0
1709331928000,62652.52000000,62652.52000000,62642.42000000,62642.42000000,4.16813000,1709331928999,261135.60341500,55,0.38994000,24429.22157990,0
1709331929000,62642.41000000,62642.42000000,62641.10000000,62641.10000000,0.50183000,1709331929999,31435.51802580,113,0.23955000,15005.81384620,0
1709331930000,62636.00000000,62636.01000000,62636.00000000,62636.01000000,0.41995000,1709331930999,26303.99139390,62,0.31939000,20005.31523390,0
1709331931000,62636.01000000,62636.01000000,62636.00000000,62636.01000000,0.55345000,1709331931999,34665.89819450,15,0.39945000,25019.95419450,0
1709331932000,62636.01000000,62636.01000000,62636.00000000,62636.00000000,0.59533000,1709331932999,37289.09283230,24,0.29523000,18492.02923230,0
1709331933000,62636.01000000,62636.01000000,62634.29000000,62634.30000000,1.05310000,1709331933999,65960.82583290,23,0.86197000,53989.21563450,0
1709331934000,62634.30000000,62634.30000000,62631.71000000,62631.71000000,0.42826000,1709331934999,26823.76432540,18,0.40988000,25672.54688400,0
1709331935000,62631.11000000,62631.12000000,62628.32000000,62628.32000000,0.91340000,1709331935999,57206.12768710,157,0.52464000,32858.16016110,0
1709331936000,62628.32000000,62628.32000000,62622.73000000,62622.74000000,1.03415000,1709331936999,64765.39423610,60,0.24273000,15201.09581020,0
1709331937000,62622.73000000,62622.74000000,62622.73000000,62622.74000000,0.42849000,1709331937999,26833.21716680,20,0.35891000,22475.92761340,0
1709331938000,62622.73000000,62622.74000000,62622.73000000,62622.74000000,0.32607000,1709331938999,20419.39569500,12,0.21239000,13300.44374860,0
1709331939000,62622.73000000,62622.74000000,62622.73000000,62622.74000000,0.40767000,1709331939999,25529.41154360,14,0.32045000,20067.45703300,0
1709331940000,62622.74000000,62622.74000000,62622.73000000,62622.73000000,0.72580000,1709331940999,45451.58196060,21,0.45266000,28346.80948840,0
1709331941000,62622.73000000,62622.74000000,62622.73000000,62622.74000000,1.60988000,1709331941999,100815.08542350,29,0.48511000,30378.91740140,0
1709331942000,62622.73000000,62622.74000000,62622.73000000,62622.74000000,0.41597000,1709331942999,26049.18102120,15,0.40231000,25193.75452940,0
1709331943000,62622.73000000,62622.73000000,62621.18000000,62621.19000000,1.33518000,1709331943999,83611.35780990,48,0.77200000,48343.55868000,0
1709331944000,62621.19000000,62621.19000000,62621.19000000,62621.19000000,0.25727000,1709331944999,16110.55355130,6,0.25727000,16110.55355130,0
1709331945000,62621.19000000,62621.19000000,62619.71000000,62619.72000000,1.03383000,1709331945999,64739.18379150,84,0.40249000,25203.97556010,0
1709331946000,62619.72000000,62619.72000000,62599.66000000,62599.99000000,12.42401000,1709331946999,777837.66389630,106,0.37028000,23181.10875520,0
1709331947000,62599.99000000,62600.00000000,62599.99000000,62600.00000000,0.48749000,1709331947999,30516.86912850,8,0.00034000,21.28400000,0
1709331948000,62599.99000000,62600.00000000,62599.99000000,62600.00000000,0.10837000,1709331948999,6783.96171780,7,0.08015000,5017.39000000,0
1709331949000,62599.99000000,62600.00000000,62599.99000000,62600.00000000,0.70699000,1709331949999,44257.57146400,14,0.45339000,28382.21400000,0
1709331950000,62600.00000000,62600.00000000,62591.51000000,62591.52000000,0.39698000,1709331950999,24850.23887330,19,0.32022000,20045.08724000,0
1709331951000,62591.52000000,62591.52000000,62588.01000000,62588.02000000,1.75426000,1709331951999,109800.41985610,22,1.39956000,87599.46867620,0
1709331952000,62588.02000000,62588.02000000,62588.01000000,62588.02000000,0.33401000,1709331952999,20905.02446650,7,0.32464000,20318.57481280,0
1709331953000,62588.02000000,62588.02000000,62583.26000000,62583.27000000,1.32922000,1709331953999,83188.47878700,58,0.90137000,56411.44055990,0
1709331954000,62583.27000000,62583.27000000,62548.72000000,62548.73000000,5.45977000,1709331954999,341628.33891730,175,0.27766000,17372.86287020,0
1709331955000,62548.72000000,62551.81000000,62548.72000000,62551.81000000,1.70911000,1709331955999,106903.29014330,36,1.66593000,104202.43641370,0
1709331956000,62551.81000000,62551.81000000,62548.73000000,62548.73000000,2.83094000,1709331956999,177079.08532240,35,0.16267000,10175.30293270,0
1709331957000,62548.73000000,62548.74000000,62548.73000000,62548.74000000,0.20913000,1709331957999,13080.81797890,7,0.20740000,12972.60867600,0
1709331958000,62548.74000000,62548.74000000,62548.74000000,62548.74000000,0.33686000,1709331958999,21070.16855640,9,0.33686000,21070.16855640,0
1709331959000,62548.74000000,62548.74000000,62548.73000000,62548.73000000,0.68958000,1709331959999,43132.35670460,55,0.34712000,21711.91862880,0
1709331960000,62548.73000000,62548.74000000,62548.73000000,62548.74000000,0.20227000,1709331960999,12651.73277970,19,0.11626000,7271.91651240,0
1709331961000,62548.73000000,62548.74000000,62548.73000000,62548.74000000,0.67304000,1709331961999,42097.80027020,13,0.30310000,18958.52309400,0
1709331962000,62548.73000000,62548.74000000,62548.73000000,62548.74000000,0.48031000,1709331962999,30042.78457470,17,0.40684000,25447.32938160,0
1709331963000,62548.74000000,62548.74000000,62548.73000000,62548.74000000,0.44148000,1709331963999,27614.01753280,16,0.42124000,26348.03123760,0
1709331964000,62548.74000000,62548.74000000,62548.73000000,62548.74000000,1.22963000,1709331964999,76911.79832880,49,0.34589000,21634.98367860,0
1709331965000,62548.74000000,62548.74000000,62548.73000000,62548.74000000,0.81557000,1709331965999,51012.86965940,15,0.19333000,12092.54790420,0
1709331966000,62548.74000000,62548.74000000,62548.73000000,62548.73000000,0.68849000,1709331966999,43064.17871460,12,0.35969000,22498.15629060,0
1709331967000,62548.74000000,62548.74000000,62548.73000000,62548.73000000,1.54080000,1709331967999,96375.08638170,37,0.31977000,20001.21058980,0
1709331968000,62548.74000000,62548.74000000,62545.56000000,62545.56000000,1.59825000,1709331968999,99966.73732450,48,0.33024000,20655.78081360,0
1709331969000,62545.51000000,62545.51000000,62545.50000000,62545.51000000,0.35470000,1709331969999,22184.89239160,10,0.35416000,22151.11782160,0
1709331970000,62545.51000000,62545.51000000,62533.47000000,62533.47000000,1.59044000,1709331970999,99466.09633540,54,0.11751000,7349.27043180,0
1709331971000,62533.47000000,62533.47000000,62518.86000000,62526.00000000,1.31694000,1709331971999,82337.11900090,100,0.85595000,53513.50917100,0
1709331972000,62525.99000000,62525.99000000,62525.99000000,62525.99000000,0.00043000,1709331972999,26.88617570,2,0.00000000,0.00000000,0
1709331973000,62526.00000000,62526.00000000,62525.99000000,62525.99000000,0.03077000,1709331973999,1923.92472000,2,0.00077000,48.14502000,0
1709331974000,62526.00000000,62526.00000000,62525.99000000,62526.00000000,0.49171000,1709331974999,30744.65539000,26,0.08471000,5296.57746000,0
1709331975000,62526.00000000,62526.00000000,62525.99000000,62525.99000000,1.08048000,1709331975999,67558.08327820,23,0.16030000,10022.91780000,0
1709331976000,62526.00000000,62526.00000000,62525.99000000,62526.00000000,0.22621000,1709331976999,14144.00581020,5,0.16123000,10081.06698000,0
1709331977000,62526.00000000,62526.00000000,62525.99000000,62526.00000000,0.70520000,1709331977999,44093.33184340,6,0.36954000,23105.85804000,0
1709331978000,62526.00000000,62526.00000000,62525.99000000,62526.00000000,0.06587000,1709331978999,4118.58761400,6,0.06527000,4081.07202000,0
1709331979000,62525.99000000,62526.00000000,62525.99000000,62525.99000000,0.41112000,1709331979999,25705.68582410,8,0.08153000,5097.74478000,0
1709331980000,62526.00000000,62526.00000000,62525.99000000,62526.00000000,0.00544000,1709331980999,340.14139220,5,0.00066000,41.26716000,0
1709331981000,62526.00000000,62526.00000000,62525.99000000,62526.00000000,0.08416000,1709331981999,5262.18815130,7,0.08329000,5207.79054000,0
1709331982000,62526.00000000,62533.48000000,62525.99000000,62533.48000000,2.36415000,1709331982999,147828.07191550,50,2.04300000,127747.85022700,0
1709331983000,62534.44000000,62535.37000000,62534.44000000,62535.37000000,0.26497000,1709331983999,16569.99527500,11,0.24865000,15549.41819980,0
1709331984000,62535.36000000,62535.37000000,62535.36000000,62535.36000000,0.49206000,1709331984999,30771.15086700,8,0.16254000,10164.49903980,0
1709331985000,62535.36000000,62535.37000000,62535.36000000,62535.37000000,0.71338000,1709331985999,44611.47719460,7,0.20778000,12993.59917860,0
1709331986000,62535.36000000,62535.37000000,62535.36000000,62535.37000000,0.53341000,1709331986999,33356.98802750,6,0.16499000,10317.71069630,0
1709331987000,62535.36000000,62535.36000000,62535.36000000,62535.36000000,0.00200000,1709331987999,125.07072000,1,0.00000000,0.00000000,0
1709331988000,62535.37000000,62535.37000000,62535.36000000,62535.36000000,0.33046000,1709331988999,20665.43511220,8,0.00466000,291.41482420,0
1709331989000,62535.37000000,62535.37000000,62535.37000000,62535.37000000,0.07991000,1709331989999,4997.20141670,5,0.07991000,4997.20141670,0
1709331990000,62535.37000000,62535.37000000,62535.36000000,62535.36000000,0.23768000,1709331990999,14863.40647600,12,0.21112000,13202.46731440,0
1709331991000,62535.36000000,62535.37000000,62535.36000000,62535.37000000,0.53906000,1709331991999,33710.31333340,6,0.21718000,13581.43165660,0
1709331992000,62535.37000000,62535.37000000,62535.36000000,62535.37000000,0.35219000,1709331992999,22024.33178130,12,0.33429000,20904.94883730,0
1709331993000,62535.37000000,62535.37000000,62535.36000000,62535.36000000,0.50278000,1709331993999,31441.52990140,12,0.16006000,10009.41132220,0
1709331994000,62535.36000000,62535.36000000,62535.36000000,62535.36000000,0.00337000,1709331994999,210.74416320,2,0.00000000,0.00000000,0
1709331995000,62535.36000000,62535.37000000,62535.36000000,62535.36000000,0.93578000,1709331995999,58519.33999860,15,0.08178000,5114.14255860,0
1709331996000,62535.36000000,62535.37000000,62535.36000000,62535.36000000,0.19720000,1709331996999,12331.97492420,9,0.19322000,12083.08419140,0
1709331997000,62535.37000000,62535.37000000,62535.36000000,62535.37000000,0.42065000,1709331997999,26305.50335120,7,0.41672000,26059.73938640,0
1709331998000,62535.36000000,62540.80000000,62535.36000000,62540.80000000,2.40429000,1709331998999,150355.60333260,39,2.08107000,130142.92427340,0
1709331999000,62540.80000000,62540.80000000,62540.79000000,62540.79000000,0.16122000,1709331999999,10082.82776200,8,0.15982000,9995.27065600,0
1709332000000,62540.80000000,62540.80000000,62540.79000000,62540.79000000,0.47364000,1709332000999,29621.82057550,7,0.07999000,5002.63859200,0
1709332001000,62540.80000000,62540.80000000,62540.79000000,62540.79000000,0.20619000,1709332001999,12895.28557000,6,0.00799000,499.70099200,0
1709332002000,62540.80000000,62540.80000000,62540.79000000,62540.79000000,0.40469000,1709332002999,25309.63313040,8,0.08253000,5161.49222400,0
1709332003000,62540.79000000,62540.80000000,62540.79000000,62540.80000000,0.17239000,1709332003999,10781.40850160,8,0.17135000,10716.36608000,0
1709332004000,62540.80000000,62540.80000000,62540.79000000,62540.80000000,0.49968000,1709332004999,31250.38373310,6,0.17859000,11169.16147200,0
1709332005000,62540.80000000,62540.80000000,62540.79000000,62540.80000000,0.78383000,1709332005999,49021.35025660,13,0.28309000,17704.67507200,0
1709332006000,62540.79000000,62540.80000000,62540.79000000,62540.80000000,0.23036000,1709332006999,14406.89805700,11,0.16726000,10460.57420800,0
1709332007000,62540.79000000,62540.80000000,62540.79000000,62540.79000000,0.40162000,1709332007999,25117.63287880,7,0.07990000,4997.00992000,0
1709332008000,62540.79000000,62540.80000000,62540.79000000,62540.79000000,2.09316000,1709332008999,130907.88024620,20,0.02498000,1562.26918400,0
1709332009000,62540.80000000,62540.80000000,62540.79000000,62540.79000000,0.49804000,1709332009999,31147.81665150,16,0.15999000,10005.90259200,0
1709332010000,62540.80000000,62540.80000000,62540.79000000,62540.79000000,0.25685000,1709332010999,16063.60363880,13,0.17273000,10802.67238400,0
1709332011000,62540.80000000,62540.80000000,62540.79000000,62540.79000000,0.48538000,1709332011999,30356.05026440,9,0.16142000,10095.33593600,0
1709332012000,62540.79000000,62540.80000000,62540.79000000,62540.79000000,0.19473000,1709332012999,12178.56963590,7,0.15992000,10001.52473600,0
1709332013000,62540.80000000,62540.80000000,62540.79000000,62540.79000000,0.48206000,1709332013999,30148.41482750,8,0.16001000,10007.15340800,0
1709332014000,62540.79000000,62540.80000000,62540.79000000,62540.80000000,0.15825000,1709332014999,9897.08125600,4,0.12385000,7745.67808000,0
1709332015000,62540.79000000,62540.80000000,62540.79000000,62540.79000000,0.63978000,1709332015999,40012.34751410,12,0.08879000,5552.99763200,0
1709332016000,62540.80000000,62540.80000000,62540.79000000,62540.80000000,0.48668000,1709332016999,30437.35328530,9,0.16081000,10057.18604800,0
1709332017000,62540.80000000,62540.80000000,62540.79000000,62540.80000000,0.59678000,1709332017999,37323.09861400,8,0.59578000,37260.55782400,0
1709332018000,62540.79000000,62540.80000000,62540.79000000,62540.79000000,0.42970000,1709332018999,26873.77826310,12,0.08001000,5003.88940800,0
1709332019000,62540.80000000,62540.80000000,62540.79000000,62540.79000000,0.26092000,1709332019999,16318.14515990,36,0.22331000,13965.98604800,0
1709332020000,62540.80000000,62540.80000000,62540.79000000,62540.79000000,0.50583000,1709332020999,31635.00953560,32,0.17299000,10818.93299200,0
1709332021000,62540.80000000,62540.80000000,62540.80000000,62540.80000000,0.00725000,1709332021999,453.42080000,1,0.00725000,453.42080000,0
1709332022000,62540.80000000,62540.80000000,62540.79000000,62540.80000000,0.52210000,1709332022999,32652.54823260,12,0.17736000,11092.23628800,0
1709332023000,62540.80000000,62540.80000000,62540.79000000,62540.79000000,0.09402000,1709332023999,5880.08589770,6,0.08219000,5140.22835200,0
1709332024000,62540.80000000,62540.80000000,62540.80000000,62540.80000000,0.15982000,1709332024999,9995.27065600,7,0.15982000,9995.27065600,0
1709332025000,62540.79000000,62540.80000000,62521.44000000,62521.44000000,8.30159000,1709332025999,519134.61262270,116,0.07991000,4997.63532800,0
1709332026000,62521.10000000,62521.10000000,62513.91000000,62513.92000000,0.64721000,1709332026999,40460.55432890,50,0.08868000,5543.74376610,0
1709332027000,62513.92000000,62513.92000000,62511.11000000,62511.11000000,1.65293000,1709332027999,103330.99491420,58,0.11801000,7377.26199070,0
1709332028000,62511.11000000,62511.11000000,62511.11000000,62511.11000000,0.00331000,1709332028999,206.91177410,2,0.00331000,206.91177410,0
1709332029000,62511.11000000,62511.11000000,62503.30000000,62503.31000000,0.46182000,1709332029999,28867.94328670,46,0.00367000,229.40180470,0
1709332030000,62503.31000000,62503.31000000,62503.30000000,62503.31000000,0.03407000,1709332030999,2129.48772170,9,0.02907000,1816.97122170,0
1709332031000,62503.31000000,62503.31000000,62503.31000000,62503.31000000,0.00205000,1709332031999,128.13178550,2,0.00205000,128.13178550,0
1709332032000,62503.31000000,62503.31000000,62493.79000000,62493.79000000,1.38062000,1709332032999,86290.96793510,101,0.08144000,5090.08900760,0
1709332033000,62493.79000000,62493.79000000,62493.79000000,62493.79000000,0.15002000,1709332033999,9375.31837580,7,0.15002000,9375.31837580,0
1709332034000,62493.79000000,62493.79000000,62488.90000000,62488.90000000,0.37597000,1709332034999,23494.32701970,56,0.08196000,5121.59155160,0
1709332035000,62488.90000000,62488.91000000,62486.20000000,62486.20000000,0.77628000,1709332035999,48508.24398260,37,0.16603000,10374.80187830,0
1709332036000,62486.21000000,62486.21000000,62475.85000000,62475.86000000,1.62328000,1709332036999,101428.87099150,82,0.21399000,13370.19422340,0
1709332037000,62475.86000000,62475.86000000,62475.85000000,62475.86000000,0.01578000,1709332037999,985.86904860,6,0.01356000,847.17266160,0
1709332038000,62475.85000000,62475.86000000,62475.85000000,62475.86000000,0.33950000,1709332038999,21210.55446570,4,0.33907000,21183.68985020,0
1709332039000,62475.85000000,62475.86000000,62475.85000000,62475.85000000,0.70063000,1709332039999,43772.45695340,39,0.21679000,13544.14168940,0
1709332040000,62475.85000000,62475.85000000,62475.85000000,62475.85000000,0.46875000,1709332040999,29285.55468750,36,0.00000000,0.00000000,0
1709332041000,62475.85000000,62475.86000000,62475.85000000,62475.86000000,0.20362000,1709332041999,12721.33259350,18,0.00165000,103.08516900,0
1709332042000,62475.85000000,62475.85000000,62474.00000000,62474.01000000,0.53739000,1709332042999,33573.12455910,46,0.02443000,1526.24006430,0
1709332043000,62474.01000000,62474.01000000,62474.00000000,62474.01000000,0.76526000,1709332043999,47808.85543310,40,0.21931000,13701.17513310,0
1709332044000,62474.00000000,62474.01000000,62464.00000000,62465.33000000,3.04769000,1709332044999,190395.27698620,177,0.08813000,5505.07812610,0
1709332045000,62465.32000000,62465.33000000,62465.32000000,62465.33000000,0.55332000,1709332045999,34563.31123280,9,0.03704000,2313.71582320,0
1709332046000,62465.32000000,62465.33000000,62465.32000000,62465.33000000,0.46774000,1709332046999,29217.53022940,5,0.14526000,9073.71383580,0
1709332047000,62465.33000000,62465.33000000,62465.32000000,62465.32000000,0.37037000,1709332047999,23135.28225540,17,0.16870000,10537.90117100,0
1709332048000,62465.32000000,62465.32000000,62461.87000000,62461.87000000,0.31857000,1709332048999,19898.52658290,17,0.06522000,4073.76381360,0
1709332049000,62461.87000000,62461.88000000,62461.87000000,62461.88000000,0.18236000,1709332049999,11390.54747680,11,0.08636000,5394.20795680,0
1709332050000,62461.88000000,62461.88000000,62461.87000000,62461.88000000,0.60503000,1709332050999,37791.30647500,17,0.12689000,7925.78795320,0
1709332051000,62461.87000000,62461.88000000,62461.87000000,62461.87000000,0.25229000,1709332051999,15758.50634000,13,0.11577000,7231.21184760,0
1709332052000,62461.88000000,62461.88000000,62461.87000000,62461.87000000,0.50617000,1709332052999,31616.32655050,13,0.18126000,11321.84036880,0
1709332053000,62461.88000000,62461.88000000,62461.88000000,62461.88000000,0.34884000,1709332053999,21789.20221920,10,0.34884000,21789.20221920,0
1709332054000,62461.87000000,62461.88000000,62461.87000000,62461.88000000,0.08874000,1709332054999,5542.86719890,4,0.08551000,5341.11535880,0
1709332055000,62461.87000000,62461.88000000,62461.87000000,62461.87000000,0.84179000,1709332055999,52579.77755120,17,0.00039000,24.36013320,0
1709332056000,62461.87000000,62461.87000000,62447.67000000,62448.00000000,2.00508000,1709332056999,125231.11037450,125,0.02862000,1787.26176000,0
1709332057000,62448.00000000,62448.00000000,62447.99000000,62448.00000000,0.41763000,1709332057999,26080.15495670,7,0.08930000,5576.60640000,0
1709332058000,62447.99000000,62448.00000000,62447.99000000,62448.00000000,0.14673000,1709332058999,9162.99485080,10,0.12781000,7981.47888000,0
1709332059000,62447.99000000,62461.10000000,62447.99000000,62461.10000000,5.65534000,1709332059999,353183.20802300,68,5.10940000,319083.53407010,0
1709332060000,62461.10000000,62461.87000000,62461.09000000,62461.87000000,0.23880000,1709332060999,14915.72263080,18,0.20111000,12561.56414870,0
1709332061000,62461.87000000,62465.60000000,62461.87000000,62465.60000000,0.43687000,1709332061999,27287.72983400,35,0.42273000,26404.51899220,0
1709332062000,62465.99000000,62466.00000000,62465.99000000,62466.00000000,0.42166000,1709332062999,26339.41111610,13,0.17727000,11073.34782000,0
1709332063000,62466.00000000,62466.00000000,62465.99000000,62466.00000000,0.50648000,1709332063999,31637.77967340,14,0.50582000,31596.55212000,0
1709332064000,62465.99000000,62466.00000000,62465.99000000,62466.00000000,1.03437000,1709332064999,64612.95633630,20,1.02600000,64090.11600000,0
1709332065000,62466.00000000,62466.00000000,62465.99000000,62466.00000000,0.72196000,1709332065999,45097.94775260,10,0.16122000,10070.76852000,0
1709332066000,62465.99000000,62466.00000000,62461.99000000,62461.99000000,2.24480000,1709332066999,140223.62808540,33,0.00174000,108.69084000,0
1709332067000,62461.99000000,62461.99000000,62452.71000000,62452.71000000,0.88165000,1709332067999,55066.61036360,56,0.06404000,4000.05879520,0
1709332068000,62452.72000000,62452.72000000,62452.71000000,62452.71000000,0.33078000,1709332068999,20658.10744240,16,0.00286000,178.61477920,0
1709332069000,62452.71000000,62452.72000000,62452.71000000,62452.72000000,0.16819000,1709332069999,10503.92289530,6,0.16004000,9994.93330880,0
1709332070000,62452.72000000,62452.72000000,62452.71000000,62452.71000000,0.52210000,1709332070999,32606.56189660,7,0.20056000,12525.51752320,0
1709332071000,62452.72000000,62452.72000000,62452.71000000,62452.72000000,0.16527000,1709332071999,10321.56099940,6,0.16177000,10102.97651440,0
1709332072000,62452.72000000,62452.72000000,62452.71000000,62452.72000000,0.19630000,1709332072999,12259.46883340,12,0.18604000,11618.70402880,0
1709332073000,62452.72000000,62452.72000000,62452.71000000,62452.71000000,0.44139000,1709332073999,27566.00247170,9,0.08048000,5026.19490560,0
1709332074000,62452.72000000,62452.72000000,62452.71000000,62452.71000000,0.08526000,1709332074999,5324.71889720,11,0.08426000,5262.26618720,0
1709332075000,62452.72000000,62452.72000000,62452.71000000,62452.72000000,0.99883000,1709332075999,62379.64210240,12,0.17731000,11073.49178320,0
1709332076000,62452.71000000,62452.72000000,62452.71000000,62452.71000000,0.81740000,1709332076999,51048.84677820,26,0.16242000,10143.57078240,0
1709332077000,62452.72000000,62452.72000000,62452.71000000,62452.71000000,0.40445000,1709332077999,25258.99936710,14,0.08076000,5043.68166720,0
1709332078000,62452.72000000,62452.72000000,62444.02000000,62444.03000000,1.07178000,1709332078999,66933.71939060,61,0.18120000,11315.96557430,0
1709332079000,62444.02000000,62444.03000000,62444.02000000,62444.02000000,0.04558000,1709332079999,2846.19862940,21,0.01978000,1235.14291340,0
1709332080000,62444.02000000,62444.03000000,62444.02000000,62444.03000000,0.37147000,1709332080999,23196.08038840,43,0.02790000,1742.18843700,0
1709332081000,62444.02000000,62444.03000000,62444.02000000,62444.02000000,0.04443000,1709332081999,2774.38783940,5,0.00308000,192.32761240,0
1709332082000,62444.02000000,62444.03000000,62444.02000000,62444.03000000,0.43642000,1709332082999,27251.82033610,6,0.11277000,7041.81326310,0
1709332083000,62444.02000000,62444.03000000,62444.02000000,62444.03000000,0.11302000,1709332083999,7057.42426100,4,0.11206000,6997.47800180,0
1709332084000,62444.03000000,62444.03000000,62444.02000000,62444.02000000,0.63426000,1709332084999,39605.74575430,23,0.16291000,10172.75692730,0
1709332085000,62444.02000000,62444.02000000,62441.89000000,62441.89000000,1.53542000,1709332085999,95876.01677520,50,0.16006000,9994.45051400,0
1709332086000,62441.90000000,62444.03000000,62441.89000000,62444.02000000,1.48922000,1709332086999,92990.82825280,25,1.15758000,72281.91235310,0
1709332087000,62444.02000000,62444.03000000,62444.02000000,62444.02000000,0.12536000,1709332087999,7827.98331060,12,0.09634000,6015.85785020,0
1709332088000,62444.02000000,62444.03000000,62444.02000000,62444.02000000,0.00540000,1709332088999,337.19771380,4,0.00058000,36.21753740,0
1709332089000,62444.03000000,62444.03000000,62444.02000000,62444.02000000,0.16563000,1709332089999,10342.60463320,6,0.16006000,9994.79144180,0
1709332090000,62444.03000000,62444.03000000,62444.02000000,62444.03000000,0.22570000,1709332090999,14093.61755500,9,0.22410000,13993.70712300,0
1709332091000,62444.03000000,62444.03000000,62444.02000000,62444.03000000,0.47154000,1709332091999,29444.85451940,7,0.13286000,8296.31382580,0
1709332092000,62444.03000000,62444.03000000,62444.02000000,62444.02000000,0.16649000,1709332092999,10396.30654910,10,0.16593000,10361.33789790,0
1709332093000,62444.03000000,62448.28000000,62444.02000000,62448.28000000,5.87106000,1709332093999,366615.13005250,32,2.73548000,170816.90982090,0
1709332094000,62448.53000000,62452.35000000,62448.53000000,62452.35000000,1.80671000,1709332094999,112833.23460100,13,0.10467000,6536.85382740,0
1709332095000,62452.35000000,62452.35000000,62452.34000000,62452.34000000,0.83936000,1709332095999,52419.99610380,6,0.00014000,8.74332900,0
1709332096000,62452.35000000,62452.35000000,62452.34000000,62452.34000000,0.16813000,1709332096999,10500.11355710,6,0.16329000,10197.84423150,0
1709332097000,62452.35000000,62452.35000000,62452.34000000,62452.35000000,0.08373000,1709332097999,5229.13523170,3,0.08035000,5018.04632250,0
1709332098000,62452.34000000,62452.34000000,62448.94000000,62448.95000000,2.87919000,1709332098999,179811.37130270,56,0.03231000,2017.72557450,0
1709332099000,62448.95000000,62448.95000000,62448.95000000,62448.95000000,0.00463000,1709332099999,289.13863850,1,0.00463000,289.13863850,0
1709332100000,62448.94000000,62448.95000000,62448.94000000,62448.94000000,0.33603000,1709332100999,20984.71732680,13,0.00186000,116.15504700,0
1709332101000,62448.94000000,62448.94000000,62448.94000000,62448.94000000,0.01068000,1709332101999,666.95467920,6,0.00000000,0.00000000,0
1709332102000,62448.94000000,62448.95000000,62448.94000000,62448.95000000,0.34622000,1709332102999,21621.07209130,15,0.00845000,527.69362750,0
1709332103000,62448.94000000,62448.95000000,62448.94000000,62448.95000000,0.00124000,1709332103999,77.43668720,3,0.00016000,9.99183200,0
1709332104000,62448.95000000,62448.95000000,62448.94000000,62448.94000000,0.36570000,1709332104999,22837.57754630,9,0.01883000,1175.91372850,0
1709332105000,62448.94000000,62448.95000000,62448.94000000,62448.95000000,0.50698000,1709332105999,31660.36367100,12,0.00698000,435.89367100,0
1709332106000,62448.95000000,62448.95000000,62448.95000000,62448.95000000,0.01026000,1709332106999,640.72622700,2,0.01026000,640.72622700,0
1709332107000,62448.94000000,62448.95000000,62448.94000000,62448.94000000,0.00270000,1709332107999,168.61213930,3,0.00013000,8.11836350,0
1709332108000,62448.94000000,62466.00000000,62448.94000000,62466.00000000,15.54185000,1709332108999,970642.06304980,183,15.52479000,969576.56445340,0
1709332109000,62465.99000000,62466.00000000,62465.99000000,62466.00000000,0.04136000,1709332109999,2583.59343810,4,0.00917000,572.81322000,0
1709332110000,62466.00000000,62466.00000000,62465.99000000,62466.00000000,0.11197000,1709332110999,6994.31712000,4,0.02197000,1372.37802000,0
1709332111000,62465.99000000,62466.00000000,62465.99000000,62465.99000000,0.04025000,1709332111999,2514.25612980,3,0.00323000,201.76518000,0
1709332112000,62465.99000000,62466.00000000,62465.99000000,62466.00000000,0.67610000,1709332112999,42233.25593480,12,0.00958000,598.42428000,0
1709332113000,62465.99000000,62465.99000000,62465.99000000,62465.99000000,0.11660000,1709332113999,7283.53443400,6,0.00000000,0.00000000,0
1709332114000,62465.99000000,62466.00000000,62465.99000000,62466.00000000,0.29292000,1709332114999,18297.54058930,16,0.27985000,17481.11010000,0
1709332115000,62465.99000000,62468.39000000,62465.99000000,62468.39000000,0.55877000,1709332115999,34905.41091120,40,0.04097000,2559.28934520,0
1709332116000,62468.39000000,62468.40000000,62468.39000000,62468.39000000,0.07746000,1709332116999,4838.80222780,7,0.07384000,4612.66665600,0
1709332117000,62468.40000000,62468.40000000,62468.39000000,62468.39000000,0.01174000,1709332117999,733.37898300,2,0.00844000,527.23329600,0
1709332118000,62468.39000000,62468.39000000,62468.39000000,62468.39000000,0.00240000,1709332118999,149.92413600,1,0.00000000,0.00000000,0
1709332119000,62468.39000000,62468.40000000,62468.39000000,62468.39000000,0.02612000,1709332119999,1631.67440280,4,0.00560000,349.82304000,0
1709332120000,62468.39000000,62468.39000000,62468.39000000,62468.39000000,0.00645000,1709332120999,402.92111550,2,0.00000000,0.00000000,0
1709332121000,62468.40000000,62468.40000000,62456.15000000,62456.15000000,4.22063000,1709332121999,263635.31572620,142,0.00050000,31.23420000,0
1709332122000,62456.15000000,62456.15000000,62448.88000000,62448.89000000,4.16269000,1709332122999,259976.07143510,63,0.07643000,4773.02882410,0
1709332123000,62448.89000000,62448.89000000,62446.94000000,62446.94000000,0.13978000,1709332123999,8729.10375290,17,0.00049000,30.59995610,0
1709332124000,62446.63000000,62446.63000000,62446.62000000,62446.63000000,0.02219000,1709332124999,1385.69063540,3,0.01376000,859.26562880,0
1709332125000,62446.63000000,62446.63000000,62446.62000000,62446.62000000,0.50519000,1709332125999,31547.40796080,9,0.00030000,18.73398900,0
1709332126000,62446.62000000,62446.63000000,62446.62000000,62446.63000000,1.86218000,1709332126999,116286.86542380,10,1.85922000,116102.02342860,0
1709332127000,62446.62000000,62446.62000000,62446.62000000,62446.62000000,0.00430000,1709332127999,268.52046600,2,0.00000000,0.00000000,0
1709332128000,62446.62000000,62446.62000000,62446.62000000,62446.62000000,0.02050000,1709332128999,1280.15571000,2,0.00000000,0.00000000,0
1709332129000,62446.62000000,62446.63000000,62446.62000000,62446.63000000,0.00212000,1709332129999,132.38684440,2,0.00100000,62.44663000,0
1709332130000,62446.62000000,62446.62000000,62446.62000000,62446.62000000,0.00659000,1709332130999,411.52322580,2,0.00000000,0.00000000,0
1709332131000,62446.62000000,62446.63000000,62446.62000000,62446.63000000,0.04126000,1709332131999,2576.54755850,4,0.00173000,108.03266990,0
1709332132000,62446.63000000,62446.63000000,62446.62000000,62446.63000000,0.08349000,1709332132999,5213.66835620,9,0.00524000,327.22034120,0
1709332133000,62446.63000000,62446.63000000,62446.62000000,62446.62000000,0.00083000,1709332133999,51.83069560,3,0.00010000,6.24466300,0
1709332134000,62446.62000000,62446.63000000,62431.80000000,62431.81000000,3.66645000,1709332134999,228938.44970920,165,0.01971000,1230.67852530,0
1709332135000,62431.80000000,62431.80000000,62427.68000000,62427.68000000,0.56829000,1709332135999,35478.07631630,60,0.03206000,2001.43823100,0
1709332136000,62427.68000000,62427.69000000,62427.68000000,62427.69000000,0.67521000,1709332136999,42151.79424910,8,0.04363000,2723.72011470,0
1709332137000,62427.68000000,62427.69000000,62427.68000000,62427.69000000,0.02391000,1709332137999,1492.64587720,5,0.00484000,302.15001960,0
1709332138000,62427.69000000,62427.69000000,62427.68000000,62427.68000000,0.02556000,1709332138999,1595.65158190,6,0.00811000,506.28856590,0
1709332139000,62427.68000000,62427.69000000,62425.96000000,62425.97000000,0.66083000,1709332139999,41253.32619630,75,0.09474000,5914.23656980,0
1709332140000,62425.96000000,62425.97000000,62425.96000000,62425.97000000,0.22629000,1709332140999,14126.37061820,45,0.01298000,810.28909060,0
1709332141000,62425.96000000,62425.97000000,62425.96000000,62425.97000000,0.02024000,1709332141999,1263.50145020,13,0.00198000,123.60342060,0
1709332142000,62425.97000000,62425.97000000,62425.96000000,62425.96000000,0.96973000,1709332142999,60536.32621160,15,0.00208000,129.84601760,0
1709332143000,62425.96000000,62425.97000000,62425.96000000,62425.96000000,0.07859000,1709332143999,4906.05652010,8,0.03237000,2020.72864890,0
1709332144000,62425.96000000,62425.96000000,62408.85000000,62408.85000000,2.58268000,1709332144999,161203.86924870,204,0.00411000,256.55153840,0
1709332145000,62408.44000000,62408.44000000,62400.05000000,62400.05000000,0.91500000,1709332145999,57099.70247170,90,0.04111000,2565.45940790,0
1709332146000,62400.01000000,62400.01000000,62394.00000000,62394.01000000,1.49446000,1709332146999,93253.96100840,226,0.00995000,620.83788950,0
1709332147000,62394.00000000,62394.00000000,62384.00000000,62384.01000000,1.12041000,1709332147999,69901.15734700,197,0.25152000,15690.89121720,0
1709332148000,62384.01000000,62386.00000000,62384.00000000,62385.99000000,0.55662000,1709332148999,34724.24229770,26,0.53976000,33672.41589930,0
1709332149000,62386.00000000,62392.00000000,62385.99000000,62391.99000000,1.96273000,1709332149999,122455.79856320,39,0.92992000,58016.79751130,0
1709332150000,62392.00000000,62393.33000000,62391.99000000,62393.33000000,0.62297000,1709332150999,38868.47808020,19,0.42695000,26638.40020040,0
1709332151000,62393.33000000,62398.00000000,62393.33000000,62397.99000000,0.29533000,1709332151999,18427.91650360,14,0.10282000,6415.67944870,0
1709332152000,62397.99000000,62398.00000000,62397.99000000,62397.99000000,0.45609000,1709332152999,28459.10048630,29,0.12272000,7657.48256000,0
1709332153000,62398.00000000,62398.00000000,62397.99000000,62398.00000000,0.53382000,1709332153999,33309.29511640,45,0.00946000,590.28508000,0
1709332154000,62397.99000000,62398.00000000,62397.99000000,62397.99000000,0.17562000,1709332154999,10958.33569740,17,0.06936000,4327.92528000,0
1709332155000,62397.99000000,62398.00000000,62397.99000000,62398.00000000,0.55635000,1709332155999,34715.12213490,12,0.03984000,2485.93632000,0
1709332156000,62398.00000000,62398.00000000,62397.99000000,62397.99000000,0.21946000,1709332156999,13693.86451580,16,0.16304000,10173.36992000,0
1709332157000,62398.00000000,62398.00000000,62397.99000000,62397.99000000,0.42236000,1709332157999,26354.41748460,20,0.24282000,15151.48236000,0
1709332158000,62398.00000000,62398.00000000,62397.99000000,62398.00000000,0.28751000,1709332158999,17940.04772630,59,0.16214000,10117.21172000,0
1709332159000,62397.99000000,62398.00000000,62388.89000000,62388.89000000,2.34550000,1709332159999,146350.14336740,61,0.35434000,22108.49530550,0
1709332160000,62388.88000000,62388.89000000,62388.88000000,62388.89000000,0.33148000,1709332160999,20680.66871710,15,0.27747000,17311.04530830,0
1709332161000,62388.89000000,62388.89000000,62388.89000000,62388.89000000,0.24376000,1709332161999,15207.91582640,7,0.24376000,15207.91582640,0
1709332162000,62388.89000000,62388.89000000,62388.88000000,62388.89000000,0.27581000,1709332162999,17207.47941550,13,0.24227000,15114.95638030,0
1709332163000,62388.89000000,62388.89000000,62388.88000000,62388.88000000,0.25639000,1709332163999,15995.88657810,18,0.16349000,10199.95962610,0
1709332164000,62388.88000000,62392.76000000,62388.88000000,62392.76000000,0.63203000,1709332164999,39431.99995150,25,0.62117000,38754.45466360,0
1709332165000,62392.75000000,62392.76000000,62392.75000000,62392.76000000,0.76645000,1709332165999,47820.92491310,14,0.16756000,10454.53086560,0
1709332166000,62392.75000000,62392.76000000,62392.75000000,62392.76000000,0.45799000,1709332166999,28575.25722850,11,0.16560000,10332.24105600,0
1709332167000,62392.76000000,62392.76000000,62392.75000000,62392.76000000,0.27867000,1709332167999,17386.99006910,12,0.24266000,15140.22714160,0
1709332168000,62392.76000000,62392.76000000,62392.75000000,62392.76000000,0.24674000,1709332168999,15394.78959820,11,0.24632000,15368.58464320,0
1709332169000,62392.76000000,62392.76000000,62392.75000000,62392.76000000,0.17727000,1709332169999,11060.36447520,10,0.16827000,10498.82972520,0
1709332170000,62392.76000000,62392.76000000,62392.00000000,62392.00000000,2.35612000,1709332170999,147004.68008540,31,0.16954000,10578.00847040,0
1709332171000,62392.01000000,62392.01000000,62392.00000000,62392.01000000,0.19411000,1709332171999,12110.91276000,8,0.16400000,10232.28964000,0
1709332172000,62392.00000000,62392.01000000,62386.00000000,62386.00000000,1.29237000,1709332172999,80633.52719470,34,0.24224000,15113.84050240,0
1709332173000,62385.99000000,62386.00000000,62385.99000000,62385.99000000,0.26271000,1709332173999,16389.42601790,10,0.25850000,16126.78100000,0
1709332174000,62386.00000000,62386.00000000,62385.99000000,62386.00000000,0.34224000,1709332174999,21350.98461790,11,0.34003000,21213.11158000,0
1709332175000,62385.99000000,62386.00000000,62385.99000000,62386.00000000,0.75226000,1709332175999,46930.48726440,24,0.24270000,15141.08220000,0
1709332176000,62385.99000000,62386.00000000,62385.99000000,62386.00000000,0.24681000,1709332176999,15397.48864650,9,0.24546000,15313.26756000,0
1709332177000,62385.99000000,62386.00000000,62384.00000000,62384.00000000,0.41073000,1709332177999,25623.38062850,40,0.24279000,15146.53453610,0
1709332178000,62384.00000000,62384.00000000,62380.01000000,62380.01000000,0.86656000,1709332178999,54058.04390250,73,0.26324000,16421.44085240,0
1709332179000,62380.00000000,62380.01000000,62380.00000000,62380.01000000,0.33184000,1709332179999,20700.18248170,10,0.32817000,20471.24788170,0
1709332180000,62380.00000000,62380.01000000,62373.67000000,62373.67000000,1.91476000,1709332180999,119441.04230500,136,0.17808000,11108.12629380,0
1709332181000,62373.67000000,62373.68000000,62373.67000000,62373.67000000,0.95923000,1709332181999,59830.69803850,53,0.25644000,15995.10649920,0
1709332182000,62373.68000000,62382.25000000,62373.67000000,62382.25000000,6.47590000,1709332182999,403932.64535600,64,6.45096000,402377.01226040,0
1709332183000,62382.24000000,62382.25000000,62382.24000000,62382.24000000,0.28717000,1709332183999,17914.31038580,15,0.25250000,15751.51812500,0
1709332184000,62382.24000000,62382.25000000,62382.24000000,62382.24000000,0.32474000,1709332184999,20258.01138590,18,0.27683000,17269.27826750,0
1709332185000,62382.25000000,62382.25000000,62382.24000000,62382.25000000,0.74445000,1709332185999,46440.46100310,13,0.24351000,15190.70169750,0
1709332186000,62382.24000000,62382.25000000,62382.24000000,62382.25000000,0.13139000,1709332186999,8196.40337680,8,0.08632000,5384.83582000,0
1709332187000,62382.25000000,62382.25000000,62382.24000000,62382.25000000,0.54239000,1709332187999,33835.50817730,18,0.50237000,31338.97093250,0
1709332188000,62382.24000000,62382.25000000,62382.24000000,62382.24000000,0.25491000,1709332188999,15901.85922110,41,0.24227000,15113.34770750,0
1709332189000,62382.25000000,62382.25000000,62382.24000000,62382.25000000,0.31591000,1709332189999,19707.17590090,12,0.24625000,15361.62906250,0
1709332190000,62382.25000000,62382.25000000,62382.00000000,62382.01000000,1.60092000,1709332190999,99868.91135160,48,0.32268000,20129.44620840,0
1709332191000,62382.00000000,62382.01000000,62380.80000000,62380.81000000,0.76954000,1709332191999,48004.90572890,35,0.24689000,15401.29430090,0
1709332192000,62380.81000000,62380.81000000,62377.27000000,62377.27000000,0.72763000,1709332192999,45389.46859210,33,0.24456000,15255.56443410,0
1709332193000,62377.28000000,62377.28000000,62377.27000000,62377.28000000,0.55394000,1709332193999,34553.26738170,37,0.24379000,15206.95709120,0
1709332194000,62377.28000000,62377.28000000,62373.67000000,62373.67000000,1.69424000,1709332194999,105679.38957460,85,0.24258000,15130.89925440,0
1709332195000,62373.68000000,62373.68000000,62373.18000000,62373.19000000,1.04585000,1709332195999,65233.39830900,51,0.17572000,10960.26330570,0
1709332196000,62373.19000000,62373.19000000,62373.18000000,62373.19000000,0.25248000,1709332196999,15747.98291300,13,0.24266000,15135.47828540,0
1709332197000,62373.19000000,62373.19000000,62373.18000000,62373.19000000,0.33906000,1709332197999,21148.25363520,9,0.32244000,20111.61138360,0
1709332198000,62373.19000000,62373.19000000,62373.18000000,62373.18000000,0.27945000,1709332198999,17430.18762470,14,0.24737000,15429.25601030,0
1709332199000,62373.19000000,62373.19000000,62368.95000000,62368.95000000,0.70877000,1709332199999,44206.63901740,112,0.26668000,16633.08400440,0
1709332200000,62368.95000000,62368.96000000,62364.00000000,62364.01000000,0.78479000,1709332200999,48943.33533970,135,0.20356000,12694.89202660,0
1709332201000,62364.01000000,62364.01000000,62364.00000000,62364.00000000,0.67214000,1709332201999,41917.34146250,32,0.25025000,15606.59350250,0
1709332202000,62364.00000000,62364.01000000,62364.00000000,62364.01000000,0.41543000,1709332202999,25907.87898860,18,0.24686000,15395.17950860,0
1709332203000,62364.01000000,62364.01000000,62362.33000000,62362.34000000,1.43310000,1709332203999,89373.52425890,50,0.22615000,14103.34851790,0
1709332204000,62362.34000000,62362.34000000,62362.33000000,62362.33000000,0.24155000,1709332204999,15063.62322510,5,0.24136000,15051.77438240,0
1709332205000,62362.34000000,62362.34000000,62362.33000000,62362.34000000,0.76257000,1709332205999,47555.64460820,21,0.26201000,16339.55670340,0
1709332206000,62362.34000000,62362.34000000,62359.77000000,62359.77000000,2.23493000,1709332206999,139375.10104130,91,0.25335000,15799.38940360,0
1709332207000,62359.78000000,62359.78000000,62359.77000000,62359.78000000,0.24919000,1709332207999,15539.43356320,9,0.24769000,15445.89390820,0
1709332208000,62359.77000000,62359.77000000,62357.96000000,62357.96000000,0.74843000,1709332208999,46671.69240430,58,0.24640000,15365.35869950,0
1709332209000,62357.96000000,62357.96000000,62355.56000000,62355.56000000,0.53507000,1709332209999,33365.33218960,69,0.37194000,23193.15780300,0
1709332210000,62355.57000000,62355.57000000,62355.56000000,62355.57000000,0.55551000,1709332210999,34639.13959050,27,0.24549000,15307.66887930,0
1709332211000,62355.56000000,62355.56000000,62354.89000000,62354.90000000,0.31703000,1709332211999,19768.40427720,33,0.26927000,16790.30392300,0
1709332212000,62354.90000000,62354.90000000,62354.89000000,62354.90000000,0.49105000,1709332212999,30619.37197440,26,0.32399000,20202.36405100,0
1709332213000,62354.89000000,62354.90000000,62354.16000000,62354.17000000,0.40292000,1709332213999,25123.96226500,30,0.29923000,18658.39704220,0
1709332214000,62354.16000000,62354.17000000,62354.16000000,62354.17000000,0.72339000,1709332214999,45106.37827550,44,0.24731000,15420.80978270,0
1709332215000,62354.17000000,62354.17000000,62352.75000000,62352.76000000,1.39305000,1709332215999,86861.36260520,62,0.24478000,15262.82185810,0
1709332216000,62352.76000000,62352.76000000,62341.10000000,62341.11000000,3.94907000,1709332216999,246222.97552110,167,0.25436000,15858.03188460,0
1709332217000,62341.10000000,62341.10000000,62333.49000000,62333.50000000,1.97016000,1709332217999,122819.86030360,79,0.11424000,7120.97904000,0
1709332218000,62333.50000000,62333.50000000,62333.49000000,62333.50000000,0.25608000,1709332218999,15962.36162060,12,0.15014000,9358.75169000,0
1709332219000,62333.50000000,62333.50000000,62333.49000000,62333.50000000,0.31172000,1709332219999,19430.59779580,17,0.22930000,14293.07155000,0
1709332220000,62333.50000000,62334.76000000,62333.50000000,62334.76000000,1.01939000,1709332220999,63542.72692220,50,1.01319000,63156.25147220,0
1709332221000,62334.76000000,62334.76000000,62334.75000000,62334.76000000,0.64108000,1709332221999,39961.56711810,33,0.55881000,34833.28723560,0
1709332222000,62334.76000000,62341.10000000,62334.75000000,62341.10000000,0.62368000,1709332222999,38878.57678190,29,0.60125000,37480.38107740,0
1709332223000,62341.10000000,62341.10000000,62341.09000000,62341.09000000,0.29944000,1709332223999,18667.41848650,18,0.24969000,15565.94925900,0
1709332224000,62341.10000000,62341.10000000,62341.09000000,62341.10000000,0.24403000,1709332224999,15213.09847120,10,0.22785000,14204.41963500,0
1709332225000,62341.10000000,62341.10000000,62341.09000000,62341.10000000,0.78529000,1709332225999,48955.83658300,29,0.20169000,12573.57645900,0
1709332226000,62341.09000000,62341.10000000,62341.09000000,62341.09000000,0.56387000,1709332226999,35152.27284800,27,0.24297000,15147.01706700,0
1709332227000,62341.09000000,62341.10000000,62341.09000000,62341.09000000,0.18937000,1709332227999,11805.53384000,12,0.16267000,10141.02673700,0
1709332228000,62341.10000000,62341.10000000,62341.09000000,62341.10000000,0.19132000,1709332228999,11927.09923310,13,0.18943000,11809.27457300,0
1709332229000,62341.09000000,62351.10000000,62341.09000000,62351.10000000,1.37419000,1709332229999,85670.65165860,54,1.26689000,78981.44701360,0
1709332230000,62351.09000000,62357.19000000,62351.09000000,62357.19000000,0.71045000,1709332230999,44299.34079070,32,0.50651000,31582.78275370,0
1709332231000,62357.18000000,62357.19000000,62357.18000000,62357.19000000,0.29660000,1709332231999,18495.14206510,16,0.24771000,15446.49953490,0
1709332232000,62357.19000000,62364.00000000,62357.19000000,62364.00000000,1.06931000,1709332232999,66682.25438370,22,1.05220000,65615.20651480,0
1709332233000,62364.00000000,62364.00000000,62363.99000000,62364.00000000,0.41337000,1709332233999,25779.40665790,20,0.41116000,25641.58224000,0
1709332234000,62364.00000000,62364.00000000,62363.99000000,62364.00000000,0.25082000,1709332234999,15642.13843730,14,0.24655000,15375.84420000,0
1709332235000,62364.00000000,62364.00000000,62363.99000000,62363.99000000,0.33137000,1709332235999,20665.55784210,17,0.24758000,15440.07912000,0
1709332236000,62364.00000000,62364.00000000,62363.99000000,62364.00000000,0.23230000,1709332236999,14487.15689830,10,0.20213000,12605.63532000,0
1709332237000,62364.00000000,62364.00000000,62363.99000000,62364.00000000,0.42634000,1709332237999,26588.26686080,23,0.33642000,20980.49688000,0
1709332238000,62364.00000000,62364.00000000,62363.99000000,62364.00000000,0.33342000,1709332238999,20793.40467940,16,0.31336000,19542.38304000,0
1709332239000,62364.00000000,62364.00000000,62363.99000000,62364.00000000,0.85893000,1709332239999,53566.30435820,16,0.24275000,15138.86100000,0
1709332240000,62364.00000000,62364.00000000,62363.99000000,62364.00000000,2.31485000,1709332240999,144363.28909980,50,0.68483000,42708.73812000,0
1709332241000,62363.99000000,62364.00000000,62363.99000000,62363.99000000,0.79087000,1709332241999,49321.81039740,28,0.16261000,10141.01004000,0
1709332242000,62364.00000000,62364.00000000,62361.33000000,62361.34000000,3.06967000,1709332242999,191435.14235660,61,0.31159000,19431.56150920,0
1709332243000,62361.34000000,62361.34000000,62361.33000000,62361.34000000,0.50881000,1709332243999,31730.07011970,19,0.18024000,11240.00792160,0
1709332244000,62361.34000000,62361.34000000,62354.89000000,62354.89000000,1.84569000,1709332244999,115096.96581500,52,1.01053000,63018.00491020,0
1709332245000,62354.89000000,62354.89000000,62346.93000000,62346.94000000,0.53308000,1709332245999,33237.46078520,38,0.00640000,399.02041600,0
1709332246000,62346.93000000,62346.94000000,62346.93000000,62346.94000000,0.82721000,1709332246999,51574.00431820,35,0.03529000,2200.22351260,0
1709332247000,62346.93000000,62346.94000000,62345.24000000,62345.24000000,1.86881000,1709332247999,116514.39582080,43,0.10144000,6324.30284560,0
1709332248000,62345.24000000,62345.24000000,62345.23000000,62345.24000000,0.57363000,1709332248999,35763.09679860,23,0.25137000,15671.72297880,0
1709332249000,62345.24000000,62345.24000000,62345.23000000,62345.23000000,1.48124000,1709332249999,92348.26092650,31,1.24413000,77565.58344120,0
1709332250000,62345.24000000,62345.24000000,62345.23000000,62345.23000000,1.21731000,1709332250999,75893.47785960,32,0.59283000,36960.12862920,0
1709332251000,62345.24000000,62345.24000000,62345.23000000,62345.24000000,1.35775000,1709332251999,84649.23811870,55,0.20862000,13006.46396880,0
1709332252000,62345.23000000,62345.24000000,62345.23000000,62345.23000000,0.78016000,1709332252999,48639.25706970,34,0.24329000,15167.97343960,0
1709332253000,62345.24000000,62345.24000000,62345.23000000,62345.23000000,0.35770000,1709332253999,22300.89224170,12,0.34707000,21638.16244680,0
1709332254000,62345.24000000,62345.24000000,62345.23000000,62345.23000000,0.52850000,1709332254999,32949.45668890,41,0.26339000,16421.11276360,0
1709332255000,62345.23000000,62345.24000000,62345.23000000,62345.23000000,0.58080000,1709332255999,36210.11215440,16,0.25704000,16025.22048960,0
1709332256000,62345.24000000,62345.24000000,62345.23000000,62345.24000000,0.36431000,1709332256999,22712.99413310,25,0.33918000,21146.25850320,0
1709332257000,62345.24000000,62345.24000000,62343.87000000,62343.88000000,0.76597000,1709332257999,47753.93916710,41,0.26392000,16453.93055200,0
1709332258000,62343.87000000,62343.88000000,62343.87000000,62343.88000000,0.41541000,1709332258999,25898.26979160,22,0.27549000,17175.11550120,0
1709332259000,62343.88000000,62343.88000000,62343.87000000,62343.87000000,0.41644000,1709332259999,25962.48471270,48,0.34899000,21757.39068120,0
1709332260000,62343.87000000,62343.88000000,62343.87000000,62343.88000000,1.21207000,1709332260999,75565.14197690,57,0.74660000,46545.94080800,0
1709332261000,62343.87000000,62343.88000000,62343.87000000,62343.88000000,0.21886000,1709332261999,13644.58049810,20,0.11099000,6919.54724120,0
1709332262000,62343.88000000,62343.88000000,62343.87000000,62343.88000000,0.18286000,1709332262999,11400.20156600,25,0.14978000,9337.86634640,0
1709332263000,62343.88000000,62343.88000000,62343.87000000,62343.88000000,0.38587000,1709332263999,24056.63157990,33,0.24630000,15355.29764400,0
1709332264000,62343.88000000,62346.94000000,62343.88000000,62346.94000000,1.70950000,1709332264999,106579.92083470,38,1.31266000,81838.16513350,0
1709332265000,62346.94000000,62351.99000000,62346.93000000,62351.98000000,0.50874000,1709332265999,31719.59049170,29,0.47298000,29489.88691890,0
1709332266000,62351.99000000,62356.00000000,62351.98000000,62356.00000000,0.27855000,1709332266999,17368.53648530,12,0.26346000,16427.64510710,0
1709332267000,62356.00000000,62359.26000000,62355.99000000,62359.26000000,0.51775000,1709332267999,32285.19301820,26,0.51583000,32165.46951740,0
1709332268000,62359.26000000,62359.26000000,62359.25000000,62359.26000000,0.88024000,1709332268999,54891.11307440,21,0.68544000,42743.53117440,0
1709332269000,62359.26000000,62359.26000000,62359.25000000,62359.26000000,0.26530000,1709332269999,16543.91166610,13,0.26411000,16469.70415860,0
1709332270000,62359.25000000,62364.05000000,62359.25000000,62364.04000000,1.71972000,1709332270999,107245.24928850,40,1.64311000,102467.61169880,0
1709332271000,62364.04000000,62366.56000000,62364.04000000,62366.56000000,0.93983000,1709332271999,58612.44161310,24,0.87108000,54324.91386310,0
1709332272000,62366.55000000,62366.56000000,62366.55000000,62366.56000000,0.27046000,1709332272999,16867.65956390,13,0.24509000,15285.42019040,0
1709332273000,62366.56000000,62366.56000000,62366.56000000,62366.56000000,0.24073000,1709332273999,15013.50198880,5,0.24073000,15013.50198880,0
1709332274000,62366.55000000,62366.56000000,62366.55000000,62366.56000000,0.32385000,1709332274999,20197.41042230,11,0.32048000,19987.23514880,0
1709332275000,62366.56000000,62366.56000000,62366.55000000,62366.55000000,0.00092000,1709332275999,57.37722780,2,0.00018000,11.22598080,0
1709332276000,62366.55000000,62366.56000000,62366.55000000,62366.55000000,0.20144000,1709332276999,12563.11947970,10,0.16477000,10276.13809120,0
1709332277000,62366.56000000,62366.56000000,62366.55000000,62366.56000000,0.33541000,1709332277999,20918.36784650,11,0.33110000,20649.56801600,0
1709332278000,62366.56000000,62366.56000000,62366.56000000,62366.56000000,0.13310000,1709332278999,8300.98913600,5,0.13310000,8300.98913600,0
1709332279000,62366.55000000,62366.56000000,62366.55000000,62366.56000000,0.22775000,1709332279999,14203.98353240,9,0.17699000,11038.25745440,0
1709332280000,62366.56000000,62366.56000000,62366.56000000,62366.56000000,0.74179000,1709332280999,46262.89054240,7,0.74179000,46262.89054240,0
1709332281000,62366.55000000,62366.56000000,62366.55000000,62366.56000000,0.25834000,1709332281999,16111.77709980,14,0.25728000,16045.66855680,0
1709332282000,62366.56000000,62366.90000000,62366.56000000,62366.90000000,0.18221000,1709332282999,11363.84881470,12,0.18190000,11344.51507880,0
1709332283000,62366.90000000,62367.14000000,62366.90000000,62367.14000000,0.55777000,1709332283999,34786.46323480,21,0.55707000,34742.80624380,0
1709332284000,62367.14000000,62368.96000000,62367.14000000,62368.95000000,0.42308000,1709332284999,26386.78345340,37,0.38785000,24189.52534490,0
1709332285000,62368.96000000,62368.96000000,62368.95000000,62368.96000000,0.10783000,1709332285999,6725.24478860,7,0.09101000,5676.19904960,0
1709332286000,62368.96000000,62368.96000000,62368.96000000,62368.96000000,0.08011000,1709332286999,4996.37738560,1,0.08011000,4996.37738560,0
1709332287000,62368.96000000,62368.96000000,62368.95000000,62368.95000000,0.21476000,1709332287999,13394.35732160,9,0.16196000,10101.27676160,0
1709332288000,62368.95000000,62368.96000000,62368.95000000,62368.96000000,0.18164000,1709332288999,11328.69773980,11,0.16618000,10364.47377280,0
1709332289000,62368.95000000,62368.96000000,62368.95000000,62368.96000000,0.49986000,1709332289999,31175.74833310,10,0.49861000,31097.78714560,0
1709332290000,62368.96000000,62368.96000000,62368.95000000,62368.96000000,0.77233000,1709332290999,48169.41855680,16,0.74033000,46173.61215680,0
1709332291000,62368.96000000,62368.96000000,62368.95000000,62368.96000000,0.24295000,1709332291999,15152.53880930,8,0.24068000,15010.96129280,0
1709332292000,62368.95000000,62368.96000000,62368.95000000,62368.95000000,0.08587000,1709332292999,5355.62253760,5,0.08011000,4996.37738560,0
1709332293000,62368.96000000,62368.96000000,62368.95000000,62368.95000000,0.27666000,1709332293999,17254.99614900,8,0.24420000,15230.50003200,0
1709332294000,62368.96000000,62368.96000000,62368.96000000,62368.96000000,0.24193000,1709332294999,15088.92249280,5,0.24193000,15088.92249280,0
1709332295000,62368.96000000,62369.05000000,62368.96000000,62369.04000000,1.03032000,1709332295999,64260.01152440,24,1.00493000,62676.46159880,0
1709332296000,62369.05000000,62369.79000000,62369.05000000,62369.78000000,0.31858000,1709332296999,19869.73763410,15,0.24033000,14989.30234910,0
1709332297000,62369.78000000,62370.30000000,62369.78000000,62370.30000000,0.47852000,1709332297999,29845.38748270,17,0.47778000,29799.23363130,0
1709332298000,62370.30000000,62384.00000000,62370.29000000,62384.00000000,0.53673000,1709332298999,33479.54173970,49,0.53326000,33263.10752140,0
1709332299000,62386.00000000,62394.00000000,62386.00000000,62394.00000000,0.92557000,1709332299999,57747.16192240,56,0.81737000,50996.34253480,0
1709332300000,62394.00000000,62405.35000000,62394.00000000,62405.35000000,1.49128000,1709332300999,93057.32414960,52,1.44923000,90433.18109860,0
1709332301000,62405.34000000,62405.35000000,62405.34000000,62405.35000000,0.34588000,1709332301999,21584.75991350,15,0.09143000,5705.72115050,0
1709332302000,62405.34000000,62405.35000000,62405.34000000,62405.35000000,0.01164000,1709332302999,726.39825550,6,0.00979000,610.94837650,0
1709332303000,62405.35000000,62408.34000000,62405.34000000,62408.33000000,0.26717000,1709332303999,16673.17448700,24,0.24974000,15585.40118210,0
1709332304000,62408.34000000,62408.34000000,62408.33000000,62408.34000000,0.36719000,1709332304999,22915.71833200,9,0.36393000,22712.26717620,0
1709332305000,62408.34000000,62411.10000000,62408.33000000,62411.09000000,0.19936000,1709332305999,12442.02368410,69,0.12921000,8063.89016420,0
1709332306000,62411.09000000,62411.10000000,62411.09000000,62411.09000000,0.60865000,1709332306999,37986.51145370,246,0.15252000,9518.94097200,0
1709332307000,62411.09000000,62411.10000000,62411.09000000,62411.09000000,0.64019000,1709332307999,39954.95762440,54,0.19173000,11966.08020300,0
1709332308000,62411.09000000,62411.10000000,62411.09000000,62411.10000000,0.40866000,1709332308999,25504.91684000,34,0.08006000,4996.63266600,0
1709332309000,62411.09000000,62411.10000000,62411.09000000,62411.10000000,0.25359000,1709332309999,15826.83072740,10,0.24143000,15067.91187300,0
1709332310000,62411.10000000,62412.92000000,62411.10000000,62412.91000000,0.95477000,1709332310999,59589.05075060,78,0.79534000,49638.56050930,0
1709332311000,62412.91000000,62412.92000000,62412.91000000,62412.92000000,0.12856000,1709332311999,8023.80489810,6,0.11885000,7417.77554200,0
1709332312000,62412.92000000,62412.92000000,62412.91000000,62412.91000000,0.16410000,1709332312999,10241.95991820,12,0.13872000,8657.92026240,0
1709332313000,62412.92000000,62412.92000000,62412.92000000,62412.92000000,0.00229000,1709332313999,142.92558680,1,0.00229000,142.92558680,0
1709332314000,62412.91000000,62412.92000000,62402.01000000,62402.01000000,4.63041000,1709332314999,288990.67798590,268,0.06326000,3948.22517240,0
1709332315000,62402.00000000,62402.00000000,62398.42000000,62398.42000000,0.64528000,1709332315999,40265.11934670,119,0.00358000,223.38637940,0
1709332316000,62398.42000000,62398.42000000,62390.00000000,62390.01000000,0.96156000,1709332316999,59995.80306610,88,0.06830000,4261.25301740,0
1709332317000,62390.01000000,62390.01000000,62386.06000000,62386.06000000,0.75966000,1709332317999,47393.75151100,27,0.05914000,3689.70292240,0
1709332318000,62386.06000000,62386.06000000,62386.06000000,62386.06000000,0.13668000,1709332318999,8526.92668080,4,0.13668000,8526.92668080,0
1709332319000,62386.05000000,62386.05000000,62376.01000000,62376.01000000,2.30838000,1709332319999,144005.99633170,117,0.00958000,597.56227160,0
1709332320000,62376.02000000,62376.02000000,62373.37000000,62373.37000000,0.71601000,1709332320999,44660.18273320,40,0.51643000,32211.52737500,0
1709332321000,62373.38000000,62373.38000000,62366.89000000,62366.91000000,1.32668000,1709332321999,82743.10452820,56,0.03568000,2225.25225460,0
1709332322000,62366.90000000,62366.91000000,62366.90000000,62366.90000000,1.52903000,1709332322999,95360.87111040,30,1.00034000,62388.11474940,0
1709332323000,62366.91000000,62366.91000000,62366.90000000,62366.90000000,0.16631000,1709332323999,10372.24077340,5,0.16344000,10193.24777040,0
1709332324000,62366.90000000,62366.90000000,62366.90000000,62366.90000000,0.95240000,1709332324999,59398.23556000,49,0.00000000,0.00000000,0
1709332325000,62366.91000000,62366.91000000,62366.90000000,62366.90000000,0.00627000,1709332325999,391.04051110,4,0.00481000,299.98483710,0
1709332326000,62366.90000000,62366.91000000,62366.90000000,62366.91000000,0.02474000,1709332326999,1542.95734840,3,0.02424000,1511.77389840,0
1709332327000,62366.90000000,62366.91000000,62366.90000000,62366.90000000,0.00408000,1709332327999,254.45695440,4,0.00024000,14.96805840,0
1709332328000,62366.91000000,62366.91000000,62366.90000000,62366.91000000,0.02694000,1709332328999,1680.16430070,7,0.00147000,91.67935770,0
1709332329000,62366.90000000,62366.91000000,62366.90000000,62366.90000000,0.01523000,1709332329999,949.84792550,6,0.00385000,240.11260350,0
1709332330000,62366.90000000,62371.29000000,62355.00000000,62355.00000000,15.21487000,1709332330999,948909.56997510,121,0.74826000,46664.40591760,0
1709332331000,62354.99000000,62355.00000000,62354.99000000,62355.00000000,0.91801000,1709332331999,57242.50457050,30,0.02006000,1250.84130000,0
1709332332000,62355.00000000,62355.00000000,62354.99000000,62354.99000000,1.28443000,1709332332999,80090.63264620,12,1.28405000,80066.93775000,0
1709332333000,62355.00000000,62355.00000000,62354.99000000,62354.99000000,0.00875000,1709332333999,545.60619180,7,0.00293000,182.70015000,0
1709332334000,62354.99000000,62354.99000000,62354.99000000,62354.99000000,0.00625000,1709332334999,389.71868750,2,0.00000000,0.00000000,0
1709332335000,62354.99000000,62355.00000000,62354.99000000,62354.99000000,0.01200000,1709332335999,748.25988290,5,0.00029000,18.08295000,0
1709332336000,62355.00000000,62355.00000000,62354.99000000,62355.00000000,0.07079000,1709332336999,4414.10974540,6,0.00033000,20.57715000,0
1709332337000,62354.99000000,62355.00000000,62354.99000000,62355.00000000,0.00086000,1709332337999,53.62529520,3,0.00038000,23.69490000,0
1709332338000,62354.99000000,62354.99000000,62354.99000000,62354.99000000,0.00087000,1709332338999,54.24884130,3,0.00000000,0.00000000,0
1709332339000,62354.99000000,62355.00000000,62354.99000000,62355.00000000,0.02776000,1709332339999,1730.97479020,5,0.02678000,1669.86690000,0
1709332340000,62354.99000000,62355.00000000,62354.99000000,62355.00000000,0.50228000,1709332340999,31319.66937720,4,0.50000000,31177.50000000,0
1709332341000,62355.00000000,62355.00000000,62354.99000000,62354.99000000,2.64253000,1709332341999,164774.95765610,27,2.59314000,161695.24470000,0
1709332342000,62354.99000000,62355.00000000,62354.99000000,62355.00000000,0.01604000,1709332342999,1000.17408070,4,0.00411000,256.27905000,0
1709332343000,62354.99000000,62355.00000000,62354.99000000,62355.00000000,0.12802000,1709332343999,7982.68590400,5,0.00842000,525.02910000,0
1709332344000,62355.00000000,62358.22000000,62354.99000000,62358.22000000,2.34846000,1709332344999,146438.33019570,30,2.29122000,142869.13056810,0
1709332345000,62358.22000000,62358.22000000,62358.22000000,62358.22000000,0.00039000,1709332345999,24.31970580,1,0.00039000,24.31970580,0
1709332346000,62358.21000000,62358.22000000,62358.21000000,62358.21000000,0.11843000,1709332346999,7385.08287340,6,0.00631000,393.48036820,0
1709332347000,62358.21000000,62358.22000000,62358.21000000,62358.21000000,0.24933000,1709332347999,15547.77264920,12,0.01499000,934.74971780,0
1709332348000,62358.21000000,62358.22000000,62358.21000000,62358.22000000,0.02921000,1709332348999,1821.48331780,6,0.00037000,23.07254140,0
1709332349000,62358.21000000,62358.22000000,62358.21000000,62358.22000000,0.00249000,1709332349999,155.27195210,2,0.00092000,57.36956240,0
1709332350000,62358.22000000,62364.17000000,62358.22000000,62364.16000000,0.60041000,1709332350999,37443.56970640,15,0.60019000,37429.84959120,0
1709332351000,62364.17000000,62365.95000000,62364.17000000,62365.94000000,0.72594000,1709332351999,45273.60859590,10,0.64015000,39923.23460330,0
1709332352000,62365.95000000,62365.95000000,62365.94000000,62365.95000000,0.70316000,1709332352999,43853.23500000,12,0.06296000,3926.56021200,0
1709332353000,62365.94000000,62365.94000000,62365.94000000,62365.94000000,0.06457000,1709332353999,4026.96874580,3,0.00000000,0.00000000,0
1709332354000,62365.95000000,62365.95000000,62365.95000000,62365.95000000,0.01167000,1709332354999,727.81063650,4,0.01167000,727.81063650,0
1709332355000,62365.94000000,62365.94000000,62365.94000000,62365.94000000,0.00072000,1709332355999,44.90347680,1,0.00000000,0.00000000,0
1709332356000,62365.95000000,62365.95000000,62365.94000000,62365.95000000,0.01272000,1709332356999,793.29487030,6,0.01135000,707.85353250,0
1709332357000,62365.94000000,62365.94000000,62365.94000000,62365.94000000,0.09765000,1709332357999,6090.03404100,7,0.00000000,0.00000000,0
1709332358000,62365.94000000,62365.95000000,62365.94000000,62365.94000000,0.53682000,1709332358999,33479.28433720,26,0.04264000,2659.28410800,0
1709332359000,62365.94000000,62365.95000000,62365.94000000,62365.94000000,0.46565000,1709332359999,29040.70000500,32,0.00440000,274.41018000,0
1709332360000,62365.94000000,62365.95000000,62365.94000000,62365.95000000,1.14329000,1709332360999,71302.36264230,37,0.70997000,44277.95352150,0
1709332361000,62365.94000000,62365.95000000,62365.94000000,62365.94000000,0.17110000,1709332361999,10670.81241150,6,0.00775000,483.33611250,0
1709332362000,62365.94000000,62365.94000000,62365.94000000,62365.94000000,0.13144000,1709332362999,8197.37915360,4,0.00000000,0.00000000,0
1709332363000,62365.94000000,62365.94000000,62365.94000000,62365.94000000,0.02585000,1709332363999,1612.15954900,2,0.00000000,0.00000000,0
1709332364000,62365.95000000,62365.95000000,62365.94000000,62365.94000000,0.00661000,1709332364999,412.23887940,2,0.00160000,99.78552000,0
1709332365000,62365.94000000,62365.95000000,62365.94000000,62365.94000000,0.01121000,1709332365999,699.12218870,3,0.00013000,8.10757350,0
1709332366000,62365.95000000,62377.57000000,62365.95000000,62377.56000000,3.84304000,1709332366999,239676.38629150,42,3.84281000,239662.03945270,0
1709332367000,62377.57000000,62377.57000000,62377.56000000,62377.56000000,0.03092000,1709332367999,1928.71446340,3,0.03082000,1922.47670740,0
1709332368000,62377.56000000,62381.09000000,62377.56000000,62381.09000000,0.39691000,1709332368999,24758.28185610,6,0.39517000,24649.74433690,0
1709332369000,62381.10000000,62381.10000000,62381.10000000,62381.10000000,0.00033000,1709332369999,20.58576300,1,0.00033000,20.58576300,0
1709332370000,62381.09000000,62385.99000000,62381.09000000,62385.99000000,0.67205000,1709332370999,41924.33417050,14,0.66070000,41216.25403100,0
1709332371000,62385.99000000,62385.99000000,62385.98000000,62385.99000000,0.25967000,1709332371999,16199.77000400,8,0.25774000,16079.36506260,0
1709332372000,62385.99000000,62385.99000000,62385.98000000,62385.99000000,0.01721000,1709332372999,1073.66272500,4,0.00092000,57.39511080,0
1709332373000,62385.99000000,62385.99000000,62385.99000000,62385.99000000,0.00317000,1709332373999,197.76358830,1,0.00317000,197.76358830,0
1709332374000,62385.99000000,62385.99000000,62385.98000000,62385.99000000,0.00725000,1709332374999,452.29836130,3,0.00063000,39.30317370,0
1709332375000,62385.98000000,62385.98000000,62385.98000000,62385.98000000,0.00125000,1709332375999,77.98247500,1,0.00000000,0.00000000,0
1709332376000,62385.98000000,62385.98000000,62385.98000000,62385.98000000,0.10499000,1709332376999,6549.90404020,2,0.00000000,0.00000000,0
1709332377000,62385.99000000,62385.99000000,62378.01000000,62378.01000000,4.25779000,1709332377999,265625.56128720,84,0.00735000,458.52474430,0
1709332378000,62378.01000000,62378.02000000,62374.70000000,62374.70000000,1.38028000,1709332378999,86097.88782810,64,0.00038000,23.70268770,0
1709332379000,62373.58000000,62373.58000000,62371.10000000,62371.10000000,0.22869000,1709332379999,14264.04744970,43,0.01107000,690.44818770,0
1709332380000,62371.11000000,62371.11000000,62371.10000000,62371.11000000,0.94939000,1709332380999,59214.50749890,36,0.88699000,55322.55085890,0
1709332381000,62371.10000000,62371.11000000,62371.10000000,62371.10000000,0.06702000,1709332381999,4180.11123790,5,0.01159000,722.88116490,0
1709332382000,62371.10000000,62371.11000000,62371.10000000,62371.10000000,0.14229000,1709332382999,8874.78385060,4,0.00316000,197.09270760,0
1709332383000,62371.11000000,62371.11000000,62371.10000000,62371.10000000,0.15378000,1709332383999,9591.42874950,11,0.09915000,6184.09555650,0
1709332384000,62371.10000000,62371.11000000,62371.10000000,62371.10000000,0.24022000,1709332384999,14982.78598040,10,0.03384000,2110.63836240,0
1709332385000,62371.11000000,62371.11000000,62371.10000000,62371.11000000,0.02566000,1709332385999,1600.44244500,10,0.00190000,118.50510900,0
1709332386000,62371.10000000,62371.11000000,62371.10000000,62371.10000000,0.43701000,1709332386999,27256.79483180,10,0.04208000,2624.57630880,0
1709332387000,62371.10000000,62371.11000000,62371.10000000,62371.10000000,0.01204000,1709332387999,750.94812070,4,0.00767000,478.38641370,0
1709332388000,62371.11000000,62371.11000000,62371.10000000,62371.10000000,0.36027000,1709332388999,22470.43955140,7,0.33544000,20921.76513840,0
1709332389000,62371.10000000,62371.11000000,62371.10000000,62371.11000000,0.56685000,1709332389999,35355.05820690,27,0.01719000,1072.15938090,0
1709332390000,62371.10000000,62371.11000000,62371.10000000,62371.11000000,0.50254000,1709332390999,31343.97760080,5,0.50068000,31227.96735480,0
1709332391000,62371.10000000,62371.11000000,62371.10000000,62371.11000000,0.12056000,1709332391999,7519.46012160,5,0.03056000,1906.06112160,0
1709332392000,62371.10000000,62371.11000000,62358.00000000,62358.00000000,3.03574000,1709332392999,189328.83098600,115,0.04947000,3085.22672470,0
1709332393000,62358.01000000,62358.01000000,62358.00000000,62358.00000000,0.01520000,1709332393999,947.84174560,6,0.01456000,907.93262560,0
1709332394000,62358.01000000,62358.01000000,62358.00000000,62358.00000000,0.43506000,1709332394999,27129.47154420,35,0.00642000,400.33842420,0
1709332395000,62358.01000000,62358.01000000,62358.00000000,62358.00000000,0.00141000,1709332395999,87.92479260,2,0.00126000,78.57109260,0
1709332396000,62358.01000000,62358.01000000,62358.00000000,62358.01000000,0.81797000,1709332396999,51006.98142470,4,0.81647000,50913.44442470,0
1709332397000,62358.01000000,62358.01000000,62358.00000000,62358.00000000,0.42908000,1709332397999,26756.57461010,15,0.39701000,24756.75355010,0
1709332398000,62358.01000000,62362.81000000,62358.01000000,62362.81000000,1.05041000,1709332398999,65501.59931420,24,1.05041000,65501.59931420,0
1709332399000,62362.80000000,62364.41000000,62362.80000000,62364.41000000,0.58567000,1709332399999,36524.38478930,9,0.35459000,22113.58896530,0
1709332400000,62364.41000000,62364.41000000,62364.40000000,62364.41000000,0.51362000,1709332400999,32031.60826190,8,0.51339000,32017.26444990,0
1709332401000,62364.40000000,62364.41000000,62364.40000000,62364.41000000,1.02617000,1709332401999,63996.47635290,4,0.00049000,30.55856090,0
1709332402000,62364.40000000,62364.41000000,62364.40000000,62364.41000000,0.06099000,1709332402999,3803.60502390,5,0.02679000,1670.74254390,0
1709332403000,62364.40000000,62364.41000000,62364.40000000,62364.40000000,0.03994000,1709332403999,2490.83449690,4,0.03609000,2250.73155690,0
1709332404000,62364.41000000,62364.41000000,62364.40000000,62364.41000000,0.01447000,1709332404999,902.41301070,5,0.01427000,889.94013070,0
1709332405000,62364.40000000,62366.65000000,62364.40000000,62366.64000000,1.02728000,1709332405999,64066.48522600,15,1.02019000,63624.31782200,0
1709332406000,62366.64000000,62366.65000000,62366.64000000,62366.64000000,0.39967000,1709332406999,24926.07501430,5,0.00055000,34.30165750,0
1709332407000,62366.64000000,62368.74000000,62366.64000000,62368.73000000,0.17587000,1709332407999,10968.45105110,10,0.17151000,10696.53064260,0
1709332408000,62368.73000000,62368.73000000,62368.73000000,62368.73000000,0.00380000,1709332408999,237.00117400,2,0.00000000,0.00000000,0
1709332409000,62368.74000000,62369.62000000,62368.74000000,62369.62000000,0.01725000,1709332409999,1075.86543030,5,0.01725000,1075.86543030,0
1709332410000,62369.61000000,62372.61000000,62369.61000000,62372.61000000,0.53600000,1709332410999,33430.62486370,12,0.50160000,31285.11027970,0
1709332411000,62372.61000000,62372.61000000,62372.60000000,62372.61000000,0.01615000,1709332411999,1007.31762500,4,0.01350000,842.03023500,0
1709332412000,62372.60000000,62372.60000000,62372.60000000,62372.60000000,0.00882000,1709332412999,550.12633200,2,0.00000000,0.00000000,0
1709332413000,62372.60000000,62372.61000000,62372.60000000,62372.61000000,1.31330000,1709332413999,81913.93836200,13,0.27820000,17352.06010200,0
1709332414000,62372.61000000,62372.61000000,62372.60000000,62372.60000000,0.06041000,1709332414999,3767.92908810,4,0.03221000,2009.02176810,0
1709332415000,62372.60000000,62372.61000000,62372.60000000,62372.61000000,0.02211000,1709332415999,1379.05818700,4,0.00010000,6.23726100,0
1709332416000,62372.60000000,62372.60000000,62372.60000000,62372.60000000,0.20947000,1709332416999,13065.18852200,18,0.00000000,0.00000000,0
1709332417000,62372.60000000,62372.61000000,62372.60000000,62372.60000000,0.07245000,1709332417999,4518.89537180,5,0.05018000,3129.85756980,0
1709332418000,62372.61000000,62372.61000000,62372.60000000,62372.60000000,0.31106000,1709332418999,19401.62097940,28,0.00234000,145.95190740,0
1709332419000,62372.61000000,62372.61000000,62372.60000000,62372.60000000,0.09861000,1709332419999,6150.56225210,8,0.01661000,1036.00905210,0
1709332420000,62372.61000000,62372.61000000,62372.60000000,62372.61000000,0.59008000,1709332420999,36804.82884710,7,0.50391000,31430.18190510,0
1709332421000,62372.61000000,62372.61000000,62372.61000000,62372.61000000,0.10048000,1709332421999,6267.19985280,4,0.10048000,6267.19985280,0
1709332422000,62372.60000000,62372.60000000,62372.15000000,62372.15000000,0.42749000,1709332422999,26663.58491430,38,0.07088000,4420.93870080,0
1709332423000,62372.16000000,62372.16000000,62372.16000000,62372.16000000,0.02936000,1709332423999,1831.24661760,2,0.02936000,1831.24661760,0
1709332424000,62372.15000000,62372.16000000,62372.15000000,62372.16000000,0.10314000,1709332424999,6433.06395920,6,0.04082000,2546.03157120,0
1709332425000,62372.16000000,62372.16000000,62372.16000000,62372.16000000,0.08158000,1709332425999,5088.32081280,3,0.08158000,5088.32081280,0
1709332426000,62372.16000000,62372.16000000,62372.15000000,62372.15000000,0.01708000,1709332426999,1065.31646230,2,0.01403000,875.08140480,0
1709332427000,62372.15000000,62372.15000000,62364.07000000,62364.07000000,1.32058000,1709332427999,82363.23852050,51,0.01841000,1148.12878810,0
1709332428000,62364.08000000,62364.08000000,62364.08000000,62364.08000000,0.03644000,1709332428999,2272.54707520,4,0.03644000,2272.54707520,0
1709332429000,62364.08000000,62364.08000000,62364.07000000,62364.08000000,0.32424000,1709332429999,20220.92607910,25,0.00223000,139.07189840,0
1709332430000,62364.07000000,62364.08000000,62364.07000000,62364.08000000,0.59850000,1709332430999,37324.90093900,12,0.50440000,31456.44195200,0
1709332431000,62364.07000000,62364.08000000,62364.07000000,62364.08000000,0.02184000,1709332431999,1362.03130720,2,0.00184000,114.74990720,0
1709332432000,62364.08000000,62364.08000000,62364.07000000,62364.07000000,0.16558000,1709332432999,10326.24276640,11,0.00558000,347.99156640,0
1709332433000,62364.07000000,62364.07000000,62364.07000000,62364.07000000,0.18133000,1709332433999,11308.47681310,16,0.00000000,0.00000000,0
1709332434000,62364.08000000,62364.08000000,62364.07000000,62364.07000000,0.13570000,1709332434999,8462.80523590,10,0.09369000,5842.89065520,0
1709332435000,62364.07000000,62364.07000000,62364.07000000,62364.07000000,0.13944000,1709332435999,8696.04592080,9,0.00000000,0.00000000,0
1709332436000,62364.07000000,62364.07000000,62364.07000000,62364.07000000,0.05319000,1709332436999,3317.14488330,10,0.00000000,0.00000000,0
1709332437000,62364.07000000,62364.08000000,62364.01000000,62364.02000000,1.69257000,1709332437999,105555.53548360,329,0.00619000,386.03337980,0
1709332438000,62364.01000000,62364.02000000,62364.01000000,62364.02000000,1.08607000,1709332438999,67731.69034470,10,1.00040000,62388.96560800,0
1709332439000,62364.01000000,62364.02000000,62364.01000000,62364.01000000,0.95507000,1709332439999,59561.99519990,121,0.01692000,1055.19921840,0
1709332440000,62364.01000000,62364.02000000,62359.36000000,62359.36000000,0.83250000,1709332440999,51914.99669090,65,0.53858000,33585.53604610,0
1709332441000,62359.36000000,62359.37000000,62359.36000000,62359.36000000,0.01292000,1709332441999,805.68296500,4,0.00338000,210.77467060,0
1709332442000,62359.37000000,62359.37000000,62343.87000000,62343.87000000,4.67593000,1709332442999,291557.74542500,165,0.07668000,4780.79657520,0
1709332443000,62343.87000000,62343.87000000,62343.18000000,62343.19000000,0.50106000,1709332443999,31237.78981750,35,0.00353000,220.07146070,0
1709332444000,62343.18000000,62343.19000000,62343.18000000,62343.19000000,0.04639000,1709332444999,2892.10015590,10,0.00357000,222.56518830,0
1709332445000,62343.19000000,62343.19000000,62343.18000000,62343.18000000,0.18371000,1709332445999,11453.06565370,16,0.00559000,348.49843210,0
1709332446000,62343.18000000,62343.18000000,62341.25000000,62341.26000000,0.45523000,1709332446999,28380.29407660,43,0.00065000,40.52181900,0
1709332447000,62341.26000000,62341.26000000,62341.25000000,62341.26000000,0.03838000,1709332447999,2392.65720820,7,0.00332000,206.97298320,0
1709332448000,62341.25000000,62341.25000000,62336.64000000,62336.65000000,2.15118000,1709332448999,134104.87089310,49,0.07075000,4410.31798750,0
1709332449000,62336.65000000,62336.65000000,62336.64000000,62336.64000000,0.16497000,1709332449999,10283.67560050,13,0.00997000,621.49640050,0
1709332450000,62336.64000000,62336.65000000,62336.64000000,62336.64000000,0.70252000,1709332450999,43792.74137990,14,0.50471000,31461.93062150,0
1709332451000,62336.64000000,62336.65000000,62336.64000000,62336.64000000,0.23944000,1709332451999,14925.88533070,13,0.02491000,1552.80595150,0
1709332452000,62336.64000000,62336.64000000,62327.29000000,62327.30000000,2.93151000,1709332452999,182736.13688610,167,0.01304000,812.74799200,0
1709332453000,62327.29000000,62327.30000000,62326.35000000,62326.35000000,3.41500000,1709332453999,212847.69536420,41,0.04788000,2984.23112400,0
1709332454000,62326.29000000,62326.29000000,62324.65000000,62324.66000000,0.07201000,1709332454999,4488.03936990,52,0.05026000,3132.46239950,0
1709332455000,62324.65000000,62324.66000000,62324.65000000,62324.66000000,0.05083000,1709332455999,3167.96223450,9,0.02750000,1713.92815000,0
1709332456000,62324.65000000,62324.66000000,62324.65000000,62324.66000000,0.40402000,1709332456999,25180.40522000,31,0.01270000,791.52318200,0
1709332457000,62324.66000000,62324.66000000,62324.66000000,62324.66000000,0.00826000,1709332457999,514.80169160,2,0.00826000,514.80169160,0
1709332458000,62324.65000000,62324.66000000,62324.65000000,62324.65000000,0.10659000,1709332458999,6643.18444610,9,0.00026000,16.20441160,0
1709332459000,62324.66000000,62324.66000000,62324.65000000,62324.65000000,1.31287000,1709332459999,81824.16341720,59,0.01717000,1070.11441220,0
1709332460000,62324.65000000,62324.66000000,62324.65000000,62324.65000000,0.54080000,1709332460999,33705.17574090,19,0.50209000,31292.58853940,0
1709332461000,62324.65000000,62324.65000000,62323.84000000,62323.85000000,1.32098000,1709332461999,82329.61365730,32,0.00274000,170.76734900,0
1709332462000,62323.85000000,62323.85000000,62323.85000000,62323.85000000,0.00113000,1709332462999,70.42595050,1,0.00113000,70.42595050,0
1709332463000,62323.85000000,62323.85000000,62323.84000000,62323.85000000,0.28321000,1709332463999,17650.73475850,10,0.00321000,200.05955850,0
1709332464000,62323.84000000,62323.85000000,62323.84000000,62323.84000000,0.30842000,1709332464999,19221.91895600,18,0.02232000,1391.06833200,0
1709332465000,62323.84000000,62323.84000000,62320.11000000,62320.12000000,0.59120000,1709332465999,36845.52260030,63,0.00058000,36.14566960,0
1709332466000,62320.12000000,62320.12000000,62319.86000000,62319.86000000,1.39151000,1709332466999,86718.81201090,46,0.02188000,1363.56319810,0
1709332467000,62319.87000000,62319.87000000,62319.86000000,62319.86000000,0.03037000,1709332467999,1892.65441900,6,0.02708000,1687.62207960,0
1709332468000,62319.86000000,62319.87000000,62319.86000000,62319.87000000,0.01362000,1709332468999,848.79662350,4,0.01303000,812.02790610,0
1709332469000,62319.87000000,62319.87000000,62319.86000000,62319.86000000,0.00491000,1709332469999,305.99051500,4,0.00024000,14.95676880,0
1709332470000,62319.87000000,62319.87000000,62319.86000000,62319.86000000,0.59869000,1709332470999,37310.28210920,14,0.51258000,31943.91896460,0
1709332471000,62319.87000000,62319.87000000,62319.86000000,62319.86000000,0.00361000,1709332471999,224.97469870,3,0.00041000,25.55114670,0
1709332472000,62319.87000000,62319.87000000,62319.86000000,62319.87000000,0.08239000,1709332472999,5134.53326830,6,0.00029000,18.07276230,0
1709332473000,62319.86000000,62319.86000000,62319.86000000,62319.86000000,0.02629000,1709332473999,1638.38911940,11,0.00000000,0.00000000,0
1709332474000,62319.87000000,62319.87000000,62319.87000000,62319.87000000,0.00486000,1709332474999,302.87456820,2,0.00486000,302.87456820,0
1709332475000,62319.87000000,62319.87000000,62319.86000000,62319.86000000,0.18762000,1709332475999,11692.45368060,10,0.15474000,9643.37668380,0
1709332476000,62319.86000000,62319.87000000,62319.86000000,62319.87000000,1.73539000,1709332476999,108149.26200010,25,0.01547000,964.08838890,0
1709332477000,62319.87000000,62319.87000000,62319.87000000,62319.87000000,0.00253000,1709332477999,157.66927110,3,0.00253000,157.66927110,0
1709332478000,62319.87000000,62319.87000000,62319.86000000,62319.86000000,0.14559000,1709332478999,9073.14845800,6,0.00406000,253.01867220,0
1709332479000,62319.87000000,62319.87000000,62319.86000000,62319.87000000,0.00198000,1709332479999,123.39333260,5,0.00098000,61.07347260,0
1709332480000,62319.87000000,62319.87000000,62319.86000000,62319.86000000,0.50759000,1709332480999,31632.94273740,5,0.50000000,31159.93500000,0
1709332481000,62319.87000000,62319.87000000,62319.86000000,62319.86000000,0.01692000,1709332481999,1054.45203360,2,0.00024000,14.95676880,0
1709332482000,62319.86000000,62319.87000000,62318.32000000,62318.32000000,1.21652000,1709332482999,75813.30690520,79,0.00364000,226.84186280,0
1709332483000,62318.32000000,62318.33000000,62318.32000000,62318.32000000,0.46148000,1709332483999,28758.65833720,31,0.00236000,147.07125880,0
1709332484000,62318.33000000,62318.33000000,62318.32000000,62318.33000000,0.09213000,1709332484999,5741.38692290,9,0.01013000,631.28468290,0
1709332485000,62318.33000000,62318.33000000,62318.32000000,62318.32000000,0.00462000,1709332485999,287.91068250,4,0.00441000,274.82383530,0
1709332486000,62318.32000000,62318.33000000,62318.32000000,62318.33000000,3.50205000,1709332486999,218241.90337880,34,3.08228000,192082.54219240,0
1709332487000,62318.32000000,62318.33000000,62318.32000000,62318.32000000,0.06173000,1709332487999,3846.90990430,8,0.00107000,66.68061310,0
1709332488000,62318.33000000,62318.33000000,62318.32000000,62318.32000000,0.00514000,1709332488999,320.31616760,4,0.00028000,17.44913240,0
1709332489000,62318.32000000,62318.33000000,62318.32000000,62318.32000000,0.44175000,1709332489999,27529.11816270,37,0.03027000,1886.37584910,0
1709332490000,62318.33000000,62318.33000000,62318.32000000,62318.33000000,0.87350000,1709332490999,54435.06103830,14,0.85183000,53084.62304390,0
1709332491000,62318.32000000,62318.33000000,62318.32000000,62318.33000000,0.00152000,1709332491999,94.72385390,2,0.00075000,46.73874750,0
1709332492000,62318.32000000,62318.33000000,62318.32000000,62318.32000000,0.00252000,1709332492999,157.04217290,3,0.00065000,40.50691450,0
1709332493000,62318.32000000,62318.33000000,62318.32000000,62318.33000000,0.00942000,1709332493999,587.03864450,2,0.00701000,436.85149330,0
1709332494000,62318.33000000,62318.33000000,62318.33000000,62318.33000000,0.00000000,1709332494999,0.00000000,0,0.00000000,0.00000000,0
1709332495000,62318.33000000,62318.33000000,62318.33000000,62318.33000000,0.00384000,1709332495999,239.30238720,2,0.00384000,239.30238720,0
1709332496000,62318.33000000,62318.33000000,62318.32000000,62318.33000000,0.00086000,1709332496999,53.59376180,4,0.00066000,41.13009780,0
1709332497000,62318.33000000,62318.33000000,62318.32000000,62318.32000000,0.01785000,1709332497999,1112.38218700,3,0.01750000,1090.57077500,0
1709332498000,62318.33000000,62318.33000000,62318.33000000,62318.33000000,0.01267000,1709332498999,789.57324110,2,0.01267000,789.57324110,0
1709332499000,62318.33000000,62318.33000000,62318.32000000,62318.32000000,0.05295000,1709332499999,3299.75531980,26,0.02758000,1718.73954140,0
1709332500000,62318.33000000,62318.33000000,62318.32000000,62318.32000000,0.64353000,1709332500999,40103.71404800,39,0.55784000,34763.65720720,0
1709332501000,62318.32000000,62318.33000000,62318.32000000,62318.33000000,0.00255000,1709332501999,158.91173020,5,0.00142000,88.49202860,0
1709332502000,62318.33000000,62318.33000000,62318.32000000,62318.32000000,0.00237000,1709332502999,147.69443870,4,0.00203000,126.50620990,0
1709332503000,62318.33000000,62318.33000000,62318.32000000,62318.33000000,0.01400000,1709332503999,872.45661350,4,0.01335000,831.94970550,0
1709332504000,62318.33000000,62318.33000000,62318.33000000,62318.33000000,0.00008000,1709332504999,4.98546640,1,0.00008000,4.98546640,0
1709332505000,62318.32000000,62318.33000000,62318.32000000,62318.32000000,0.00726000,1709332505999,452.43101430,5,0.00111000,69.17334630,0
1709332506000,62318.33000000,62318.33000000,62318.33000000,62318.33000000,0.00321000,1709332506999,200.04183930,1,0.00321000,200.04183930,0
1709332507000,62318.33000000,62318.33000000,62318.33000000,62318.33000000,0.00068000,1709332507999,42.37646440,2,0.00068000,42.37646440,0
1709332508000,62318.32000000,62323.10000000,62318.32000000,62323.10000000,1.67019000,1709332508999,104085.45394390,41,1.66522000,103775.73189350,0
1709332509000,62323.53000000,62327.28000000,62323.53000000,62327.27000000,0.07704000,1709332509999,4801.46049120,15,0.02797000,1743.20747410,0
1709332510000,62327.27000000,62338.50000000,62327.27000000,62338.50000000,1.32959000,1709332510999,82875.81330120,40,1.27535000,79495.05443070,0
1709332511000,62339.86000000,62347.34000000,62339.86000000,62347.34000000,0.13962000,1709332511999,8704.52746970,21,0.07078000,4412.59967250,0
1709332512000,62347.33000000,62347.34000000,62347.33000000,62347.33000000,0.00697000,1709332512999,434.56089470,3,0.00046000,28.67977640,0
1709332513000,62347.34000000,62347.34000000,62347.33000000,62347.33000000,0.02590000,1709332513999,1614.79594350,5,0.00965000,601.65183100,0
1709332514000,62347.33000000,62347.34000000,62347.33000000,62347.33000000,0.01540000,1709332514999,960.14888940,4,0.00074000,46.13703160,0
1709332515000,62347.34000000,62351.09000000,62347.33000000,62351.09000000,0.06281000,1709332515999,3916.12141120,14,0.04737000,2953.47720720,0
1709332516000,62351.10000000,62351.10000000,62351.09000000,62351.09000000,0.03879000,1709332516999,2418.59904170,6,0.02606000,1624.86966600,0
1709332517000,62351.10000000,62351.10000000,62351.09000000,62351.09000000,0.16112000,1709332517999,10046.00919990,6,0.15791000,9845.86220100,0
1709332518000,62351.10000000,62351.10000000,62351.09000000,62351.09000000,0.03116000,1709332518999,1942.86009590,7,0.01315000,819.91696500,0
1709332519000,62351.10000000,62351.10000000,62351.09000000,62351.10000000,0.16455000,1709332519999,10259.87350310,7,0.16436000,10248.02679600,0
1709332520000,62351.10000000,62351.10000000,62351.09000000,62351.10000000,0.54330000,1709332520999,33875.35237330,11,0.51763000,32274.79989300,0
1709332521000,62351.10000000,62351.10000000,62351.09000000,62351.09000000,0.01571000,1709332521999,979.53563100,11,0.00071000,44.26928100,0
1709332522000,62351.09000000,62351.10000000,62351.09000000,62351.09000000,0.27688000,1709332522999,17263.76987610,4,0.00769000,479.47995900,0
1709332523000,62351.09000000,62351.09000000,62351.09000000,62351.09000000,0.00815000,1709332523999,508.16138350,1,0.00000000,0.00000000,0
1709332524000,62351.10000000,62351.10000000,62351.09000000,62351.09000000,1.52627000,1709332524999,95164.59814340,6,0.00091000,56.73950100,0
1709332525000,62351.09000000,62351.10000000,62351.09000000,62351.10000000,0.01642000,1709332525999,1023.80505810,3,0.01603000,999.48813300,0
1709332526000,62351.10000000,62351.10000000,62351.09000000,62351.09000000,0.02507000,1709332526999,1563.14207440,2,0.02481000,1546.93079100,0
1709332527000,62351.09000000,62351.10000000,62351.09000000,62351.10000000,1.01411000,1709332527999,63230.87399990,15,1.01200000,63099.31320000,0
1709332528000,62351.10000000,62351.10000000,62351.09000000,62351.10000000,0.05569000,1709332528999,3472.33225230,8,0.00502000,313.00252200,0
1709332529000,62351.10000000,62351.10000000,62351.09000000,62351.09000000,0.06563000,1709332529999,4092.10253980,7,0.05031000,3136.88384100,0
1709332530000,62351.10000000,62351.10000000,62351.10000000,62351.10000000,0.50450000,1709332530999,31456.12995000,10,0.50450000,31456.12995000,0
1709332531000,62351.10000000,62351.10000000,62351.10000000,62351.10000000,0.00051000,1709332531999,31.79906100,1,0.00051000,31.79906100,0
1709332532000,62351.09000000,62355.78000000,62351.09000000,62355.78000000,1.49979000,1709332532999,93516.85494090,19,1.44085000,89841.88169630,0
1709332533000,62357.43000000,62357.44000000,62357.43000000,62357.43000000,0.05380000,1709332533999,3354.82973850,5,0.00045000,28.06084800,0
1709332534000,62357.43000000,62357.43000000,62357.43000000,62357.43000000,0.00193000,1709332534999,120.34983990,2,0.00000000,0.00000000,0
1709332535000,62357.44000000,62357.44000000,62357.44000000,62357.44000000,0.03737000,1709332535999,2330.29753280,3,0.03737000,2330.29753280,0
1709332536000,62357.44000000,62357.44000000,62357.44000000,62357.44000000,0.01351000,1709332536999,842.44901440,4,0.01351000,842.44901440,0
1709332537000,62357.44000000,62361.09000000,62357.43000000,62361.09000000,0.02600000,1709332537999,1621.32921240,23,0.01720000,1072.57929000,0
1709332538000,62361.09000000,62361.10000000,62361.09000000,62361.10000000,0.05183000,1709332538999,3232.17530590,6,0.00112000,69.84443200,0
1709332539000,62361.09000000,62361.10000000,62361.09000000,62361.09000000,0.01208000,1709332539999,753.32197620,4,0.00090000,56.12499000,0
1709332540000,62361.10000000,62364.13000000,62361.10000000,62364.13000000,0.58304000,1709332540999,36360.40889530,19,0.53038000,33076.47284270,0
1709332541000,62364.12000000,62364.13000000,62364.12000000,62364.13000000,0.00857000,1709332541999,534.46059040,2,0.00820000,511.38586600,0
1709332542000,62364.12000000,62364.12000000,62364.12000000,62364.12000000,0.01419000,1709332542999,884.94686280,3,0.00000000,0.00000000,0
1709332543000,62364.13000000,62368.20000000,62364.13000000,62368.20000000,0.05923000,1709332543999,3693.89235830,24,0.04594000,2865.03426380,0
1709332544000,62368.37000000,62368.37000000,62368.37000000,62368.37000000,0.01915000,1709332544999,1194.35428550,3,0.00000000,0.00000000,0
1709332545000,62368.38000000,62368.38000000,62368.38000000,62368.38000000,0.03704000,1709332545999,2310.12479520,3,0.03704000,2310.12479520,0
1709332546000,62368.38000000,62368.38000000,62368.37000000,62368.38000000,0.08186000,1709332546999,5105.47533240,12,0.05642000,3518.82399960,0
1709332547000,62368.38000000,62370.00000000,62368.38000000,62370.00000000,0.10684000,1709332547999,6663.57476520,21,0.02368000,1476.88639680,0
1709332548000,62370.00000000,62370.00000000,62369.99000000,62369.99000000,0.01246000,1709332548999,777.13013940,4,0.00640000,399.16800000,0
1709332549000,62369.99000000,62370.00000000,62369.99000000,62370.00000000,0.05312000,1709332549999,3313.09407420,7,0.02054000,1281.07980000,0
1709332550000,62369.99000000,62373.83000000,62369.99000000,62373.82000000,0.58927000,1709332550999,36753.94338760,39,0.50201000,31311.53614520,0
1709332551000,62373.83000000,62373.83000000,62373.82000000,62373.82000000,0.09501000,1709332551999,5926.13687750,3,0.02393000,1492.60575190,0
1709332552000,62373.82000000,62373.82000000,62373.82000000,62373.82000000,0.01033000,1709332552999,644.32156060,3,0.00000000,0.00000000,0
1709332553000,62373.83000000,62373.83000000,62373.83000000,62373.83000000,0.00155000,1709332553999,96.67943650,1,0.00155000,96.67943650,0
1709332554000,62373.82000000,62373.83000000,62373.82000000,62373.82000000,0.00509000,1709332554999,317.48274540,4,0.00016000,9.97981280,0
1709332555000,62373.82000000,62373.83000000,62373.82000000,62373.82000000,0.00441000,1709332555999,275.06855850,3,0.00123000,76.71981090,0
1709332556000,62373.82000000,62375.39000000,62373.82000000,62375.39000000,0.03605000,1709332556999,2248.57671650,15,0.01148000,716.05195910,0
1709332557000,62376.70000000,62379.41000000,62376.70000000,62379.41000000,0.04855000,1709332557999,3028.51526640,17,0.03497000,2181.40301440,0
1709332558000,62379.41000000,62379.41000000,62379.40000000,62379.40000000,0.00709000,1709332558999,442.26999160,2,0.00456000,284.45010960,0
1709332559000,62379.40000000,62379.41000000,62379.40000000,62379.41000000,0.52245000,1709332559999,32590.12053880,60,0.30088000,18768.71688080,0
1709332560000,62379.41000000,62379.41000000,62379.40000000,62379.41000000,0.79157000,1709332560999,49377.66682680,34,0.51688000,32242.66944080,0
1709332561000,62379.40000000,62379.41000000,62379.40000000,62379.40000000,0.00531000,1709332561999,331.23465400,6,0.00400000,249.51764000,0
1709332562000,62379.41000000,62379.65000000,62379.41000000,62379.65000000,0.00106000,1709332562999,66.12223220,9,0.00106000,66.12223220,0
1709332563000,62379.64000000,62379.64000000,62379.64000000,62379.64000000,0.00572000,1709332563999,356.81154080,5,0.00000000,0.00000000,0
1709332564000,62379.64000000,62379.64000000,62379.64000000,62379.64000000,0.00127000,1709332564999,79.22214280,2,0.00000000,0.00000000,0
1709332565000,62379.65000000,62379.65000000,62379.64000000,62379.64000000,0.23989000,1709332565999,14964.25184140,4,0.00018000,11.22833700,0
1709332566000,62379.64000000,62379.65000000,62379.64000000,62379.65000000,0.09659000,1709332566999,6025.24943810,8,0.00105000,65.49863250,0
1709332567000,62379.65000000,62379.65000000,62379.64000000,62379.64000000,0.03605000,1709332567999,2248.78613460,5,0.01126000,702.39485900,0
1709332568000,62379.65000000,62379.65000000,62379.64000000,62379.64000000,1.00036000,1709332568999,62402.10667200,4,1.00016000,62389.63074400,0
1709332569000,62379.65000000,62379.65000000,62379.64000000,62379.64000000,0.00252000,1709332569999,157.19671330,3,0.00205000,127.87828250,0
1709332570000,62379.65000000,62379.74000000,62379.64000000,62379.74000000,1.00264000,1709332570999,62544.34795830,18,0.84233000,52544.26786990,0
1709332571000,62379.73000000,62387.13000000,62379.73000000,62387.13000000,1.80839000,1709332571999,112812.66356660,42,1.80001000,112289.86141520,0
1709332572000,62387.13000000,62388.00000000,62387.13000000,62388.00000000,1.98771000,1709332572999,124008.02108430,19,1.40354000,87562.84956300,0
1709332573000,62387.99000000,62387.99000000,62387.99000000,62387.99000000,0.01932000,1709332573999,1205.33596680,2,0.00000000,0.00000000,0
1709332574000,62387.99000000,62388.00000000,62387.99000000,62387.99000000,0.00194000,1709332574999,121.03270250,3,0.00019000,11.85372000,0
1709332575000,62388.00000000,62388.00000000,62387.99000000,62387.99000000,0.03158000,1709332575999,1970.21272610,4,0.00019000,11.85372000,0
1709332576000,62388.00000000,62390.00000000,62388.00000000,62389.99000000,0.04545000,1709332576999,2835.59984190,19,0.01314000,819.77926500,0
1709332577000,62389.99000000,62390.00000000,62389.99000000,62390.00000000,0.04310000,1709332577999,2689.00897590,10,0.04069000,2538.64910000,0
1709332578000,62390.00000000,62393.13000000,62390.00000000,62393.13000000,0.36075000,1709332578999,22507.25089630,19,0.35380000,22073.61884680,0
1709332579000,62393.13000000,62401.46000000,62393.13000000,62401.46000000,1.28238000,1709332579999,80018.29497850,48,1.28065000,79910.35486360,0
1709332580000,62401.46000000,62401.46000000,62401.45000000,62401.45000000,0.51490000,1709332580999,32130.51173160,9,0.51266000,31990.73248360,0
1709332581000,62401.45000000,62401.46000000,62401.45000000,62401.45000000,0.21436000,1709332581999,13376.37482280,153,0.00008000,4.99211680,0
1709332582000,62401.45000000,62401.46000000,62401.45000000,62401.45000000,0.32442000,1709332582999,20244.27842380,152,0.00148000,92.35416080,0
1709332583000,62401.45000000,62401.46000000,62401.45000000,62401.45000000,0.00244000,1709332583999,152.25954340,4,0.00054000,33.69678840,0
1709332584000,62401.46000000,62401.46000000,62401.45000000,62401.45000000,0.01163000,1709332584999,725.72894110,5,0.00776000,484.23532960,0
1709332585000,62401.45000000,62401.46000000,62401.45000000,62401.45000000,0.05102000,1709332585999,3183.72208200,3,0.01030000,642.73503800,0
1709332586000,62401.45000000,62401.46000000,62401.45000000,62401.45000000,0.44992000,1709332586999,28075.66039580,65,0.00118000,73.63372280,0
1709332587000,62401.45000000,62401.46000000,62401.45000000,62401.46000000,0.29314000,1709332587999,18292.36115990,40,0.01069000,667.07160740,0
1709332588000,62401.45000000,62401.46000000,62401.45000000,62401.45000000,0.00348000,1709332588999,217.15704770,5,0.00017000,10.60824820,0
1709332589000,62401.46000000,62401.46000000,62401.46000000,62401.46000000,0.00091000,1709332589999,56.78532860,2,0.00091000,56.78532860,0
1709332590000,62401.45000000,62407.01000000,62401.45000000,62407.01000000,0.52053000,1709332590999,32482.16961390,31,0.50084000,31253.48506340,0
1709332591000,62407.73000000,62409.60000000,62407.73000000,62409.60000000,0.03555000,1709332591999,2218.62919160,14,0.03555000,2218.62919160,0
1709332592000,62409.60000000,62409.60000000,62409.60000000,62409.60000000,0.04025000,1709332592999,2511.98640000,5,0.04025000,2511.98640000,0
1709332593000,62409.59000000,62409.99000000,62409.59000000,62409.99000000,0.05233000,1709332593999,3265.89490020,14,0.00334000,208.44809010,0
1709332594000,62410.00000000,62410.00000000,62410.00000000,62410.00000000,0.00417000,1709332594999,260.24970000,3,0.00417000,260.24970000,0
1709332595000,62409.99000000,62409.99000000,62409.99000000,62409.99000000,0.00442000,1709332595999,275.85215580,3,0.00000000,0.00000000,0
1709332596000,62409.99000000,62414.00000000,62409.99000000,62413.99000000,0.17674000,1709332596999,11030.59970530,26,0.17508000,10926.99508190,0
1709332597000,62413.99000000,62414.00000000,62413.99000000,62414.00000000,0.00683000,1709332597999,426.28760750,5,0.00558000,348.27012000,0
1709332598000,62413.99000000,62414.00000000,62413.99000000,62414.00000000,0.00207000,1709332598999,129.19696730,3,0.00080000,49.93120000,0
1709332599000,62413.99000000,62417.09000000,62413.99000000,62417.09000000,0.14582000,1709332599999,9101.44010160,14,0.02318000,1446.75830800,0
1709332600000,62417.08000000,62418.96000000,62417.08000000,62418.95000000,0.50308000,1709332600999,31400.79297870,8,0.50063000,31247.86894480,0
1709332601000,62418.95000000,62418.96000000,62418.95000000,62418.96000000,0.09371000,1709332601999,5849.28036850,4,0.05640000,3520.42934400,0
1709332602000,62418.95000000,62419.14000000,62418.95000000,62419.13000000,0.02729000,1709332602999,1703.41396500,4,0.02651000,1654.72710300,0
1709332603000,62419.13000000,62419.14000000,62419.13000000,62419.14000000,0.02461000,1709332603999,1536.13490580,7,0.01165000,727.18298100,0
1709332604000,62419.13000000,62419.14000000,62419.13000000,62419.14000000,0.02765000,1709332604999,1725.88921840,4,0.02739000,1709.66024460,0
1709332605000,62419.14000000,62419.14000000,62419.13000000,62419.14000000,0.00162000,1709332605999,101.11899790,3,0.00073000,45.56597220,0
1709332606000,62419.13000000,62419.13000000,62419.13000000,62419.13000000,0.00220000,1709332606999,137.32208600,2,0.00000000,0.00000000,0
1709332607000,62419.13000000,62419.14000000,62419.13000000,62419.14000000,0.10133000,1709332607999,6324.93143020,5,0.09873000,6162.64169220,0
1709332608000,62419.14000000,62419.14000000,62419.14000000,62419.14000000,0.00095000,1709332608999,59.29818300,1,0.00095000,59.29818300,0
1709332609000,62419.14000000,62419.14000000,62419.14000000,62419.14000000,0.03977000,1709332609999,2482.40919780,6,0.03850000,2403.13689000,0
1709332610000,62419.15000000,62422.00000000,62419.15000000,62422.00000000,0.50000000,1709332610999,31210.20973820,11,0.50000000,31210.20973820,0
1709332611000,62421.99000000,62421.99000000,62421.99000000,62421.99000000,0.00318000,1709332611999,198.50192820,2,0.00000000,0.00000000,0
1709332612000,62421.99000000,62422.00000000,62421.99000000,62422.00000000,0.05405000,1709332612999,3373.90909780,4,0.05383000,3360.17626000,0
1709332613000,62421.99000000,62422.00000000,62421.99000000,62422.00000000,0.00145000,1709332613999,90.51189420,3,0.00087000,54.30714000,0
1709332614000,62421.99000000,62422.00000000,62421.99000000,62421.99000000,0.42644000,1709332614999,26619.23349950,121,0.00839000,523.72058000,0
1709332615000,62422.00000000,62422.00000000,62421.99000000,62422.00000000,0.23481000,1709332615999,14657.30978460,8,0.23127000,14436.33594000,0
1709332616000,62421.99000000,62422.00000000,62421.99000000,62422.00000000,0.01529000,1709332616999,954.43224770,4,0.00206000,128.58932000,0
1709332617000,62421.99000000,62422.00000000,62421.99000000,62421.99000000,0.02452000,1709332617999,1530.58719730,6,0.00025000,15.60550000,0
1709332618000,62422.00000000,62422.00000000,62421.99000000,62421.99000000,1.00066000,1709332618999,62463.19851620,8,1.00028000,62439.47816000,0
1709332619000,62421.99000000,62422.00000000,62421.99000000,62422.00000000,0.06710000,1709332619999,4188.51570970,40,0.01807000,1127.96554000,0
1709332620000,62422.00000000,62422.38000000,62421.99000000,62422.38000000,0.53509000,1709332620999,33401.38807820,43,0.51761000,32310.25142000,0
1709332621000,62422.50000000,62422.71000000,62422.50000000,62422.70000000,0.05010000,1709332621999,3127.37724350,6,0.00029000,18.10255650,0
1709332622000,62422.71000000,62422.71000000,62422.70000000,62422.70000000,0.03240000,1709332622999,2022.49552090,6,0.00409000,255.30888390,0
1709332623000,62422.70000000,62422.70000000,62422.70000000,62422.70000000,0.02125000,1709332623999,1326.48237500,2,0.00000000,0.00000000,0
1709332624000,62422.70000000,62422.70000000,62422.70000000,62422.70000000,0.01155000,1709332624999,720.98218500,2,0.00000000,0.00000000,0
1709332625000,62422.70000000,62422.71000000,62422.70000000,62422.70000000,0.01671000,1709332625999,1043.08332990,5,0.00129000,80.52529590,0
1709332626000,62422.70000000,62422.70000000,62422.70000000,62422.70000000,0.02515000,1709332626999,1569.93090500,3,0.00000000,0.00000000,0
1709332627000,62422.71000000,62424.58000000,62422.70000000,62424.58000000,0.02933000,1709332627999,1830.86150120,12,0.01985000,1239.09430520,0
1709332628000,62424.57000000,62424.58000000,62424.57000000,62424.57000000,0.06800000,1709332628999,4244.87103810,6,0.02781000,1736.02756980,0
1709332629000,62424.57000000,62424.58000000,62424.57000000,62424.58000000,0.01269000,1709332629999,792.16787460,5,0.00813000,507.51183540,0
1709332630000,62424.58000000,62430.20000000,62424.58000000,62430.19000000,0.61768000,1709332630999,38560.88319400,96,0.58081000,36259.08295990,0
1709332631000,62430.19000000,62430.20000000,62430.19000000,62430.20000000,0.00365000,1709332631999,227.87020820,3,0.00147000,91.77239400,0
1709332632000,62430.19000000,62430.20000000,62430.19000000,62430.20000000,0.00416000,1709332632999,259.70960780,2,0.00174000,108.62854800,0
1709332633000,62430.19000000,62430.20000000,62430.19000000,62430.19000000,0.61934000,1709332633999,38665.51993850,8,0.60639000,37857.04897800,0
1709332634000,62430.19000000,62430.20000000,62430.19000000,62430.20000000,0.00120000,1709332634999,74.91623790,3,0.00099000,61.80589800,0
1709332635000,62430.19000000,62430.19000000,62430.19000000,62430.19000000,0.08221000,1709332635999,5132.38591990,3,0.00000000,0.00000000,0
1709332636000,62430.20000000,62430.20000000,62430.20000000,62430.20000000,0.00463000,1709332636999,289.05182600,2,0.00463000,289.05182600,0
1709332637000,62430.19000000,62430.20000000,62430.19000000,62430.20000000,0.01206000,1709332637999,752.90809840,3,0.00070000,43.70114000,0
1709332638000,62430.20000000,62430.20000000,62430.19000000,62430.20000000,0.10706000,1709332638999,6683.77718310,7,0.10417000,6503.35393400,0
1709332639000,62430.20000000,62432.07000000,62430.20000000,62432.07000000,0.10433000,1709332639999,6513.43482350,15,0.10433000,6513.43482350,0
1709332640000,62432.06000000,62432.07000000,62432.06000000,62432.07000000,0.50287000,1709332640999,31395.21501870,9,0.50065000,31256.61584550,0
1709332641000,62432.07000000,62432.07000000,62432.06000000,62432.06000000,0.00100000,1709332641999,62.43206580,3,0.00058000,36.21060060,0
1709332642000,62432.07000000,62432.07000000,62432.07000000,62432.07000000,0.00037000,1709332642999,23.09986590,2,0.00037000,23.09986590,0
1709332643000,62432.06000000,62432.07000000,62432.06000000,62432.07000000,0.22430000,1709332643999,14003.51106120,113,0.00032000,19.97826240,0
1709332644000,62432.06000000,62432.06000000,62432.06000000,62432.06000000,0.02814000,1709332644999,1756.83816840,17,0.00000000,0.00000000,0
1709332645000,62432.06000000,62432.07000000,62432.06000000,62432.07000000,0.00540000,1709332645999,337.13315740,3,0.00334000,208.52311380,0
1709332646000,62432.06000000,62432.07000000,62432.06000000,62432.06000000,0.18628000,1709332646999,11629.84453940,75,0.04026000,2513.51513820,0
1709332647000,62432.06000000,62432.07000000,62432.06000000,62432.07000000,0.00943000,1709332647999,588.73434010,2,0.00143000,89.27786010,0
1709332648000,62432.06000000,62432.07000000,62432.06000000,62432.07000000,0.00931000,1709332648999,581.24248620,4,0.00076000,47.44837320,0
1709332649000,62432.06000000,62432.06000000,62432.06000000,62432.06000000,0.00039000,1709332649999,24.34850340,1,0.00000000,0.00000000,0
1709332650000,62432.07000000,62432.07000000,62432.06000000,62432.07000000,0.50798000,1709332650999,31714.24291540,12,0.50766000,31694.26465620,0
1709332651000,62432.06000000,62432.07000000,62432.06000000,62432.07000000,0.08695000,1709332651999,5428.46770960,4,0.00926000,578.12096820,0
1709332652000,62432.07000000,62432.07000000,62432.06000000,62432.06000000,0.46243000,1709332652999,28870.45782620,4,0.03204000,2000.32352280,0
1709332653000,62432.06000000,62432.07000000,62432.06000000,62432.06000000,0.02491000,1709332653999,1555.18261620,6,0.00016000,9.98913120,0
1709332654000,62432.06000000,62432.07000000,62432.06000000,62432.07000000,0.13307000,1709332654999,8307.83529530,12,0.10711000,6687.09901770,0
1709332655000,62432.06000000,62432.07000000,62432.06000000,62432.07000000,0.08662000,1709332655999,5407.86584460,6,0.08074000,5040.76533180,0
1709332656000,62432.07000000,62433.99000000,62432.07000000,62433.99000000,0.01556000,1709332656999,971.45062080,38,0.01235000,771.04162170,0
1709332657000,62433.98000000,62433.99000000,62433.98000000,62433.99000000,0.00795000,1709332657999,496.35014680,4,0.00058000,36.21171420,0
1709332658000,62433.98000000,62433.99000000,62433.98000000,62433.99000000,0.00070000,1709332658999,43.70378970,2,0.00037000,23.10057630,0
1709332659000,62433.98000000,62433.99000000,62433.98000000,62433.98000000,0.03703000,1709332659999,2311.93028520,3,0.00058000,36.21171420,0
1709332660000,62433.99000000,62433.99000000,62433.98000000,62433.99000000,1.41757000,1709332660999,88504.54239250,11,0.53639000,33488.96789610,0
1709332661000,62433.99000000,62433.99000000,62433.99000000,62433.99000000,0.00000000,1709332661999,0.00000000,0,0.00000000,0.00000000,0
1709332662000,62433.99000000,62433.99000000,62433.98000000,62433.99000000,0.08372000,1709332662999,5226.97312110,6,0.03155000,1969.79238450,0
1709332663000,62433.98000000,62433.99000000,62433.98000000,62433.98000000,0.12281000,1709332663999,7667.51758380,9,0.05000000,3121.69950000,0
1709332664000,62433.99000000,62433.99000000,62433.98000000,62433.98000000,0.00089000,1709332664999,55.56625010,2,0.00079000,49.32285210,0
1709332665000,62433.98000000,62433.99000000,62433.98000000,62433.99000000,0.05863000,1709332665999,3660.50431140,35,0.00640000,399.57753600,0
1709332666000,62433.99000000,62433.99000000,62433.98000000,62433.99000000,0.10193000,1709332666999,6363.89604750,3,0.04661000,2910.04827390,0
1709332667000,62433.98000000,62433.99000000,62433.98000000,62433.98000000,0.03223000,1709332667999,2012.24740200,6,0.02266000,1414.75421340,0
1709332668000,62433.99000000,62433.99000000,62433.98000000,62433.99000000,0.00465000,1709332668999,290.31802810,5,0.00211000,131.73571890,0
1709332669000,62433.99000000,62433.99000000,62433.99000000,62433.99000000,0.00032000,1709332669999,19.97887680,1,0.00032000,19.97887680,0
1709332670000,62433.99000000,62436.22000000,62433.99000000,62436.21000000,0.50474000,1709332670999,31513.59170330,54,0.50236000,31364.99352350,0
1709332671000,62436.21000000,62436.22000000,62436.21000000,62436.22000000,0.03947000,1709332671999,2464.35726650,6,0.00578000,360.88135160,0
1709332672000,62436.26000000,62437.33000000,62436.26000000,62437.33000000,0.04499000,1709332672999,2809.05347550,17,0.04461000,2785.32769670,0
1709332673000,62437.33000000,62437.33000000,62437.33000000,62437.33000000,0.04195000,1709332673999,2619.24599350,2,0.04195000,2619.24599350,0
1709332674000,62437.32000000,62438.42000000,62437.32000000,62438.42000000,0.01116000,1709332674999,696.80189990,4,0.01078000,673.07571830,0
1709332675000,62438.52000000,62439.57000000,62438.52000000,62439.56000000,0.62796000,1709332675999,39209.21472130,11,0.50525000,31547.25631370,0
1709332676000,62439.56000000,62439.57000000,62439.56000000,62439.56000000,0.00500000,1709332676999,312.19784560,3,0.00456000,284.72443920,0
1709332677000,62439.56000000,62439.57000000,62439.56000000,62439.57000000,0.08753000,1709332677999,5465.33556110,6,0.08743000,5459.09160510,0
1709332678000,62439.56000000,62439.56000000,62439.56000000,62439.56000000,0.05722000,1709332678999,3572.79162320,2,0.00000000,0.00000000,0
1709332679000,62439.56000000,62439.57000000,62439.56000000,62439.57000000,0.08330000,1709332679999,5201.21608150,32,0.07335000,4579.94245950,0
1709332680000,62439.57000000,62439.57000000,62439.56000000,62439.56000000,0.54627000,1709332680999,34108.86357370,40,0.51325000,32047.10930250,0
1709332681000,62439.56000000,62439.56000000,62439.56000000,62439.56000000,0.00000000,1709332681999,0.00000000,0,0.00000000,0.00000000,0
1709332682000,62439.57000000,62439.57000000,62439.57000000,62439.57000000,0.00032000,1709332682999,19.98066240,2,0.00032000,19.98066240,0
1709332683000,62439.56000000,62439.57000000,62439.56000000,62439.57000000,0.00097000,1709332683999,60.56637550,3,0.00023000,14.36110110,0
1709332684000,62439.56000000,62439.57000000,62439.56000000,62439.57000000,0.03846000,1709332684999,2401.42583210,7,0.03545000,2213.48275650,0
1709332685000,62439.56000000,62439.57000000,62439.56000000,62439.57000000,0.03862000,1709332685999,2411.41618340,4,0.03762000,2348.97662340,0
1709332686000,62439.57000000,62440.00000000,62439.57000000,62440.00000000,0.06622000,1709332686999,4134.77001250,13,0.01603000,1000.90691440,0
1709332687000,62440.00000000,62440.00000000,62440.00000000,62440.00000000,0.00035000,1709332687999,21.85400000,2,0.00035000,21.85400000,0
1709332688000,62440.00000000,62440.00000000,62439.99000000,62439.99000000,0.01489000,1709332688999,929.73153850,8,0.00874000,545.72560000,0
1709332689000,62440.00000000,62440.00000000,62440.00000000,62440.00000000,0.00322000,1709332689999,201.05680000,1,0.00322000,201.05680000,0
1709332690000,62439.99000000,62442.01000000,62439.99000000,62442.01000000,0.53131000,1709332690999,33175.88928690,23,0.53079000,33143.41988910,0
1709332691000,62442.00000000,62442.00000000,62442.00000000,62442.00000000,0.01540000,1709332691999,961.60680000,2,0.00000000,0.00000000,0
1709332692000,62442.01000000,62442.01000000,62442.01000000,62442.01000000,0.00314000,1709332692999,196.06791140,1,0.00314000,196.06791140,0
1709332693000,62442.01000000,62442.23000000,62442.01000000,62442.22000000,0.08661000,1709332693999,5408.10444200,7,0.08442000,5271.35598020,0
1709332694000,62442.23000000,62442.23000000,62442.22000000,62442.22000000,0.73304000,1709332694999,45772.64497480,5,0.00260000,162.34979800,0
1709332695000,62442.22000000,62442.23000000,62442.22000000,62442.23000000,0.00043000,1709332695999,26.85015720,2,0.00026000,16.23497980,0
1709332696000,62442.22000000,62442.23000000,62442.22000000,62442.22000000,0.35164000,1709332696999,21957.18257470,11,0.03339000,2084.94605970,0
1709332697000,62442.22000000,62442.23000000,62442.22000000,62442.23000000,0.02942000,1709332697999,1837.05012530,3,0.00129000,80.55047670,0
1709332698000,62442.22000000,62442.22000000,62442.22000000,62442.22000000,0.00050000,1709332698999,31.22111000,2,0.00000000,0.00000000,0
1709332699000,62442.23000000,62442.23000000,62442.22000000,62442.22000000,0.07537000,1709332699999,4706.27012420,3,0.00028000,17.48382440,0
1709332700000,62442.23000000,62442.23000000,62442.23000000,62442.23000000,0.50000000,1709332700999,31221.11500000,2,0.50000000,31221.11500000,0
1709332701000,62442.23000000,62442.23000000,62442.23000000,62442.23000000,0.03202000,1709332701999,1999.40020460,2,0.03202000,1999.40020460,0
1709332702000,62442.22000000,62442.23000000,62442.22000000,62442.23000000,0.02158000,1709332702999,1347.50330930,5,0.02017000,1259.45977910,0
1709332703000,62442.22000000,62442.23000000,62442.22000000,62442.22000000,0.00388000,1709332703999,242.27581630,6,0.00027000,16.85940210,0
1709332704000,62442.22000000,62442.23000000,62442.22000000,62442.23000000,0.00961000,1709332704999,600.06981920,3,0.00800000,499.53784000,0
1709332705000,62442.23000000,62442.24000000,62442.23000000,62442.24000000,0.08745000,1709332705999,5460.57365240,5,0.06389000,3989.43471360,0
1709332706000,62442.23000000,62442.26000000,62442.23000000,62442.26000000,0.01281000,1709332706999,799.88513600,6,0.00893000,557.60920320,0
1709332707000,62442.27000000,62442.27000000,62442.26000000,62442.27000000,0.00223000,1709332707999,139.24624560,5,0.00058000,36.21651660,0
1709332708000,62442.27000000,62442.27000000,62442.26000000,62442.26000000,0.00252000,1709332708999,157.35450320,4,0.00080000,49.95381600,0
1709332709000,62442.27000000,62442.27000000,62442.27000000,62442.27000000,0.00134000,1709332709999,83.67264180,3,0.00134000,83.67264180,0
1709332710000,62442.26000000,62442.26000000,62440.48000000,62440.48000000,3.41128000,1709332710999,213005.17344320,357,0.50039000,31244.59679110,0
1709332711000,62440.48000000,62440.49000000,62440.48000000,62440.49000000,0.09241000,1709332711999,5770.12492290,59,0.01661000,1037.13653890,0
1709332712000,62440.49000000,62440.49000000,62440.48000000,62440.48000000,0.00140000,1709332712999,87.41668220,4,0.00102000,63.68929980,0
1709332713000,62440.48000000,62440.48000000,62440.48000000,62440.48000000,0.01270000,1709332713999,792.99409600,3,0.00000000,0.00000000,0
1709332714000,62440.48000000,62440.49000000,62421.99000000,62421.99000000,6.71561000,1709332714999,419280.84895140,205,0.00850000,530.74416500,0
1709332715000,62421.99000000,62421.99000000,62418.96000000,62418.96000000,1.09259000,1709332715999,68200.59459660,21,0.00000000,0.00000000,0
1709332716000,62418.96000000,62418.96000000,62411.10000000,62411.10000000,0.98459000,1709332716999,61454.19157590,66,0.04915000,3067.50901660,0
1709332717000,62411.10000000,62411.11000000,62411.10000000,62411.10000000,0.02928000,1709332717999,1827.39704320,7,0.00352000,219.68710720,0
1709332718000,62411.10000000,62411.11000000,62408.34000000,62408.34000000,0.69155000,1709332718999,43159.21166940,47,0.00076000,47.43125680,0
1709332719000,62408.34000000,62408.35000000,62406.41000000,62406.41000000,0.83935000,1709332719999,52382.43679190,24,0.40664000,25377.73144400,0
1709332720000,62404.13000000,62404.13000000,62398.82000000,62398.82000000,3.43736000,1709332720999,214495.14875580,39,0.10577000,6599.92715310,0
1709332721000,62398.83000000,62398.83000000,62398.82000000,62398.82000000,0.02309000,1709332721999,1440.78891290,5,0.01591000,992.76538530,0
1709332722000,62398.83000000,62408.98000000,62398.83000000,62408.97000000,1.39897000,1709332722999,87298.53299080,41,1.39858000,87274.19349250,0
1709332723000,62408.98000000,62408.98000000,62408.97000000,62408.97000000,0.02252000,1709332723999,1405.45022590,9,0.02215000,1382.35890700,0
1709332724000,62408.97000000,62408.98000000,62408.97000000,62408.98000000,0.00464000,1709332724999,289.57763010,5,0.00093000,58.04035140,0
1709332725000,62408.98000000,62408.98000000,62408.97000000,62408.98000000,0.07980000,1709332725999,4980.23618760,10,0.03816000,2381.52667680,0
1709332726000,62408.97000000,62408.98000000,62408.97000000,62408.97000000,0.00243000,1709332726999,151.65380830,6,0.00112000,69.89805760,0
1709332727000,62408.97000000,62408.97000000,62408.97000000,62408.97000000,0.00000000,1709332727999,0.00000000,0,0.00000000,0.00000000,0
1709332728000,62408.97000000,62408.98000000,62408.97000000,62408.97000000,0.12055000,1709332728999,7523.40138220,6,0.00487000,303.93173260,0
1709332729000,62408.98000000,62408.98000000,62408.97000000,62408.97000000,0.52797000,1709332729999,32950.06411440,9,0.02235000,1394.84070300,0
1709332730000,62408.97000000,62408.98000000,62408.97000000,62408.98000000,0.00995000,1709332730999,620.96928480,3,0.00333000,207.82190340,0
1709332731000,62408.98000000,62408.98000000,62408.97000000,62408.97000000,0.00199000,1709332731999,124.19386070,4,0.00104000,64.90533920,0
1709332732000,62408.97000000,62408.98000000,62408.97000000,62408.97000000,0.01390000,1709332732999,867.48474680,5,0.00638000,398.16929240,0
1709332733000,62408.97000000,62408.98000000,62408.97000000,62408.98000000,0.00239000,1709332733999,149.15745710,5,0.00188000,117.32888240,0
1709332734000,62408.97000000,62408.97000000,62408.97000000,62408.97000000,0.02885000,1709332734999,1800.49878450,4,0.00000000,0.00000000,0
1709332735000,62408.97000000,62408.98000000,62408.97000000,62408.98000000,0.04041000,1709332735999,2521.94678170,4,0.03040000,1897.23299200,0
1709332736000,62408.98000000,62408.98000000,62408.98000000,62408.98000000,0.00291000,1709332736999,181.61013180,2,0.00291000,181.61013180,0
1709332737000,62408.98000000,62408.98000000,62408.98000000,62408.98000000,0.00396000,1709332737999,247.13956080,2,0.00396000,247.13956080,0
1709332738000,62408.97000000,62408.98000000,62408.97000000,62408.98000000,0.13955000,1709332738999,8709.17264840,13,0.08849000,5522.57064020,0
1709332739000,62408.98000000,62408.98000000,62408.97000000,62408.98000000,0.53409000,1709332739999,33332.00698680,34,0.01995000,1245.05915100,0
1709332740000,62408.98000000,62408.98000000,62408.97000000,62408.98000000,0.05163000,1709332740999,3222.17544710,28,0.03260000,2034.53274800,0
1709332741000,62408.97000000,62408.97000000,62408.97000000,62408.97000000,0.02524000,1709332741999,1575.20240280,2,0.00000000,0.00000000,0
1709332742000,62408.98000000,62408.98000000,62408.98000000,62408.98000000,0.00012000,1709332742999,7.48907760,1,0.00012000,7.48907760,0
1709332743000,62408.98000000,62408.98000000,62408.97000000,62408.98000000,0.00326000,1709332743999,203.45327160,4,0.00294000,183.48240120,0
1709332744000,62408.98000000,62408.98000000,62408.98000000,62408.98000000,0.00000000,1709332744999,0.00000000,0,0.00000000,0.00000000,0
1709332745000,62408.98000000,62408.98000000,62408.98000000,62408.98000000,0.04838000,1709332745999,3019.34645240,1,0.04838000,3019.34645240,0
1709332746000,62408.97000000,62408.98000000,62408.97000000,62408.98000000,0.00381000,1709332746999,237.77820640,3,0.00307000,191.59556860,0
1709332747000,62408.97000000,62420.99000000,62408.97000000,62420.99000000,1.14319000,1709332747999,71348.73421140,37,1.10290000,68833.80085380,0
1709332748000,62420.98000000,62421.10000000,62420.98000000,62421.10000000,0.03314000,1709332748999,2068.63512700,3,0.03214000,2006.21414700,0
1709332749000,62427.24000000,62427.25000000,62427.24000000,62427.24000000,0.56661000,1709332749999,35371.89877690,11,0.03205000,2000.79336250,0
1709332750000,62427.24000000,62427.25000000,62427.24000000,62427.25000000,0.04124000,1709332750999,2574.49976380,4,0.03862000,2410.94039500,0
1709332751000,62427.25000000,62427.25000000,62427.24000000,62427.24000000,0.03015000,1709332751999,1882.18128760,2,0.00016000,9.98836000,0
1709332752000,62427.25000000,62427.25000000,62427.25000000,62427.25000000,0.00531000,1709332752999,331.48869750,2,0.00531000,331.48869750,0
1709332753000,62427.24000000,62427.25000000,62427.24000000,62427.24000000,0.00244000,1709332753999,152.32247260,3,0.00070000,43.69907500,0
1709332754000,62427.24000000,62427.25000000,62427.24000000,62427.24000000,0.50143000,1709332754999,31302.89096060,5,0.00074000,46.19616500,0
1709332755000,62427.24000000,62427.25000000,62427.24000000,62427.25000000,0.03256000,1709332755999,2032.63093750,3,0.00031000,19.35244750,0
1709332756000,62427.25000000,62427.25000000,62427.25000000,62427.25000000,0.00225000,1709332756999,140.46131250,2,0.00225000,140.46131250,0
1709332757000,62427.24000000,62427.25000000,62427.24000000,62427.24000000,0.01983000,1709332757999,1237.93217540,3,0.00062000,38.70489500,0
1709332758000,62427.25000000,62427.25000000,62427.25000000,62427.25000000,0.00246000,1709332758999,153.57103500,2,0.00246000,153.57103500,0
1709332759000,62427.25000000,62427.25000000,62427.24000000,62427.25000000,0.50148000,1709332759999,31306.01233000,6,0.00148000,92.39233000,0
1709332760000,62427.25000000,62429.22000000,62427.24000000,62429.22000000,0.05399000,1709332760999,3370.51036360,5,0.02170000,1354.67132500,0
1709332761000,62429.23000000,62429.23000000,62429.22000000,62429.23000000,0.35454000,1709332761999,22133.65830540,5,0.26466000,16522.52001180,0
1709332762000,62429.22000000,62429.23000000,62429.22000000,62429.23000000,0.04166000,1709332762999,2600.80131100,4,0.00058000,36.20895340,0
1709332763000,62429.23000000,62429.23000000,62429.22000000,62429.22000000,0.07166000,1709332763999,4473.67802460,8,0.01194000,745.40500620,0
1709332764000,62429.22000000,62429.22000000,62429.22000000,62429.22000000,0.97608000,1709332764999,60935.91305760,3,0.00000000,0.00000000,0
1709332765000,62429.22000000,62429.23000000,62429.22000000,62429.23000000,0.03053000,1709332765999,1905.96412850,7,0.00419000,261.57847370,0
1709332766000,62429.23000000,62429.23000000,62429.22000000,62429.23000000,0.03327000,1709332766999,2077.02031530,5,0.01659000,1035.70092570,0
1709332767000,62429.23000000,62429.23000000,62429.22000000,62429.22000000,0.27239000,1709332767999,17005.09795310,6,0.27173000,16963.89466790,0
1709332768000,62429.22000000,62429.22000000,62429.22000000,62429.22000000,0.04462000,1709332768999,2785.59179640,3,0.00000000,0.00000000,0
1709332769000,62429.23000000,62429.23000000,62429.22000000,62429.22000000,0.50485000,1709332769999,31517.39173340,3,0.00164000,102.38393720,0
1709332770000,62429.23000000,62429.23000000,62429.22000000,62429.22000000,0.04907000,1709332770999,3063.40230640,2,0.04810000,3002.84596300,0
1709332771000,62429.22000000,62429.23000000,62429.22000000,62429.22000000,0.01687000,1709332771999,1053.18094610,3,0.00047000,29.34173810,0
1709332772000,62429.22000000,62429.23000000,62429.22000000,62429.23000000,0.04935000,1709332772999,3080.88242080,4,0.04138000,2583.32153740,0
1709332773000,62429.22000000,62429.23000000,62429.22000000,62429.22000000,0.00386000,1709332773999,240.97679080,4,0.00016000,9.98867680,0
1709332774000,62429.22000000,62429.22000000,62429.22000000,62429.22000000,0.00223000,1709332774999,139.21716060,3,0.00000000,0.00000000,0
1709332775000,62429.22000000,62429.23000000,62429.22000000,62429.23000000,1.06969000,1709332775999,66779.92234180,6,1.00000000,62429.23000000,0
1709332776000,62429.22000000,62429.22000000,62429.22000000,62429.22000000,0.00101000,1709332776999,63.05351220,1,0.00000000,0.00000000,0
1709332777000,62429.22000000,62429.23000000,62429.22000000,62429.23000000,0.00419000,1709332777999,261.57843370,2,0.00019000,11.86155370,0
1709332778000,62429.22000000,62429.23000000,62429.22000000,62429.22000000,0.00658000,1709332778999,410.78427360,3,0.00060000,37.45753800,0
1709332779000,62429.23000000,62429.23000000,62429.22000000,62429.22000000,0.86950000,1709332779999,54282.21046930,13,0.36793000,22969.58659390,0
1709332780000,62429.22000000,62429.22000000,62429.22000000,62429.22000000,0.21688000,1709332780999,13539.64923360,14,0.00000000,0.00000000,0
1709332781000,62429.23000000,62429.23000000,62429.22000000,62429.23000000,0.05460000,1709332781999,3408.63595480,6,0.05428000,3388.65860440,0
1709332782000,62429.23000000,62429.23000000,62429.22000000,62429.23000000,0.01192000,1709332782999,744.15642010,3,0.01177000,734.79203710,0
1709332783000,62429.23000000,62429.23000000,62429.22000000,62429.22000000,0.12703000,1709332783999,7930.38507370,6,0.12571000,7847.97850330,0
1709332784000,62429.23000000,62431.10000000,62429.22000000,62431.09000000,1.96264000,1709332784999,122527.86540670,23,1.50627000,94036.19067730,0
1709332785000,62431.09000000,62431.10000000,62431.09000000,62431.09000000,0.06624000,1709332785999,4135.43542060,4,0.00190000,118.61909000,0
1709332786000,62431.10000000,62431.10000000,62431.09000000,62431.09000000,0.00666000,1709332786999,415.79110510,4,0.00457000,285.31012700,0
1709332787000,62431.09000000,62431.09000000,62431.09000000,62431.09000000,0.00000000,1709332787999,0.00000000,0,0.00000000,0.00000000,0
1709332788000,62431.09000000,62431.10000000,62431.09000000,62431.10000000,0.01683000,1709332788999,1050.71534170,4,0.00970000,605.58167000,0
1709332789000,62431.10000000,62431.10000000,62431.09000000,62431.09000000,0.53896000,1709332789999,33647.86062840,12,0.03620000,2260.00582000,0
1709332790000,62431.09000000,62431.09000000,62431.09000000,62431.09000000,0.00740000,1709332790999,461.99006600,1,0.00000000,0.00000000,0
1709332791000,62431.09000000,62431.09000000,62431.09000000,62431.09000000,0.01204000,1709332791999,751.67032360,2,0.00000000,0.00000000,0
1709332792000,62431.10000000,62431.10000000,62431.10000000,62431.10000000,0.38872000,1709332792999,24268.21719200,8,0.38872000,24268.21719200,0
1709332793000,62431.10000000,62431.10000000,62431.09000000,62431.10000000,0.25520000,1709332793999,15932.41471000,13,0.05420000,3383.76562000,0
1709332794000,62431.09000000,62431.10000000,62431.09000000,62431.10000000,0.02923000,1709332794999,1824.86076510,3,0.00044000,27.46968400,0
1709332795000,62431.09000000,62431.10000000,62431.09000000,62431.09000000,1.04866000,1709332795999,65468.99703600,18,1.01966000,63658.49542600,0
1709332796000,62431.09000000,62431.10000000,62431.09000000,62431.09000000,0.14017000,1709332796999,8750.96591730,7,0.00320000,199.77952000,0
1709332797000,62431.09000000,62431.10000000,62431.09000000,62431.09000000,0.07912000,1709332797999,4939.54854310,7,0.07023000,4384.53615300,0
1709332798000,62431.09000000,62431.09000000,62431.09000000,62431.09000000,0.00060000,1709332798999,37.45865400,2,0.00000000,0.00000000,0
1709332799000,62431.10000000,62431.10000000,62431.09000000,62431.10000000,0.53791000,1709332799999,33582.30784460,37,0.02227000,1390.34059700,0
1709332800000,62431.10000000,62431.10000000,62431.09000000,62431.09000000,0.86013000,1709332800999,53698.85582630,56,0.23846000,14887.32010600,0
1709332801000,62431.09000000,62431.10000000,62427.25000000,62427.25000000,0.80238000,1709332801999,50093.35027990,123,0.00087000,54.31271460,0
1709332802000,62427.26000000,62427.26000000,62427.25000000,62427.25000000,0.62960000,1709332802999,39304.19732260,289,0.07226000,4510.99380760,0
1709332803000,62427.25000000,62427.25000000,62424.56000000,62424.57000000,0.10304000,1709332803999,6432.48430470,29,0.00109000,68.04278130,0
1709332804000,62424.57000000,62424.57000000,62424.56000000,62424.56000000,0.02446000,1709332804999,1526.90496530,6,0.02277000,1421.40745890,0
1709332805000,62424.56000000,62424.56000000,62422.71000000,62422.71000000,0.33644000,1709332805999,21002.08821800,15,0.00000000,0.00000000,0
1709332806000,62422.71000000,62422.71000000,62422.71000000,62422.71000000,0.01182000,1709332806999,737.83643220,3,0.00000000,0.00000000,0
1709332807000,62422.72000000,62422.72000000,62422.71000000,62422.72000000,0.01004000,1709332807999,626.72410610,4,0.00977000,609.86997440,0
1709332808000,62422.71000000,62422.72000000,62416.36000000,62416.36000000,0.58044000,1709332808999,36230.47034190,38,0.00248000,154.80834560,0
1709332809000,62416.36000000,62416.36000000,62411.10000000,62411.11000000,1.02765000,1709332809999,64140.28940950,56,0.00087000,54.30041570,0
1709332810000,62411.11000000,62411.11000000,62411.10000000,62411.10000000,0.02907000,1709332810999,1814.29082910,7,0.01521000,949.27298310,0
1709332811000,62411.11000000,62411.11000000,62411.10000000,62411.10000000,0.46341000,1709332811999,28921.93248170,6,0.46307000,28900.71270770,0
1709332812000,62411.10000000,62411.11000000,62411.10000000,62411.11000000,0.02026000,1709332812999,1264.44900680,7,0.01208000,753.92620880,0
1709332813000,62411.10000000,62411.11000000,62411.10000000,62411.10000000,0.40115000,1709332813999,25036.21277310,9,0.00081000,50.55299910,0
1709332814000,62411.10000000,62411.10000000,62411.10000000,62411.10000000,0.06902000,1709332814999,4307.61412200,4,0.00000000,0.00000000,0
1709332815000,62411.10000000,62411.11000000,62411.10000000,62411.11000000,0.00449000,1709332815999,280.22586640,7,0.00274000,171.00644140,0
1709332816000,62411.11000000,62411.11000000,62410.55000000,62410.55000000,0.43494000,1709332816999,27145.07379790,20,0.01440000,898.71293300,0
1709332817000,62410.55000000,62410.56000000,62410.55000000,62410.56000000,0.00202000,1709332817999,126.06931560,2,0.00046000,28.70885760,0
1709332818000,62410.56000000,62410.56000000,62404.69000000,62404.69000000,0.66729000,1709332818999,41643.23742750,64,0.01794000,1119.63419520,0
1709332819000,62404.69000000,62404.70000000,62402.58000000,62402.58000000,0.53863000,1709332819999,33612.26171090,17,0.03205000,2000.07063500,0
1709332820000,62402.58000000,62402.59000000,62402.58000000,62402.59000000,0.01585000,1709332820999,989.08090460,5,0.00116000,72.38700440,0
1709332821000,62402.59000000,62402.59000000,62402.58000000,62402.59000000,0.11275000,1709332821999,7035.89123870,12,0.03437000,2144.77701830,0
1709332822000,62402.58000000,62402.58000000,62387.53000000,62387.53000000,6.75729000,1709332822999,421629.64091030,75,0.01190000,742.41230880,0
1709332823000,62387.53000000,62387.53000000,62381.95000000,62381.95000000,0.23359000,1709332823999,14572.46172770,38,0.00176000,109.79832160,0
1709332824000,62381.95000000,62381.95000000,62381.10000000,62381.10000000,0.06804000,1709332824999,4244.46187950,9,0.00045000,28.07149950,0
1709332825000,62381.10000000,62381.11000000,62381.10000000,62381.11000000,0.13897000,1709332825999,8669.10148850,15,0.00215000,134.11938650,0
1709332826000,62381.11000000,62381.11000000,62381.10000000,62381.11000000,0.12853000,1709332826999,8017.84310380,11,0.03208000,2001.18600880,0
1709332827000,62381.10000000,62381.11000000,62381.10000000,62381.10000000,0.01393000,1709332827999,868.96880820,5,0.00852000,531.48705720,0
1709332828000,62381.10000000,62381.11000000,62381.10000000,62381.10000000,0.30977000,1709332828999,19323.79431810,6,0.09711000,6057.82959210,0
1709332829000,62381.10000000,62381.11000000,62381.10000000,62381.10000000,0.61051000,1709332829999,38084.28626600,12,0.09050000,5645.49045500,0
1709332830000,62381.10000000,62381.10000000,62381.10000000,62381.10000000,0.02803000,1709332830999,1748.54223300,2,0.00000000,0.00000000,0
1709332831000,62381.11000000,62381.11000000,62381.10000000,62381.11000000,0.06465000,1709332831999,4032.93817500,9,0.00600000,374.28666000,0
1709332832000,62381.10000000,62381.11000000,62381.10000000,62381.11000000,0.04088000,1709332832999,2550.13975810,2,0.03901000,2433.48710110,0
1709332833000,62381.10000000,62381.11000000,62381.10000000,62381.11000000,0.04355000,1709332833999,2716.69697100,5,0.00660000,411.71532600,0
1709332834000,62381.11000000,62381.11000000,62381.11000000,62381.11000000,0.04809000,1709332834999,2999.90757990,1,0.04809000,2999.90757990,0
1709332835000,62381.11000000,62381.11000000,62381.10000000,62381.11000000,0.06220000,1709332835999,3880.10500490,9,0.05849000,3648.67112390,0
1709332836000,62381.10000000,62381.11000000,62381.10000000,62381.11000000,0.13732000,1709332836999,8566.17284050,7,0.01885000,1175.88392350,0
1709332837000,62381.10000000,62381.11000000,62381.10000000,62381.11000000,0.03298000,1709332837999,2057.32868720,3,0.00092000,57.39062120,0
1709332838000,62381.10000000,62381.11000000,62381.10000000,62381.11000000,0.00965000,1709332838999,601.97765710,4,0.00421000,262.62447310,0
1709332839000,62381.11000000,62381.11000000,62381.10000000,62381.11000000,0.55113000,1709332839999,34380.09584710,6,0.02041000,1273.19845510,0
1709332840000,62381.10000000,62381.11000000,62381.10000000,62381.10000000,0.03357000,1709332840999,2094.13367260,4,0.01456000,908.26896160,0
1709332841000,62381.11000000,62381.11000000,62381.10000000,62381.10000000,0.03197000,1709332841999,1994.32407700,6,0.03100000,1933.81441000,0
1709332842000,62381.10000000,62381.11000000,62381.10000000,62381.10000000,0.05391000,1709332842999,3362.96533730,3,0.02363000,1474.06562930,0
1709332843000,62381.10000000,62381.10000000,62381.10000000,62381.10000000,0.04585000,1709332843999,2860.17343500,10,0.00000000,0.00000000,0
1709332844000,62381.10000000,62381.11000000,62381.10000000,62381.11000000,0.00556000,1709332844999,346.83896630,3,0.00503000,313.77698330,0
1709332845000,62381.10000000,62381.11000000,62381.10000000,62381.11000000,0.00434000,1709332845999,270.73397870,4,0.00047000,29.31912170,0
1709332846000,62381.10000000,62381.10000000,62381.10000000,62381.10000000,0.03142000,1709332846999,1960.01416200,5,0.00000000,0.00000000,0
1709332847000,62381.10000000,62381.10000000,62380.00000000,62380.00000000,0.34296000,1709332847999,21394.21972610,46,0.00000000,0.00000000,0
1709332848000,62380.00000000,62380.01000000,62380.00000000,62380.00000000,0.02917000,1709332848999,1819.62461600,9,0.00160000,99.80801600,0
1709332849000,62380.00000000,62380.00000000,62375.89000000,62375.90000000,1.71413000,1709332849999,106920.50669450,41,1.04231000,65015.02432900,0
1709332850000,62375.89000000,62375.90000000,62375.89000000,62375.90000000,0.48033000,1709332850999,29961.01125320,16,0.00095000,59.25710500,0
1709332851000,62375.90000000,62375.90000000,62375.89000000,62375.90000000,0.05816000,1709332851999,3627.78198400,8,0.02216000,1382.24994400,0
1709332852000,62375.89000000,62375.90000000,62375.89000000,62375.90000000,0.34308000,1709332852999,21399.92034730,7,0.00061000,38.04929900,0
1709332853000,62375.89000000,62375.89000000,62375.89000000,62375.89000000,0.00030000,1709332853999,18.71276700,1,0.00000000,0.00000000,0
1709332854000,62375.89000000,62375.89000000,62375.89000000,62375.89000000,0.03693000,1709332854999,2303.54161770,2,0.00000000,0.00000000,0
1709332855000,62375.89000000,62375.90000000,62375.89000000,62375.90000000,0.32531000,1709332855999,20291.50079950,9,0.00236000,147.20712400,0
1709332856000,62375.90000000,62375.90000000,62375.89000000,62375.89000000,0.06045000,1709332856999,3770.62299870,15,0.04482000,2795.68783800,0
1709332857000,62375.89000000,62375.90000000,62375.89000000,62375.89000000,0.37801000,1709332857999,23578.71023850,13,0.00596000,371.76036400,0
1709332858000,62375.89000000,62375.90000000,62375.89000000,62375.89000000,0.00478000,1709332858999,298.15676990,5,0.00157000,97.93016300,0
1709332859000,62375.89000000,62375.90000000,62375.89000000,62375.89000000,0.84278000,1709332859999,52569.15267720,25,0.01030000,642.47177000,0
1709332860000,62375.90000000,62375.90000000,62375.89000000,62375.89000000,0.10140000,1709332860999,6324.91619320,21,0.09472000,5908.24524800,0
1709332861000,62375.89000000,62375.89000000,62375.89000000,62375.89000000,0.62076000,1709332861999,38720.45747640,18,0.00000000,0.00000000,0
1709332862000,62375.90000000,62375.90000000,62375.89000000,62375.89000000,0.02273000,1709332862999,1417.80398190,2,0.00022000,13.72269800,0
1709332863000,62375.89000000,62375.89000000,62375.89000000,62375.89000000,0.11715000,1709332863999,7307.33551350,6,0.00000000,0.00000000,0
1709332864000,62375.89000000,62375.90000000,62375.89000000,62375.89000000,0.33781000,1709332864999,21071.19940630,8,0.00054000,33.68298600,0
1709332865000,62375.89000000,62375.90000000,62375.89000000,62375.89000000,3.05069000,1709332865999,190289.50400380,17,0.01397000,871.39132300,0
1709332866000,62375.89000000,62375.90000000,62375.89000000,62375.90000000,0.01989000,1709332866999,1240.65645820,5,0.00061000,38.04929900,0
1709332867000,62375.89000000,62375.90000000,62375.89000000,62375.89000000,0.38519000,1709332867999,24026.56953040,13,0.04613000,2877.40026700,0
1709332868000,62375.89000000,62375.89000000,62375.89000000,62375.89000000,0.00068000,1709332868999,42.41560520,1,0.00000000,0.00000000,0
1709332869000,62375.89000000,62375.90000000,62375.89000000,62375.90000000,0.83307000,1709332869999,51963.48277850,16,0.00962000,600.05615800,0
1709332870000,62375.89000000,62375.89000000,62375.89000000,62375.89000000,0.01637000,1709332870999,1021.09331930,3,0.00000000,0.00000000,0
1709332871000,62375.89000000,62375.90000000,62375.89000000,62375.89000000,1.32512000,1709332871999,82655.53938440,22,0.00276000,172.15748400,0
1709332872000,62375.89000000,62375.90000000,62375.89000000,62375.90000000,0.04751000,1709332872999,2963.47855320,9,0.00193000,120.38548700,0
1709332873000,62375.89000000,62375.90000000,62375.89000000,62375.90000000,0.54064000,1709332873999,33722.90311880,16,0.19492000,12158.31042800,0
1709332874000,62375.90000000,62375.90000000,62375.89000000,62375.89000000,0.25894000,1709332874999,16151.61380900,12,0.08524000,5316.92171600,0
1709332875000,62375.90000000,62377.31000000,62375.89000000,62377.31000000,1.81690000,1709332875999,113331.70834120,51,1.81383000,113140.21435890,0
1709332876000,62377.31000000,62379.88000000,62377.31000000,62379.88000000,1.41733000,1709332876999,88411.12439900,22,1.08384000,67608.06155270,0
1709332877000,62379.88000000,62385.29000000,62379.88000000,62385.28000000,0.38270000,1709332877999,23874.24512870,20,0.38101000,23768.81400550,0
1709332878000,62385.29000000,62385.29000000,62385.28000000,62385.29000000,0.25899000,1709332878999,16157.16610120,10,0.24340000,15184.57958600,0
1709332879000,62385.29000000,62388.48000000,62385.28000000,62388.48000000,1.09064000,1709332879999,68042.53564130,33,0.58389000,36427.19302400,0
1709332880000,62388.48000000,62388.48000000,62388.47000000,62388.48000000,0.29510000,1709332880999,18410.84019550,21,0.26985000,16835.53132800,0
1709332881000,62388.47000000,62388.48000000,62388.47000000,62388.48000000,0.25756000,1709332881999,16068.77680660,14,0.24734000,15431.16664320,0
1709332882000,62388.48000000,62390.08000000,62388.48000000,62390.07000000,0.26620000,1709332882999,16607.87193620,18,0.25156000,15694.49239490,0
1709332883000,62390.08000000,62390.08000000,62390.08000000,62390.08000000,0.16034000,1709332883999,10003.62542720,3,0.16034000,10003.62542720,0
1709332884000,62390.08000000,62390.08000000,62390.07000000,62390.08000000,0.32230000,1709332884999,20108.32278180,9,0.32208000,20094.59696640,0
1709332885000,62390.07000000,62390.08000000,62390.07000000,62390.08000000,0.69904000,1709332885999,43613.16151490,12,0.69821000,43561.37775680,0
1709332886000,62390.07000000,62397.39000000,62390.07000000,62397.39000000,2.18216000,1709332886999,136153.45767070,31,1.85658000,115838.12127990,0
1709332887000,62397.39000000,62403.60000000,62397.38000000,62403.60000000,1.01101000,1709332887999,63087.12237800,24,0.96401000,60154.43532550,0
1709332888000,62403.59000000,62403.60000000,62403.59000000,62403.60000000,0.16347000,1709332888999,10201.11648360,9,0.16263000,10148.69746800,0
1709332889000,62403.60000000,62407.73000000,62403.60000000,62407.73000000,1.10569000,1709332889999,69003.31111900,12,0.27682000,17275.43764700,0
1709332890000,62407.73000000,62407.73000000,62407.73000000,62407.73000000,0.25296000,1709332890999,15786.65938080,5,0.25296000,15786.65938080,0
1709332891000,62407.73000000,62407.73000000,62407.72000000,62407.73000000,0.56353000,1709332891999,35168.62486940,13,0.24178000,15088.94095940,0
1709332892000,62407.73000000,62407.73000000,62407.72000000,62407.72000000,0.31335000,1709332892999,19555.46211300,10,0.30510000,19040.59842300,0
1709332893000,62407.73000000,62407.73000000,62407.72000000,62407.73000000,0.83134000,1709332893999,51882.03717990,12,0.32351000,20189.52473230,0
1709332894000,62407.73000000,62407.73000000,62407.72000000,62407.72000000,0.36047000,1709332894999,22496.11327690,17,0.24485000,15280.53269050,0
1709332895000,62408.23000000,62409.65000000,62408.23000000,62409.65000000,0.23220000,1709332895999,14491.50975000,9,0.16052000,10017.98844400,0
1709332896000,62409.65000000,62409.66000000,62409.65000000,62409.65000000,0.48510000,1709332896999,30274.92281620,6,0.16012000,9993.03475920,0
1709332897000,62409.66000000,62409.66000000,62409.65000000,62409.65000000,0.26830000,1709332897999,16744.51165860,7,0.25636000,15999.34043760,0
1709332898000,62409.65000000,62409.66000000,62409.65000000,62409.66000000,0.49024000,1709332898999,30595.70843350,6,0.16175000,10094.76250500,0
1709332899000,62409.66000000,62411.08000000,62409.66000000,62411.08000000,0.74727000,1709332899999,46637.69467530,11,0.24068000,15020.87072400,0
1709332900000,62411.08000000,62411.08000000,62411.07000000,62411.07000000,0.62638000,1709332900999,39093.04842840,12,0.24018000,14989.89319440,0
1709332901000,62411.08000000,62413.74000000,62411.08000000,62413.73000000,0.35814000,1709332901999,22352.43854070,14,0.32535000,20305.89233400,0
1709332902000,62413.74000000,62413.74000000,62413.73000000,62413.74000000,0.56754000,1709332902999,35422.29073890,8,0.24147000,15071.04579780,0
1709332903000,62413.74000000,62413.74000000,62413.73000000,62413.74000000,0.28693000,1709332903999,17908.37404850,8,0.24996000,15600.93845040,0
1709332904000,62413.74000000,62413.74000000,62413.73000000,62413.74000000,0.36211000,1709332904999,22600.63829350,10,0.25232000,15748.23487680,0
1709332905000,62413.74000000,62413.74000000,62413.73000000,62413.74000000,0.58503000,1709332905999,36513.90708790,16,0.26260000,16389.84812400,0
1709332906000,62413.74000000,62415.22000000,62413.73000000,62415.21000000,0.27176000,1709332906999,16961.74106490,23,0.26016000,16237.72517650,0
1709332907000,62415.22000000,62417.08000000,62415.22000000,62417.08000000,0.70975000,1709332907999,44300.19127490,24,0.36984000,23084.00501120,0
1709332908000,62417.07000000,62417.08000000,62417.07000000,62417.08000000,0.24140000,1709332908999,15067.48310930,5,0.24113000,15050.63050040,0
1709332909000,62417.08000000,62417.08000000,62417.07000000,62417.08000000,0.56185000,1709332909999,35069.03318100,8,0.24015000,14989.46176200,0
1709332910000,62417.08000000,62418.96000000,62417.08000000,62418.96000000,0.16067000,1709332910999,10028.70391210,4,0.16047000,10016.22012210,0
1709332911000,62418.96000000,62418.96000000,62418.95000000,62418.95000000,1.70825000,1709332911999,106627.17328510,10,0.19476000,12156.71664960,0
1709332912000,62418.96000000,62418.96000000,62418.95000000,62418.96000000,1.17760000,1709332912999,73504.56726770,12,1.17477000,73327.92163920,0
1709332913000,62418.96000000,62418.96000000,62418.96000000,62418.96000000,0.24049000,1709332913999,15011.13569040,4,0.24049000,15011.13569040,0
1709332914000,62418.96000000,62418.96000000,62418.95000000,62418.96000000,0.56514000,1709332914999,35275.44780770,7,0.24047000,15009.88731120,0
1709332915000,62418.96000000,62418.96000000,62418.95000000,62418.96000000,0.32494000,1709332915999,20282.41681500,7,0.32020000,19986.55099200,0
1709332916000,62418.95000000,62418.96000000,62418.95000000,62418.96000000,2.91765000,1709332916999,182116.66472610,23,1.52586000,95242.59430560,0
1709332917000,62418.96000000,62421.10000000,62418.96000000,62421.10000000,0.25701000,1709332917999,16042.64661020,15,0.25355000,15826.67344480,0
1709332918000,62421.10000000,62422.13000000,62421.10000000,62422.12000000,0.70500000,1709332918999,44007.48124800,15,0.27496000,17163.47276320,0
1709332919000,62422.13000000,62422.71000000,62422.12000000,62422.71000000,0.44465000,1709332919999,27756.10214610,28,0.43501000,27154.34787490,0
1709332920000,62422.71000000,62422.71000000,62422.70000000,62422.71000000,0.37922000,1709332920999,23671.93969110,39,0.33971000,21205.61881410,0
1709332921000,62422.70000000,62422.71000000,62422.70000000,62422.71000000,0.58886000,1709332921999,36758.23378330,10,0.26613000,16612.55581230,0
1709332922000,62422.71000000,62422.71000000,62422.70000000,62422.71000000,0.34964000,1709332922999,21825.47562630,8,0.27983000,17467.74693930,0
1709332923000,62422.71000000,62422.71000000,62422.70000000,62422.71000000,0.57802000,1709332923999,36081.57154270,9,0.24887000,15535.13983770,0
1709332924000,62422.71000000,62422.71000000,62422.71000000,62422.71000000,0.24803000,1709332924999,15482.70476130,8,0.24803000,15482.70476130,0
1709332925000,62422.71000000,62422.71000000,62422.70000000,62422.71000000,1.23049000,1709332925999,76810.51054500,11,0.24220000,15118.78036200,0
1709332926000,62422.71000000,62422.71000000,62422.70000000,62422.71000000,0.48773000,1709332926999,30445.42776730,15,0.42963000,26818.66889730,0
1709332927000,62422.71000000,62424.28000000,62422.71000000,62424.28000000,0.59797000,1709332927999,37327.72288890,30,0.27606000,17232.72613320,0
1709332928000,62424.27000000,62424.28000000,62424.27000000,62424.28000000,0.24364000,1709332928999,15209.05154580,6,0.24030000,15000.55448400,0
1709332929000,62424.28000000,62424.28000000,62424.28000000,62424.28000000,0.24191000,1709332929999,15101.05757480,4,0.24191000,15101.05757480,0
1709332930000,62424.28000000,62424.28000000,62424.27000000,62424.28000000,0.61951000,1709332930999,38672.46203160,22,0.25239000,15755.26402920,0
1709332931000,62424.28000000,62425.65000000,62424.28000000,62425.65000000,0.30622000,1709332931999,19115.68444090,42,0.30486000,19030.78664490,0
1709332932000,62425.65000000,62426.11000000,62425.64000000,62426.11000000,0.80264000,1709332932999,50105.36500760,28,0.32321000,20176.63421000,0
1709332933000,62426.10000000,62426.45000000,62426.10000000,62426.17000000,3.27421000,1709332933999,204397.19778850,44,0.24706000,15423.02242440,0
1709332934000,62426.17000000,62426.18000000,62426.17000000,62426.18000000,0.53513000,1709332934999,33406.11896950,15,0.26174000,16339.42835320,0
1709332935000,62426.18000000,62426.18000000,62426.18000000,62426.18000000,0.24972000,1709332935999,15589.06566960,7,0.24972000,15589.06566960,0
1709332936000,62426.17000000,62426.18000000,62426.17000000,62426.18000000,0.76600000,1709332936999,47818.45059610,17,0.43761000,27318.32062980,0
1709332937000,62426.17000000,62426.18000000,62426.17000000,62426.17000000,0.29850000,1709332937999,18634.21399320,9,0.22482000,14034.65378760,0
1709332938000,62426.17000000,62426.18000000,62426.17000000,62426.18000000,0.24367000,1709332938999,15211.38644470,5,0.16008000,9993.18289440,0
1709332939000,62426.17000000,62426.18000000,62426.17000000,62426.17000000,0.64689000,1709332939999,40382.86751250,10,0.24012000,14989.77434160,0
1709332940000,62426.18000000,62426.18000000,62426.17000000,62426.18000000,1.26152000,1709332940999,78751.87444150,13,1.24631000,77802.37239580,0
1709332941000,62426.18000000,62426.18000000,62426.17000000,62426.18000000,0.73168000,1709332941999,45675.98355390,18,0.34883000,21776.12436940,0
1709332942000,62426.17000000,62426.18000000,62426.17000000,62426.18000000,0.25152000,1709332942999,15701.43267960,12,0.24012000,14989.77434160,0
1709332943000,62426.17000000,62426.18000000,62426.17000000,62426.18000000,1.57381000,1709332943999,98246.94308470,22,1.24770000,77889.14478600,0
1709332944000,62426.18000000,62426.18000000,62426.18000000,62426.18000000,0.24212000,1709332944999,15114.62670160,4,0.24212000,15114.62670160,0
1709332945000,62426.17000000,62426.18000000,62426.17000000,62426.18000000,0.25780000,1709332945999,16093.46919230,14,0.25663000,16020.43057340,0
1709332946000,62426.17000000,62426.18000000,62426.17000000,62426.17000000,0.64096000,1709332946999,40012.68038340,16,0.24602000,15358.08880360,0
1709332947000,62426.18000000,62426.48000000,62426.18000000,62426.47000000,0.16798000,1709332947999,10486.37589180,6,0.16052000,10020.67442560,0
1709332948000,62426.48000000,62426.49000000,62426.47000000,62426.49000000,1.65927000,1709332948999,103582.37209040,15,0.32118000,20050.13684810,0
1709332949000,62426.53000000,62428.33000000,62426.53000000,62428.33000000,0.30478000,1709332949999,19026.81859350,83,0.29087000,18158.44811340,0
1709332950000,62428.32000000,62429.20000000,62428.32000000,62429.20000000,0.69988000,1709332950999,43692.64827720,55,0.25182000,15720.79044660,0
1709332951000,62429.20000000,62429.20000000,62429.20000000,62429.20000000,0.29839000,1709332951999,18628.24898800,4,0.29839000,18628.24898800,0
1709332952000,62429.19000000,62429.20000000,62429.19000000,62429.20000000,0.64870000,1709332952999,40497.81875580,20,0.32028000,19994.82417600,0
1709332953000,62429.20000000,62429.21000000,62429.20000000,62429.21000000,0.24691000,1709332953999,15414.39464050,8,0.16006000,9992.41775200,0
1709332954000,62429.22000000,62429.22000000,62429.21000000,62429.22000000,0.35397000,1709332954999,22098.07066720,11,0.32035000,19999.20062700,0
1709332955000,62429.21000000,62429.22000000,62429.21000000,62429.22000000,0.58430000,1709332955999,36477.38982470,14,0.24217000,15118.48420740,0
1709332956000,62429.21000000,62429.22000000,62429.21000000,62429.22000000,0.28128000,1709332956999,17560.09003510,9,0.18463000,11526.30688860,0
1709332957000,62429.21000000,62431.05000000,62429.21000000,62431.05000000,0.75003000,1709332957999,46823.95171490,94,0.41602000,25971.97094620,0
1709332958000,62431.09000000,62435.43000000,62431.09000000,62435.43000000,0.25911000,1709332958999,16177.01261130,35,0.25337000,15818.64802150,0
1709332959000,62435.42000000,62435.43000000,62435.42000000,62435.42000000,1.35269000,1709332959999,84455.77010990,15,0.18301000,11426.30804430,0
1709332960000,62435.42000000,62435.43000000,62435.42000000,62435.43000000,0.25072000,1709332960999,15653.81092250,8,0.24201000,15109.99841430,0
1709332961000,62435.43000000,62435.43000000,62435.42000000,62435.42000000,0.57842000,1709332961999,36113.89820440,11,0.25680000,16033.41842400,0
1709332962000,62435.43000000,62435.43000000,62435.42000000,62435.43000000,0.37415000,1709332962999,23360.21559420,18,0.32012000,19986.82985160,0
1709332963000,62435.42000000,62435.43000000,62435.42000000,62435.43000000,0.20231000,1709332963999,12631.31181380,12,0.19936000,12447.12732480,0
1709332964000,62435.42000000,62437.69000000,62435.42000000,62437.68000000,0.57680000,1709332964999,36013.00054030,28,0.24073000,15030.31142590,0
1709332965000,62437.69000000,62439.12000000,62437.69000000,62439.12000000,0.24233000,1709332965999,15130.81726790,16,0.24022000,14999.07074580,0
1709332966000,62439.12000000,62440.80000000,62439.12000000,62440.80000000,0.69172000,1709332966999,43190.93357920,25,0.36996000,23100.24239680,0
1709332967000,62440.80000000,62440.80000000,62440.79000000,62440.80000000,0.14110000,1709332967999,8810.39660560,9,0.11366000,7097.02132800,0
1709332968000,62441.10000000,62443.31000000,62441.10000000,62443.30000000,0.88381000,1709332968999,55187.53432710,22,0.56189000,35085.78766380,0
1709332969000,62443.31000000,62445.43000000,62443.30000000,62445.42000000,0.83652000,1709332969999,52235.28966650,23,0.81644000,50981.38650590,0
1709332970000,62445.43000000,62446.79000000,62445.43000000,62446.78000000,0.51750000,1709332970999,32316.19665120,12,0.16012000,9998.96641480,0
1709332971000,62446.78000000,62446.79000000,62446.78000000,62446.78000000,0.25526000,1709332971999,15940.16748330,13,0.24205000,15115.24551950,0
1709332972000,62446.78000000,62446.79000000,62446.78000000,62446.78000000,0.08326000,1709332972999,5199.31970820,7,0.08054000,5029.46446660,0
1709332973000,62446.79000000,62446.79000000,62446.78000000,62446.79000000,0.50316000,1709332973999,31420.72360770,13,0.17829000,11133.63818910,0
1709332974000,62446.79000000,62446.79000000,62446.79000000,62446.79000000,0.16002000,1709332974999,9992.73533580,2,0.16002000,9992.73533580,0
1709332975000,62446.78000000,62446.79000000,62446.78000000,62446.79000000,0.48768000,1709332975999,30454.04727060,7,0.16002000,9992.73533580,0
1709332976000,62446.79000000,62446.79000000,62446.78000000,62446.79000000,0.16199000,1709332976999,10115.75551080,5,0.16186000,10107.63742940,0
1709332977000,62446.78000000,62446.79000000,62446.78000000,62446.78000000,0.54096000,1709332977999,33781.21170900,6,0.16002000,9992.73533580,0
1709332978000,62446.79000000,62446.79000000,62446.78000000,62446.79000000,0.16031000,1709332978999,10010.84490360,4,0.16018000,10002.72682220,0
1709332979000,62446.78000000,62446.79000000,62446.78000000,62446.79000000,0.54466000,1709332979999,34012.26508900,39,0.18942000,11828.67096180,0
1709332980000,62446.79000000,62446.79000000,62446.78000000,62446.79000000,0.51142000,1709332980999,31936.53390580,37,0.16782000,10479.82029780,0
1709332981000,62446.79000000,62446.79000000,62446.78000000,62446.78000000,0.16338000,1709332981999,10202.55651960,5,0.16032000,10011.46937280,0
1709332982000,62446.78000000,62446.79000000,62446.78000000,62446.79000000,0.55991000,1709332982999,34964.57822270,11,0.16329000,10196.93633910,0
1709332983000,62446.79000000,62446.79000000,62446.78000000,62446.79000000,0.25998000,1709332983999,16234.91613090,13,0.22665000,14153.56495350,0
1709332984000,62446.78000000,62446.79000000,62446.78000000,62446.78000000,1.51846000,1709332984999,94822.94915730,23,1.15985000,72428.90938150,0
1709332985000,62446.79000000,62446.79000000,62446.78000000,62446.79000000,0.17807000,1709332985999,11119.89989430,8,0.17797000,11113.65521630,0
1709332986000,62446.79000000,62446.79000000,62446.78000000,62446.79000000,0.52422000,1709332986999,32735.85268150,15,0.16699000,10427.98946210,0
1709332987000,62446.79000000,62447.29000000,62446.78000000,62447.29000000,0.32841000,1709332987999,20508.15509330,24,0.32771000,20464.44218410,0
1709332988000,62447.29000000,62447.30000000,62447.29000000,62447.30000000,0.16715000,1709332988999,10438.06612370,5,0.16002000,9992.81694600,0
1709332989000,62447.30000000,62447.30000000,62447.29000000,62447.30000000,0.50184000,1709332989999,31338.54961380,5,0.16002000,9992.81694600,0
1709332990000,62447.30000000,62447.30000000,62447.29000000,62447.30000000,0.16635000,1709332990999,10388.10830720,8,0.16157000,10089.61026100,0
1709332991000,62447.29000000,62447.30000000,62447.29000000,62447.30000000,0.57019000,1709332991999,35606.82269970,10,0.24146000,15078.52505800,0
1709332992000,62447.29000000,62447.30000000,62447.29000000,62447.29000000,1.27900000,1709332992999,79870.08667560,26,0.27656000,17270.42528800,0
1709332993000,62447.30000000,62447.30000000,62447.29000000,62447.30000000,0.49030000,1709332993999,30617.90796730,20,0.16803000,10493.01981900,0
1709332994000,62447.30000000,62447.30000000,62447.30000000,62447.30000000,0.16002000,1709332994999,9992.81694600,2,0.16002000,9992.81694600,0
1709332995000,62447.30000000,62447.30000000,62447.29000000,62447.29000000,0.48421000,1709332995999,30237.60389690,10,0.16060000,10029.03638000,0
1709332996000,62447.30000000,62447.30000000,62447.29000000,62447.29000000,0.16473000,1709332996999,10286.94371160,9,0.16299000,10178.28542700,0
1709332997000,62447.30000000,62448.11000000,62447.29000000,62448.11000000,0.78168000,1709332997999,48814.18301900,20,0.77796000,48581.87910020,0
1709332998000,62448.10000000,62448.11000000,62448.10000000,62448.11000000,0.57044000,1709332998999,35622.89659220,11,0.24282000,15163.65007020,0
1709332999000,62448.11000000,62448.11000000,62448.10000000,62448.11000000,0.12707000,1709332999999,7935.28094520,8,0.08782000,5484.19302020,0
1709333000000,62448.10000000,62448.11000000,62448.10000000,62448.11000000,0.48374000,1709333000999,30208.64549420,10,0.16002000,9992.94656220,0
1709333001000,62448.10000000,62448.11000000,62448.10000000,62448.11000000,0.21004000,1709333001999,13116.60056910,9,0.16451000,10273.33857610,0
1709333002000,62448.10000000,62448.77000000,62448.10000000,62448.77000000,0.29509000,1709333002999,18427.83505490,14,0.24163000,15089.35962890,0
1709333003000,62448.77000000,62449.36000000,62448.77000000,62449.36000000,0.11135000,1709333003999,6953.69550730,10,0.08005000,4999.04893550,0
1709333004000,62449.36000000,62449.37000000,62449.36000000,62449.37000000,0.28074000,1709333004999,17532.03607590,7,0.27495000,17170.45428150,0
1709333005000,62449.36000000,62449.37000000,62449.36000000,62449.37000000,0.40240000,1709333005999,25129.62327180,6,0.08078000,5044.66010860,0
1709333006000,62449.37000000,62451.23000000,62449.36000000,62451.11000000,0.30850000,1709333006999,19265.97414220,36,0.30598000,19108.59844990,0
1709333007000,62451.10000000,62451.11000000,62451.10000000,62451.11000000,0.55981000,1709333007999,34960.75221270,8,0.19217000,12001.22980870,0
1709333008000,62451.11000000,62454.00000000,62451.10000000,62453.99000000,0.21221000,1709333008999,13252.75987420,15,0.18061000,11279.30424720,0
1709333009000,62453.99000000,62454.01000000,62453.99000000,62454.00000000,0.62641000,1709333009999,39121.81175150,8,0.16134000,10076.32997340,0
1709333010000,62454.00000000,62454.01000000,62454.00000000,62454.00000000,0.16524000,1709333010999,10319.90056010,4,0.16001000,9993.26614010,0
1709333011000,62454.00000000,62454.01000000,62454.00000000,62454.01000000,0.50595000,1709333011999,31598.60290160,12,0.16016000,10002.63424160,0
1709333012000,62454.01000000,62454.01000000,62454.00000000,62454.00000000,0.16786000,1709333012999,10483.53004160,7,0.16016000,10002.63424160,0
1709333013000,62454.01000000,62454.01000000,62454.00000000,62454.01000000,0.24037000,1709333013999,15012.07038000,4,0.24000000,14988.96240000,0
1709333014000,62454.00000000,62454.01000000,62454.00000000,62454.01000000,0.45762000,1709333014999,28580.20028000,6,0.08000000,4996.32080000,0
1709333015000,62454.00000000,62456.38000000,62454.00000000,62456.37000000,0.20501000,1709333015999,12803.97564120,13,0.17089000,10672.96876610,0
1709333016000,62456.38000000,62456.38000000,62456.37000000,62456.38000000,0.31496000,1709333016999,19671.26072150,6,0.24263000,15153.79147940,0
1709333017000,62456.38000000,62456.79000000,62456.37000000,62456.79000000,0.08948000,1709333017999,5588.62112690,10,0.08523000,5323.18155440,0
1709333018000,62456.79000000,62456.79000000,62456.78000000,62456.78000000,0.41254000,1709333018999,25765.92082120,7,0.08000000,4996.54320000,0
1709333019000,62456.79000000,62456.79000000,62456.79000000,62456.79000000,0.16000000,1709333019999,9993.08640000,2,0.16000000,9993.08640000,0
1709333020000,62456.78000000,62456.79000000,62456.78000000,62456.78000000,0.57859000,1709333020999,36136.87074020,16,0.24000000,14989.62960000,0
1709333021000,62456.78000000,62456.79000000,62456.78000000,62456.79000000,0.17109000,1709333021999,10685.73217140,5,0.16812000,10500.23553480,0
1709333022000,62456.79000000,62456.79000000,62456.78000000,62456.79000000,0.16943000,1709333022999,10582.05383800,6,0.16026000,10009.32516540,0
1709333023000,62456.78000000,62456.79000000,62456.78000000,62456.79000000,0.56171000,1709333023999,35082.60029380,15,0.24000000,14989.62960000,0
1709333024000,62456.79000000,62456.79000000,62456.78000000,62456.78000000,0.11528000,1709333024999,7200.01840000,6,0.08016000,5006.53628640,0
1709333025000,62456.79000000,62462.81000000,62456.78000000,62462.80000000,0.99697000,1709333025999,62268.77044110,38,0.67386000,42088.35479310,0
1709333026000,62462.81000000,62463.79000000,62462.80000000,62463.79000000,0.26174000,1709333026999,16349.10964220,21,0.26024000,16255.41454200,0
1709333027000,62463.79000000,62463.79000000,62463.78000000,62463.78000000,0.48974000,1709333027999,30591.01322010,18,0.16029000,10012.32089910,0
1709333028000,62463.79000000,62463.79000000,62463.78000000,62463.79000000,0.57204000,1709333028999,35731.78641560,21,0.57044000,35631.84436760,0
1709333029000,62463.78000000,62463.79000000,62463.78000000,62463.78000000,0.05230000,1709333029999,3266.85571450,9,0.00205000,128.05076950,0
1709333030000,62463.78000000,62463.79000000,62463.78000000,62463.78000000,0.48456000,1709333030999,30267.44924490,15,0.00081000,50.59566990,0
1709333031000,62463.78000000,62463.79000000,62463.78000000,62463.79000000,0.01037000,1709333031999,647.74945310,7,0.00545000,340.42765550,0
1709333032000,62463.78000000,62463.78000000,62460.18000000,62460.18000000,0.59280000,1709333032999,37027.22497010,45,0.00038000,23.73487220,0
1709333033000,62460.19000000,62460.19000000,62460.18000000,62460.18000000,0.08110000,1709333033999,5065.52092820,7,0.03302000,2062.43547380,0
1709333034000,62460.18000000,62460.19000000,62460.18000000,62460.18000000,0.40683000,1709333034999,25410.67564640,16,0.06170000,3853.79372300,0
1709333035000,62460.19000000,62460.19000000,62457.84000000,62457.84000000,0.80069000,1709333035999,50010.73001680,18,0.00069000,43.09753110,0
1709333036000,62457.85000000,62457.85000000,62457.84000000,62457.84000000,0.05056000,1709333036999,3157.86886960,4,0.04792000,2992.98017200,0
1709333037000,62457.85000000,62457.85000000,62457.84000000,62457.85000000,0.01451000,1709333037999,906.26328970,5,0.00313000,195.49307050,0
1709333038000,62457.84000000,62457.85000000,62457.84000000,62457.85000000,0.15037000,1709333038999,9391.78572380,5,0.03230000,2017.38855500,0
1709333039000,62457.84000000,62457.85000000,62457.84000000,62457.85000000,0.21250000,1709333039999,13272.29128380,41,0.02838000,1772.55378300,0
1709333040000,62457.85000000,62457.85000000,62441.11000000,62441.11000000,5.90734000,1709333040999,368908.00657750,171,4.20513000,262604.88260110,0
1709333041000,62441.10000000,62441.10000000,62432.10000000,62432.26000000,1.58387000,1709333041999,98888.12656240,200,0.00218000,136.11721410,0
1709333042000,62432.13000000,62432.13000000,62426.17000000,62426.18000000,0.40738000,1709333042999,25431.80803240,38,0.00218000,136.09868590,0
1709333043000,62426.17000000,62426.17000000,62426.17000000,62426.17000000,0.03855000,1709333043999,2406.52885350,3,0.00000000,0.00000000,0
1709333044000,62426.17000000,62426.18000000,62426.17000000,62426.18000000,0.03735000,1709333044999,2331.61745630,4,0.00068000,42.44980240,0
1709333045000,62426.17000000,62426.18000000,62426.17000000,62426.17000000,0.04990000,1709333045999,3115.06618010,6,0.02971000,1854.68180780,0
1709333046000,62426.18000000,62426.18000000,62426.17000000,62426.17000000,0.03662000,1709333046999,2286.04640870,7,0.00633000,395.15771940,0
1709333047000,62426.18000000,62426.18000000,62426.17000000,62426.17000000,0.07788000,1709333047999,4861.75026760,7,0.01480000,923.90746400,0
1709333048000,62426.17000000,62426.18000000,62426.17000000,62426.17000000,0.66694000,1709333048999,41634.51365970,18,0.38399000,23971.02885820,0
1709333049000,62426.17000000,62426.18000000,62426.17000000,62426.17000000,0.12885000,1709333049999,8043.61210150,10,0.00970000,605.53394600,0
1709333050000,62426.17000000,62426.18000000,62426.12000000,62426.13000000,1.50859000,1709333050999,94175.49669620,35,0.39399000,24595.29062070,0
1709333051000,62426.12000000,62426.12000000,62426.11000000,62426.11000000,0.28125000,1709333051999,17557.34547340,14,0.01002000,625.50972240,0
1709333052000,62426.11000000,62426.12000000,62426.11000000,62426.11000000,0.30279000,1709333052999,18902.00187480,18,0.00279000,174.16887480,0
1709333053000,62426.12000000,62426.12000000,62426.11000000,62426.12000000,0.38040000,1709333053999,23746.89603580,5,0.37918000,23670.73618160,0
1709333054000,62426.12000000,62426.12000000,62426.11000000,62426.11000000,0.02460000,1709333054999,1535.68231200,4,0.00060000,37.45567200,0
1709333055000,62426.11000000,62426.12000000,62426.11000000,62426.11000000,0.35159000,1709333055999,21948.39601650,13,0.00016000,9.98817920,0
1709333056000,62426.11000000,62426.11000000,62426.11000000,62426.11000000,0.00332000,1709333056999,207.25468520,2,0.00000000,0.00000000,0
1709333057000,62426.11000000,62426.12000000,62426.11000000,62426.11000000,0.34799000,1709333057999,21723.66202260,9,0.00037000,23.09766440,0
1709333058000,62426.11000000,62426.12000000,62426.11000000,62426.12000000,0.16196000,1709333058999,10110.53437680,2,0.16012000,9995.67033440,0
1709333059000,62426.12000000,62426.12000000,62426.11000000,62426.11000000,0.32465000,1709333059999,20266.63664140,4,0.00299000,186.65409880,0
1709333060000,62426.11000000,62426.11000000,62426.11000000,62426.11000000,0.53236000,1709333060999,33233.16391960,7,0.00000000,0.00000000,0
1709333061000,62426.11000000,62426.11000000,62426.11000000,62426.11000000,0.02840000,1709333061999,1772.90152400,3,0.00000000,0.00000000,0
1709333062000,62426.11000000,62426.12000000,62426.11000000,62426.11000000,0.33605000,1709333062999,20978.29426790,6,0.00024000,14.98226880,0
1709333063000,62426.12000000,62426.12000000,62426.11000000,62426.12000000,0.67136000,1709333063999,41910.39991180,6,0.67022000,41839.23414640,0
1709333064000,62426.11000000,62426.12000000,62426.11000000,62426.12000000,0.33690000,1709333064999,21031.35646060,7,0.00016000,9.98817920,0
1709333065000,62426.12000000,62426.12000000,62426.11000000,62426.12000000,0.00197000,1709333065999,122.97944040,3,0.00037000,23.09766440,0
1709333066000,62426.12000000,62426.12000000,62426.11000000,62426.12000000,0.47448000,1709333066999,29619.94173600,9,0.10632000,6637.14507840,0
1709333067000,62426.12000000,62426.12000000,62426.12000000,62426.12000000,0.00978000,1709333067999,610.52745360,2,0.00978000,610.52745360,0
1709333068000,62426.12000000,62426.12000000,62426.09000000,62426.09000000,0.70265000,1709333068999,43863.70417110,45,0.01364000,851.49227680,0
1709333069000,62426.09000000,62426.09000000,62425.69000000,62425.69000000,0.09562000,1709333069999,5969.15222600,7,0.00000000,0.00000000,0
1709333070000,62425.69000000,62425.70000000,62424.26000000,62424.26000000,1.35371000,1709333070999,84505.76144590,22,0.70501000,44010.74275700,0
1709333071000,62424.27000000,62424.27000000,62424.26000000,62424.26000000,0.00165000,1709333071999,103.00004320,3,0.00142000,88.64246340,0
1709333072000,62424.26000000,62424.27000000,62424.26000000,62424.27000000,0.00336000,1709333072999,209.74552180,5,0.00082000,51.18790140,0
1709333073000,62424.26000000,62424.26000000,62422.80000000,62422.81000000,0.12688000,1709333073999,7920.22828060,19,0.00186000,116.10642660,0
1709333074000,62422.80000000,62422.80000000,62422.80000000,62422.80000000,0.00341000,1709333074999,212.86174800,1,0.00000000,0.00000000,0
1709333075000,62422.80000000,62422.81000000,62422.80000000,62422.80000000,0.40754000,1709333075999,25439.79157940,6,0.36674000,22892.94133940,0
1709333076000,62422.81000000,62422.81000000,62422.80000000,62422.80000000,0.23053000,1709333076999,14390.32849110,14,0.04071000,2541.23259510,0
1709333077000,62422.80000000,62422.80000000,62422.80000000,62422.80000000,0.05882000,1709333077999,3671.70909600,5,0.00000000,0.00000000,0
1709333078000,62422.81000000,62422.81000000,62422.80000000,62422.80000000,0.03880000,1709333078999,2422.00501930,6,0.03793000,2367.69718330,0
1709333079000,62422.80000000,62422.80000000,62422.80000000,62422.80000000,0.03242000,1709333079999,2023.74717600,2,0.00000000,0.00000000,0
1709333080000,62422.80000000,62422.80000000,62422.78000000,62422.78000000,0.50960000,1709333080999,31810.65880660,14,0.00000000,0.00000000,0
1709333081000,62422.78000000,62422.79000000,62422.78000000,62422.78000000,0.04361000,1709333081999,2722.25777060,7,0.03348000,2089.91500920,0
1709333082000,62422.79000000,62422.79000000,62422.79000000,62422.79000000,0.26018000,1709333082999,16241.16150220,5,0.26018000,16241.16150220,0
1709333083000,62422.78000000,62422.79000000,62422.78000000,62422.78000000,0.00165000,1709333083999,102.99758830,3,0.00013000,8.11496270,0
1709333084000,62422.79000000,62422.79000000,62422.78000000,62422.79000000,0.01245000,1709333084999,777.16373170,3,0.01207000,753.44307530,0
1709333085000,62422.78000000,62422.79000000,62422.78000000,62422.78000000,0.03831000,1709333085999,2391.41692760,5,0.02258000,1409.50659820,0
1709333086000,62422.79000000,62422.79000000,62422.78000000,62422.78000000,0.00092000,1709333086999,57.42895980,3,0.00022000,13.73301380,0
1709333087000,62422.78000000,62422.78000000,62422.78000000,62422.78000000,0.03308000,1709333087999,2064.94556240,3,0.00000000,0.00000000,0
1709333088000,62422.78000000,62422.78000000,62422.78000000,62422.78000000,0.00045000,1709333088999,28.09025100,2,0.00000000,0.00000000,0
1709333089000,62422.78000000,62422.79000000,62422.78000000,62422.78000000,0.05839000,1709333089999,3644.86612870,9,0.00045000,28.09025550,0
1709333090000,62422.78000000,62422.78000000,62422.00000000,62422.00000000,1.50132000,1709333090999,93715.76971760,23,1.00000000,62422.01000000,0
1709333091000,62422.01000000,62422.01000000,62421.38000000,62421.38000000,0.37458000,1709333091999,23382.03482560,10,0.30390000,18970.04883900,0
1709333092000,62421.11000000,62421.12000000,62421.11000000,62421.11000000,0.06901000,1709333092999,4307.68084590,10,0.00448000,279.64661760,0
1709333093000,62421.11000000,62421.12000000,62421.11000000,62421.12000000,0.01077000,1709333093999,672.27539860,5,0.00439000,274.02871680,0
1709333094000,62421.11000000,62421.11000000,62421.11000000,62421.11000000,0.00059000,1709333094999,36.82845490,1,0.00000000,0.00000000,0
1709333095000,62421.12000000,62421.12000000,62421.11000000,62421.11000000,0.00920000,1709333095999,574.27422400,4,0.00120000,74.90534400,0
1709333096000,62421.11000000,62421.11000000,62421.11000000,62421.11000000,0.00000000,1709333096999,0.00000000,0,0.00000000,0.00000000,0
1709333097000,62421.11000000,62421.11000000,62421.11000000,62421.11000000,0.00816000,1709333097999,509.35625760,4,0.00000000,0.00000000,0
1709333098000,62421.12000000,62421.12000000,62421.10000000,62421.10000000,0.31250000,1709333098999,19506.59990210,6,0.30450000,19007.23104000,0
1709333099000,62421.11000000,62421.11000000,62418.97000000,62418.98000000,0.08425000,1709333099999,5258.94137670,57,0.01099000,685.99506310,0
1709333100000,62418.98000000,62418.98000000,62417.52000000,62417.52000000,0.54378000,1709333100999,33941.85157520,45,0.01944000,1213.42497120,0
1709333101000,62417.11000000,62417.11000000,62417.10000000,62417.10000000,0.02039000,1709333101999,1272.68469150,5,0.00225000,140.43849750,0
1709333102000,62417.10000000,62417.10000000,62417.10000000,62417.10000000,0.02923000,1709333102999,1824.45183300,3,0.00000000,0.00000000,0
1709333103000,62417.10000000,62417.11000000,62417.10000000,62417.10000000,0.17822000,1709333103999,11123.97556600,23,0.00040000,24.96684400,0
1709333104000,62417.11000000,62417.11000000,62417.10000000,62417.10000000,0.20707000,1709333104999,12924.71046770,3,0.15707000,9803.85546770,0
1709333105000,62417.10000000,62417.10000000,62414.39000000,62414.40000000,0.00364000,1709333105999,227.19745020,5,0.00010000,6.24144000,0
1709333106000,62414.39000000,62414.39000000,62410.00000000,62410.00000000,0.05244000,1709333106999,3272.83858350,18,0.00381000,237.78632910,0
1709333107000,62410.00000000,62410.00000000,62405.87000000,62405.88000000,0.18413000,1709333107999,11491.08360190,38,0.01720000,1073.38642810,0
1709333108000,62405.87000000,62405.88000000,62405.87000000,62405.88000000,0.05392000,1709333108999,3364.92476560,3,0.02552000,1592.59805760,0
1709333109000,62405.87000000,62405.88000000,62405.87000000,62405.87000000,0.02062000,1709333109999,1286.80910740,5,0.00680000,424.35998400,0
1709333110000,62405.88000000,62405.88000000,62405.87000000,62405.87000000,0.51106000,1709333110999,31893.14402280,5,0.01006000,627.80315280,0
1709333111000,62405.88000000,62405.88000000,62405.87000000,62405.87000000,0.02164000,1709333111999,1350.46305560,5,0.00288000,179.72893440,0
1709333112000,62405.88000000,62405.88000000,62405.87000000,62405.87000000,0.00364000,1709333112999,227.15737280,2,0.00060000,37.44352800,0
1709333113000,62405.87000000,62405.88000000,62405.87000000,62405.88000000,0.00887000,1709333113999,553.54010560,4,0.00387000,241.51075560,0
1709333114000,62405.87000000,62405.88000000,62394.65000000,62394.65000000,1.56790000,1709333114999,97843.38684700,44,0.01031000,643.38932620,0
1709333115000,62394.66000000,62394.66000000,62394.65000000,62394.65000000,0.00451000,1709333115999,281.39988740,6,0.00159000,99.20750940,0
1709333116000,62394.65000000,62394.65000000,62391.14000000,62391.14000000,0.12891000,1709333116999,8042.93186500,33,0.04045000,2523.72228630,0
1709333117000,62391.14000000,62391.15000000,62391.14000000,62391.14000000,0.03912000,1709333117999,2440.74174700,8,0.03502000,2184.93807300,0
1709333118000,62391.11000000,62391.11000000,62391.10000000,62391.10000000,0.01630000,1709333118999,1016.97494120,3,0.00112000,69.87804320,0
1709333119000,62391.10000000,62391.10000000,62391.10000000,62391.10000000,0.01207000,1709333119999,753.06057700,2,0.00000000,0.00000000,0
1709333120000,62391.11000000,62391.11000000,62388.41000000,62388.41000000,0.57587000,1709333120999,35928.16762890,30,0.01043000,650.72801530,0
1709333121000,62388.41000000,62388.41000000,62388.41000000,62388.41000000,0.00000000,1709333121999,0.00000000,0,0.00000000,0.00000000,0
1709333122000,62388.40000000,62388.41000000,62388.40000000,62388.41000000,0.00637000,1709333122999,397.41414090,6,0.00329000,205.25786890,0
1709333123000,62388.40000000,62388.40000000,62387.13000000,62387.13000000,0.03899000,1709333123999,2432.49752570,9,0.01240000,773.60103200,0
1709333124000,62387.14000000,62387.14000000,62387.13000000,62387.14000000,0.01125000,1709333124999,701.85529450,7,0.00820000,511.57454800,0
1709333125000,62387.13000000,62387.13000000,62387.13000000,62387.13000000,0.00798000,1709333125999,497.84929740,5,0.00000000,0.00000000,0
1709333126000,62387.13000000,62387.14000000,62387.13000000,62387.13000000,0.03244000,1709333126999,2023.83853530,10,0.00381000,237.69500340,0
1709333127000,62387.14000000,62387.14000000,62387.14000000,62387.14000000,0.01157000,1709333127999,721.81920980,2,0.01157000,721.81920980,0
1709333128000,62387.14000000,62387.14000000,62387.13000000,62387.14000000,0.05267000,1709333128999,3285.93049670,5,0.03596000,2243.44155440,0
1709333129000,62387.13000000,62387.13000000,62386.22000000,62386.22000000,0.20861000,1709333129999,13014.57237560,8,0.00561000,349.98669420,0
1709333130000,62386.21000000,62386.21000000,62383.55000000,62383.55000000,0.52198000,1709333130999,32564.22616910,16,0.01197000,746.73121320,0
1709333131000,62383.56000000,62383.56000000,62383.55000000,62383.55000000,0.06986000,1709333131999,4358.11484300,4,0.00400000,249.53424000,0
1709333132000,62383.55000000,62383.55000000,62383.55000000,62383.55000000,0.00000000,1709333132999,0.00000000,0,0.00000000,0.00000000,0
1709333133000,62383.55000000,62383.56000000,62383.55000000,62383.56000000,0.11712000,1709333133999,7306.36239950,6,0.10235000,6384.95736600,0
1709333134000,62383.56000000,62383.56000000,62383.55000000,62383.55000000,0.03426000,1709333134999,2137.26074360,4,0.03206000,2000.01693360,0
1709333135000,62383.56000000,62383.56000000,62380.00000000,62380.01000000,0.12380000,1709333135999,7722.79287400,35,0.04565000,2847.70507300,0
1709333136000,62380.00000000,62380.00000000,62377.73000000,62377.73000000,0.06318000,1709333136999,3941.03736440,23,0.00179000,111.65626200,0
1709333137000,62377.74000000,62377.74000000,62373.55000000,62373.55000000,0.05191000,1709333137999,3237.97187670,30,0.03242000,2022.28482600,0
1709333138000,62373.56000000,62373.56000000,62373.56000000,62373.56000000,0.00223000,1709333138999,139.09303880,3,0.00223000,139.09303880,0
1709333139000,62373.55000000,62373.56000000,62373.55000000,62373.56000000,0.01369000,1709333139999,853.89391740,4,0.00179000,111.64867240,0
1709333140000,62373.55000000,62373.55000000,62373.55000000,62373.55000000,0.50024000,1709333140999,31201.74465200,7,0.00000000,0.00000000,0
1709333141000,62373.55000000,62373.56000000,62373.55000000,62373.56000000,0.00577000,1709333141999,359.89543420,3,0.00507000,316.23394920,0
1709333142000,62373.56000000,62373.56000000,62373.55000000,62373.55000000,0.03709000,1709333142999,2313.43532990,7,0.03604000,2247.94310240,0
1709333143000,62373.55000000,62373.56000000,62373.55000000,62373.56000000,0.04497000,1709333143999,2804.93868050,6,0.01370000,854.51777200,0
1709333144000,62373.55000000,62373.56000000,62373.55000000,62373.55000000,0.03716000,1709333144999,2317.80112240,8,0.00044000,27.44436640,0
1709333145000,62373.56000000,62373.56000000,62373.55000000,62373.56000000,0.14025000,1709333145999,8747.89175650,6,0.13690000,8538.94036400,0
1709333146000,62373.56000000,62373.56000000,62373.55000000,62373.56000000,0.21936000,1709333146999,13682.26411920,5,0.21912000,13667.29446720,0
1709333147000,62373.56000000,62373.56000000,62373.55000000,62373.56000000,0.00755000,1709333147999,470.92033370,9,0.00312000,194.60550720,0
1709333148000,62373.56000000,62373.56000000,62373.55000000,62373.55000000,0.00128000,1709333148999,79.83815360,2,0.00096000,59.87861760,0
1709333149000,62373.55000000,62373.55000000,62361.34000000,62361.34000000,2.64210000,1709333149999,164786.01451720,79,0.03396000,2117.79144600,0
1709333150000,62361.34000000,62361.35000000,62357.81000000,62357.81000000,0.67054000,1709333150999,41815.06861670,32,0.00711000,443.38055000,0
1709333151000,62357.81000000,62357.82000000,62357.81000000,62357.81000000,0.02239000,1709333151999,1396.19155480,5,0.01889000,1177.93921980,0
1709333152000,62357.82000000,62357.82000000,62357.82000000,62357.82000000,0.07490000,1709333152999,4670.60071800,2,0.07490000,4670.60071800,0
1709333153000,62357.82000000,62357.82000000,62357.82000000,62357.82000000,0.01686000,1709333153999,1051.35284520,3,0.01686000,1051.35284520,0
1709333154000,62357.81000000,62357.81000000,62357.81000000,62357.81000000,0.00100000,1709333154999,62.35781000,1,0.00000000,0.00000000,0
1709333155000,62357.82000000,62357.82000000,62357.43000000,62357.44000000,0.09511000,1709333155999,5930.82586320,11,0.00163000,101.64305660,0
1709333156000,62357.44000000,62357.44000000,62357.44000000,62357.44000000,0.00316000,1709333156999,197.04951040,3,0.00316000,197.04951040,0
1709333157000,62357.43000000,62357.44000000,62357.43000000,62357.44000000,0.03028000,1709333157999,1888.18314170,2,0.01613000,1005.82550720,0
1709333158000,62357.44000000,62357.44000000,62355.35000000,62355.35000000,0.59920000,1709333158999,37364.57177670,14,0.02621000,1634.38797990,0
1709333159000,62355.34000000,62355.35000000,62355.34000000,62355.34000000,0.06263000,1709333159999,3905.31518240,38,0.02382000,1485.30443700,0
1709333160000,62355.34000000,62355.35000000,62353.38000000,62353.38000000,0.54776000,1709333160999,34155.71967900,31,0.01297000,808.74888950,0
1709333161000,62353.10000000,62353.10000000,62351.73000000,62351.74000000,0.02063000,1709333161999,1286.34331530,12,0.00614000,382.84735400,0
1709333162000,62351.73000000,62351.73000000,62351.73000000,62351.73000000,0.00276000,1709333162999,172.09077480,1,0.00000000,0.00000000,0
1709333163000,62351.74000000,62351.74000000,62341.10000000,62341.10000000,2.54301000,1709333163999,158556.80454770,43,0.02990000,1864.26605000,0
1709333164000,62341.11000000,62341.11000000,62341.11000000,62341.11000000,0.01882000,1709333164999,1173.25969020,3,0.01882000,1173.25969020,0
1709333165000,62341.10000000,62341.11000000,62341.10000000,62341.10000000,0.02873000,1709333165999,1791.05982630,8,0.00233000,145.25478630,0
1709333166000,62341.11000000,62341.11000000,62341.10000000,62341.10000000,0.09510000,1709333166999,5928.63875440,10,0.01444000,900.20562840,0
1709333167000,62341.10000000,62341.10000000,62329.16000000,62329.16000000,0.66663000,1709333167999,41553.28284300,48,0.05248000,3271.03484160,0
1709333168000,62329.17000000,62329.17000000,62325.74000000,62325.75000000,0.01546000,1709333168999,963.60038840,10,0.01386000,863.87894460,0
1709333169000,62325.74000000,62325.75000000,62325.74000000,62325.74000000,0.08519000,1709333169999,5309.52998880,10,0.01982000,1235.29636500,0
1709333170000,62325.75000000,62325.75000000,62322.60000000,62322.60000000,0.88341000,1709333170999,55057.27646250,35,0.00162000,100.96360160,0
1709333171000,62322.60000000,62322.61000000,62322.60000000,62322.61000000,0.00597000,1709333171999,372.06597900,4,0.00570000,355.23887700,0
1709333172000,62322.61000000,62322.61000000,62322.60000000,62322.61000000,0.02989000,1709333172999,1862.82270590,6,0.01919000,1195.97088590,0
1709333173000,62322.61000000,62322.61000000,62322.60000000,62322.60000000,0.02962000,1709333173999,1845.99544920,3,0.00372000,231.84010920,0
1709333174000,62322.60000000,62322.61000000,62322.60000000,62322.60000000,0.00411000,1709333174999,256.14589160,3,0.00056000,34.90066160,0
1709333175000,62322.60000000,62322.61000000,62322.60000000,62322.60000000,0.02090000,1709333175999,1302.54234800,3,0.00080000,49.85808800,0
1709333176000,62322.60000000,62322.60000000,62322.60000000,62322.60000000,0.00085000,1709333176999,52.97421000,3,0.00000000,0.00000000,0
1709333177000,62322.60000000,62322.61000000,62322.60000000,62322.61000000,0.01111000,1709333177999,692.40415810,3,0.00721000,449.34601810,0
1709333178000,62322.60000000,62322.61000000,62322.60000000,62322.60000000,0.00891000,1709333178999,555.29439700,5,0.00310000,193.20009100,0
1709333179000,62322.60000000,62322.61000000,62322.60000000,62322.61000000,0.00720000,1709333179999,448.72273600,3,0.00160000,99.71617600,0
1709333180000,62322.61000000,62322.61000000,62322.60000000,62322.60000000,0.50142000,1709333180999,31249.79809300,10,0.00010000,6.23226100,0
1709333181000,62322.60000000,62322.61000000,62322.60000000,62322.61000000,0.00518000,1709333181999,322.83106980,2,0.00018000,11.21806980,0
1709333182000,62322.61000000,62322.61000000,62322.60000000,62322.61000000,0.68788000,1709333182999,42870.47693680,40,0.68488000,42683.50913680,0
1709333183000,62322.61000000,62322.61000000,62322.60000000,62322.60000000,0.15167000,1709333183999,9452.47024290,5,0.15009000,9354.00053490,0
1709333184000,62322.61000000,62322.61000000,62322.60000000,62322.60000000,0.02335000,1709333184999,1455.23286690,3,0.01569000,977.84175090,0
1709333185000,62322.60000000,62329.17000000,62318.33000000,62318.34000000,7.69328000,1709333185999,479498.68190670,101,0.78220000,48748.82403500,0
1709333186000,62318.34000000,62318.34000000,62318.33000000,62318.34000000,0.00647000,1709333186999,403.19962790,6,0.00328000,204.40415520,0
1709333187000,62318.33000000,62318.34000000,62318.33000000,62318.34000000,0.34498000,1709333187999,21498.58085310,4,0.33697000,20999.41102980,0
1709333188000,62318.33000000,62318.34000000,62318.33000000,62318.34000000,0.04598000,1709333188999,2865.39720320,8,0.03898000,2429.16889320,0
1709333189000,62318.34000000,62318.34000000,62318.33000000,62318.34000000,0.11274000,1709333189999,7025.76870120,4,0.01770000,1103.03461800,0
1709333190000,62318.33000000,62318.34000000,62318.33000000,62318.34000000,0.53047000,1709333190999,33058.00465570,10,0.01406000,876.19586040,0
1709333191000,62318.33000000,62318.33000000,62318.33000000,62318.33000000,0.01451000,1709333191999,904.23896830,4,0.00000000,0.00000000,0
1709333192000,62318.34000000,62318.34000000,62318.33000000,62318.33000000,0.02981000,1709333192999,1857.70950470,4,0.00874000,544.66229160,0
1709333193000,62318.33000000,62318.34000000,62318.33000000,62318.33000000,0.00580000,1709333193999,361.44636060,4,0.00466000,290.40346440,0
1709333194000,62318.33000000,62318.33000000,62318.33000000,62318.33000000,0.00668000,1709333194999,416.28644440,2,0.00000000,0.00000000,0
1709333195000,62318.34000000,62318.34000000,62318.33000000,62318.33000000,0.00658000,1709333195999,410.05466720,3,0.00558000,347.73633720,0
1709333196000,62318.34000000,62318.34000000,62318.33000000,62318.34000000,0.16191000,1709333196999,10089.96236940,8,0.15591000,9716.05238940,0
1709333197000,62318.34000000,62318.34000000,62318.33000000,62318.34000000,0.49671000,1709333197999,30954.14256770,19,0.48734000,30370.21981560,0
1709333198000,62318.33000000,62318.34000000,62318.33000000,62318.33000000,0.03880000,1709333198999,2417.95143030,6,0.02263000,1410.26403420,0
1709333199000,62318.34000000,62318.34000000,62318.34000000,62318.34000000,0.00305000,1709333199999,190.07093700,8,0.00305000,190.07093700,0
1709333200000,62318.33000000,62318.34000000,62318.33000000,62318.33000000,0.50389000,1709333200999,31401.58330530,9,0.00016000,9.97093440,0
1709333201000,62318.33000000,62318.33000000,62318.33000000,62318.33000000,0.00000000,1709333201999,0.00000000,0,0.00000000,0.00000000,0
1709333202000,62318.34000000,62318.34000000,62318.33000000,62318.33000000,0.12934000,1709333202999,8060.25392060,7,0.11184000,6969.68314560,0
1709333203000,62318.33000000,62318.33000000,62318.33000000,62318.33000000,0.01960000,1709333203999,1221.43926800,2,0.00000000,0.00000000,0
1709333204000,62318.34000000,62318.34000000,62318.33000000,62318.33000000,0.04323000,1709333204999,2694.02151730,5,0.01114000,694.22630760,0
1709333205000,62318.34000000,62318.34000000,62318.33000000,62318.34000000,0.03317000,1709333205999,2067.09917690,6,0.01708000,1064.39724720,0
1709333206000,62318.34000000,62318.34000000,62318.34000000,62318.34000000,0.00106000,1709333206999,66.05744040,2,0.00106000,66.05744040,0
1709333207000,62318.33000000,62318.34000000,62318.33000000,62318.33000000,1.02118000,1709333207999,63638.23238970,14,0.01603000,998.96299020,0
1709333208000,62318.34000000,62318.34000000,62318.33000000,62318.34000000,0.03518000,1709333208999,2192.35897660,6,0.01272000,792.68928480,0
1709333209000,62318.33000000,62318.34000000,62318.33000000,62318.34000000,0.01138000,1709333209999,709.18261450,4,0.00191000,119.02802940,0
1709333210000,62318.33000000,62318.33000000,62318.33000000,62318.33000000,0.75406000,1709333210999,46991.75991980,28,0.00000000,0.00000000,0
1709333211000,62318.33000000,62318.34000000,62318.33000000,62318.33000000,0.52808000,1709333211999,32909.06371210,41,0.00057000,35.52145380,0
1709333212000,62318.34000000,62318.34000000,62318.33000000,62318.33000000,0.14916000,1709333212999,9295.40218690,18,0.00841000,524.09723940,0
1709333213000,62318.33000000,62318.34000000,62318.33000000,62318.33000000,0.02899000,1709333213999,1806.60846610,5,0.00794000,494.80761960,0
1709333214000,62318.34000000,62318.34000000,62318.33000000,62318.34000000,0.04054000,1709333214999,2526.38550110,3,0.04029000,2510.80591860,0
1709333215000,62318.33000000,62318.33000000,62318.33000000,62318.33000000,0.07607000,1709333215999,4740.55536310,5,0.00000000,0.00000000,0
1709333216000,62318.34000000,62318.34000000,62318.34000000,62318.34000000,0.42446000,1709333216999,26451.64259640,9,0.42446000,26451.64259640,0
1709333217000,62318.33000000,62318.34000000,62318.33000000,62318.33000000,0.91174000,1709333217999,56818.12280090,15,0.86067000,53635.52568780,0
1709333218000,62318.33000000,62318.34000000,62318.33000000,62318.33000000,0.06679000,1709333218999,4162.24158570,16,0.03250000,2025.34605000,0
1709333219000,62318.34000000,62318.34000000,62318.33000000,62318.34000000,0.03178000,1709333219999,1980.47664780,27,0.01204000,750.31281360,0
1709333220000,62318.34000000,62318.34000000,62318.33000000,62318.33000000,0.53391000,1709333220999,33272.37976120,39,0.01909000,1189.65711060,0
1709333221000,62318.33000000,62324.70000000,62318.33000000,62324.70000000,15.28555000,1709333221999,952571.50037230,34,15.28138000,952311.63293620,0
1709333222000,62324.70000000,62329.13000000,62324.69000000,62329.13000000,0.57821000,1709333222999,36037.03775550,11,0.55128000,34358.63221100,0
1709333223000,62329.14000000,62333.99000000,62329.13000000,62333.99000000,0.47774000,1709333223999,29777.60121950,16,0.45308000,28240.54173110,0
1709333224000,62334.00000000,62334.00000000,62333.99000000,62334.00000000,0.26928000,1709333224999,16785.29945310,14,0.26259000,16368.28506000,0
1709333225000,62338.49000000,62349.72000000,62338.49000000,62349.72000000,0.39931000,1709333225999,24895.55262080,26,0.27190000,16951.83377550,0
1709333226000,62349.71000000,62349.72000000,62349.71000000,62349.71000000,0.01406000,1709333226999,876.63692390,5,0.00013000,8.10546360,0
1709333227000,62349.71000000,62349.72000000,62349.71000000,62349.71000000,0.05400000,1709333227999,3366.88438220,4,0.00422000,263.11581840,0
1709333228000,62349.72000000,62351.10000000,62349.72000000,62351.10000000,0.01450000,1709333228999,904.07950600,6,0.01412000,880.38609180,0
1709333229000,62351.10000000,62355.32000000,62351.10000000,62355.32000000,0.53096000,1709333229999,33106.52090550,19,0.48718000,30376.60543370,0
1709333230000,62355.31000000,62355.32000000,62355.31000000,62355.31000000,0.51925000,1709333230999,32377.99472170,7,0.00042000,26.18923440,0
1709333231000,62355.31000000,62355.32000000,62355.31000000,62355.32000000,0.07832000,1709333231999,4883.66823890,13,0.03597000,2242.92086040,0
1709333232000,62355.32000000,62355.32000000,62355.31000000,62355.31000000,0.08297000,1709333232999,5173.62086000,5,0.07893000,4921.70540760,0
1709333233000,62355.31000000,62355.32000000,62355.31000000,62355.32000000,0.15563000,1709333233999,9704.35825010,11,0.13548000,8447.89875360,0
1709333234000,62355.31000000,62355.32000000,62355.31000000,62355.32000000,0.00146000,1709333234999,91.03876340,3,0.00108000,67.34374560,0
1709333235000,62355.31000000,62355.31000000,62355.31000000,62355.31000000,0.00425000,1709333235999,265.01006750,2,0.00000000,0.00000000,0
1709333236000,62355.31000000,62355.31000000,62355.31000000,62355.31000000,0.00179000,1709333236999,111.61600490,1,0.00000000,0.00000000,0
1709333237000,62355.31000000,62355.31000000,62355.31000000,62355.31000000,0.00000000,1709333237999,0.00000000,0,0.00000000,0.00000000,0
1709333238000,62355.31000000,62355.31000000,62355.31000000,62355.31000000,0.03494000,1709333238999,2178.69453140,2,0.00000000,0.00000000,0
1709333239000,62355.32000000,62355.32000000,62355.31000000,62355.31000000,0.01781000,1709333239999,1110.54818360,8,0.01125000,701.49735000,0
1709333240000,62355.32000000,62369.99000000,62355.32000000,62369.99000000,0.94977000,1709333240999,59225.59218550,41,0.93455000,58276.33234910,0
1709333241000,62369.99000000,62370.00000000,62369.99000000,62370.00000000,0.40926000,1709333241999,25525.54243590,18,0.03285000,2048.85450000,0
1709333242000,62370.90000000,62377.74000000,62370.89000000,62377.73000000,0.17083000,1709333242999,10654.88161140,20,0.16839000,10502.68412260,0
1709333243000,62377.73000000,62380.00000000,62377.73000000,62380.00000000,0.68971000,1709333243999,43022.83914990,21,0.68160000,42516.95575960,0
1709333244000,62380.00000000,62380.00000000,62379.99000000,62379.99000000,0.01486000,1709333244999,926.96668760,8,0.00362000,225.81560000,0
1709333245000,62379.99000000,62380.00000000,62379.99000000,62379.99000000,0.02722000,1709333245999,1697.98345240,5,0.01246000,777.25480000,0
1709333246000,62380.00000000,62380.00000000,62379.99000000,62380.00000000,0.00500000,1709333246999,311.89998620,6,0.00362000,225.81560000,0
1709333247000,62380.00000000,62380.00000000,62379.99000000,62379.99000000,0.01312000,1709333247999,818.42551920,5,0.00504000,314.39520000,0
1709333248000,62380.00000000,62386.84000000,62380.00000000,62386.83000000,0.15026000,1709333248999,9373.67379700,14,0.14464000,9023.05981240,0
1709333249000,62386.83000000,62391.09000000,62386.83000000,62391.09000000,0.49205000,1709333249999,30699.15495200,13,0.10919000,6812.11948760,0
1709333250000,62391.10000000,62396.17000000,62391.09000000,62396.16000000,0.23605000,1709333250999,14727.47145450,14,0.19827000,12370.30707390,0
1709333251000,62396.16000000,62396.17000000,62396.16000000,62396.16000000,0.16281000,1709333251999,10158.71881430,8,0.00047000,29.32619990,0
1709333252000,62396.16000000,62396.17000000,62396.16000000,62396.17000000,0.00912000,1709333252999,569.05298190,6,0.00027000,16.84696590,0
1709333253000,62396.16000000,62396.17000000,62396.16000000,62396.17000000,0.83802000,1709333253999,52289.23837940,8,0.83762000,52264.27991540,0
1709333254000,62396.16000000,62396.17000000,62396.16000000,62396.17000000,0.02800000,1709333254999,1747.09260870,5,0.01287000,803.03870790,0
1709333255000,62396.17000000,62399.99000000,62396.17000000,62399.99000000,0.25782000,1709333255999,16087.06743800,15,0.23529000,14681.19566330,0
1709333256000,62400.00000000,62400.00000000,62399.99000000,62399.99000000,0.02162000,1709333256999,1349.08785680,7,0.00730000,455.52000000,0
1709333257000,62400.00000000,62400.00000000,62399.99000000,62400.00000000,0.40685000,1709333257999,25387.43733150,49,0.14000000,8736.00000000,0
1709333258000,62400.00000000,62400.00000000,62400.00000000,62400.00000000,0.03089000,1709333258999,1927.53600000,2,0.03089000,1927.53600000,0
1709333259000,62400.00000000,62400.00000000,62399.99000000,62399.99000000,0.01972000,1709333259999,1230.52782960,7,0.00268000,167.23200000,0
1709333260000,62399.99000000,62400.00000000,62399.99000000,62399.99000000,0.03663000,1709333260999,2285.71184600,8,0.02123000,1324.75200000,0
1709333261000,62399.99000000,62399.99000000,62399.99000000,62399.99000000,0.00018000,1709333261999,11.23199820,1,0.00000000,0.00000000,0
1709333262000,62400.00000000,62400.00000000,62400.00000000,62400.00000000,0.00802000,1709333262999,500.44800000,2,0.00802000,500.44800000,0
1709333263000,62399.99000000,62400.00000000,62399.99000000,62399.99000000,0.50634000,1709333263999,31595.61594670,13,0.50101000,31263.02400000,0
1709333264000,62400.00000000,62400.00000000,62399.99000000,62399.99000000,0.00521000,1709333264999,325.10398820,5,0.00403000,251.47200000,0
1709333265000,62399.99000000,62400.00000000,62399.99000000,62400.00000000,0.03123000,1709333265999,1948.75184790,3,0.01602000,999.64800000,0
1709333266000,62399.99000000,62400.00000000,62399.99000000,62400.00000000,0.12323000,1709333266999,7689.55199010,6,0.12224000,7627.77600000,0
1709333267000,62399.99000000,62400.00000000,62399.99000000,62399.99000000,0.33767000,1709333267999,21070.60660570,14,0.19824000,12370.17600000,0
1709333268000,62399.99000000,62399.99000000,62399.99000000,62399.99000000,0.00643000,1709333268999,401.23193570,3,0.00000000,0.00000000,0
1709333269000,62400.00000000,62400.00000000,62400.00000000,62400.00000000,0.00045000,1709333269999,28.08000000,1,0.00045000,28.08000000,0
1709333270000,62400.00000000,62400.00000000,62400.00000000,62400.00000000,0.06410000,1709333270999,3999.84000000,2,0.06410000,3999.84000000,0
1709333271000,62400.00000000,62400.00000000,62399.99000000,62399.99000000,0.05084000,1709333271999,3172.41557350,10,0.00819000,511.05600000,0
1709333272000,62399.99000000,62400.00000000,62399.99000000,62399.99000000,0.00527000,1709333272999,328.84794830,3,0.00010000,6.24000000,0
1709333273000,62400.00000000,62400.00000000,62400.00000000,62400.00000000,0.50000000,1709333273999,31200.00000000,1,0.50000000,31200.00000000,0
1709333274000,62400.00000000,62400.00000000,62400.00000000,62400.00000000,0.00974000,1709333274999,607.77600000,2,0.00974000,607.77600000,0
1709333275000,62400.00000000,62400.00000000,62399.99000000,62400.00000000,0.01481000,1709333275999,924.14386890,8,0.00170000,106.08000000,0
1709333276000,62400.00000000,62400.00000000,62400.00000000,62400.00000000,0.13160000,1709333276999,8211.84000000,4,0.13160000,8211.84000000,0
1709333277000,62400.00000000,62400.00000000,62400.00000000,62400.00000000,0.00050000,1709333277999,31.20000000,1,0.00050000,31.20000000,0
1709333278000,62400.00000000,62400.00000000,62400.00000000,62400.00000000,0.01000000,1709333278999,624.00000000,1,0.01000000,624.00000000,0
1709333279000,62400.00000000,62400.00000000,62399.99000000,62400.00000000,0.18214000,1709333279999,11365.53439850,55,0.02199000,1372.17600000,0
1709333280000,62399.99000000,62400.00000000,62399.99000000,62399.99000000,0.05551000,1709333280999,3463.82380300,14,0.03581000,2234.54400000,0
1709333281000,62400.00000000,62400.00000000,62400.00000000,62400.00000000,0.01201000,1709333281999,749.42400000,1,0.01201000,749.42400000,0
1709333282000,62400.00000000,62400.00000000,62400.00000000,62400.00000000,0.00105000,1709333282999,65.52000000,1,0.00105000,65.52000000,0
1709333283000,62400.00000000,62400.00000000,62399.99000000,62400.00000000,0.53235000,1709333283999,33218.63998600,9,0.53095000,33131.28000000,0
1709333284000,62399.99000000,62399.99000000,62399.99000000,62399.99000000,0.00231000,1709333284999,144.14397690,2,0.00000000,0.00000000,0
1709333285000,62400.00000000,62400.00000000,62399.99000000,62399.99000000,0.00734000,1709333285999,458.01592760,2,0.00010000,6.24000000,0
1709333286000,62399.99000000,62400.00000000,62399.99000000,62400.00000000,0.02248000,1709333286999,1402.75190010,3,0.01249000,779.37600000,0
1709333287000,62400.00000000,62400.00000000,62400.00000000,62400.00000000,0.00009000,1709333287999,5.61600000,1,0.00009000,5.61600000,0
1709333288000,62399.99000000,62400.00000000,62399.99000000,62400.00000000,0.02882000,1709333288999,1798.36771800,12,0.00062000,38.68800000,0
1709333289000,62399.99000000,62400.00000000,62399.99000000,62400.00000000,0.00093000,1709333289999,58.03199550,2,0.00048000,29.95200000,0
1709333290000,62399.99000000,62399.99000000,62399.99000000,62399.99000000,0.00015000,1709333290999,9.35999850,1,0.00000000,0.00000000,0
1709333291000,62399.99000000,62399.99000000,62399.99000000,62399.99000000,0.00145000,1709333291999,90.47998550,2,0.00000000,0.00000000,0
1709333292000,62399.99000000,62399.99000000,62399.99000000,62399.99000000,0.01585000,1709333292999,989.03984150,5,0.00000000,0.00000000,0
1709333293000,62400.00000000,62400.00000000,62400.00000000,62400.00000000,0.51925000,1709333293999,32401.20000000,8,0.51925000,32401.20000000,0
1709333294000,62400.00000000,62400.00000000,62399.99000000,62400.00000000,0.00113000,1709333294999,70.51199570,3,0.00070000,43.68000000,0
1709333295000,62400.00000000,62400.00000000,62399.99000000,62399.99000000,0.02346000,1709333295999,1463.90399000,4,0.02246000,1401.50400000,0
1709333296000,62399.99000000,62399.99000000,62399.99000000,62399.99000000,0.00000000,1709333296999,0.00000000,0,0.00000000,0.00000000,0
1709333297000,62399.99000000,62400.00000000,62399.99000000,62399.99000000,0.00430000,1709333297999,268.31998500,4,0.00280000,174.72000000,0
1709333298000,62400.00000000,62400.00000000,62400.00000000,62400.00000000,0.00015000,1709333298999,9.36000000,1,0.00015000,9.36000000,0
1709333299000,62399.99000000,62399.99000000,62399.99000000,62399.99000000,0.75351000,1709333299999,47019.01646490,32,0.00000000,0.00000000,0
1709333300000,62399.99000000,62400.00000000,62399.99000000,62399.99000000,0.01837000,1709333300999,1146.28783810,8,0.00218000,136.03200000,0
1709333301000,62400.00000000,62400.00000000,62399.99000000,62399.99000000,0.00610000,1709333301999,380.63996840,4,0.00294000,183.45600000,0
1709333302000,62399.99000000,62400.00000000,62399.99000000,62400.00000000,0.00566000,1709333302999,353.18394670,3,0.00033000,20.59200000,0
1709333303000,62400.00000000,62400.00000000,62399.99000000,62400.00000000,0.51532000,1709333303999,32155.96798910,3,0.51423000,32087.95200000,0
1709333304000,62400.00000000,62400.00000000,62399.99000000,62399.99000000,0.00488000,1709333304999,304.51198620,3,0.00350000,218.40000000,0
1709333305000,62399.99000000,62400.00000000,62399.99000000,62399.99000000,0.00768000,1709333305999,479.23192500,4,0.00018000,11.23200000,0
1709333306000,62399.99000000,62399.99000000,62392.76000000,62392.76000000,1.13213000,1709333306999,70644.68698810,34,0.00000000,0.00000000,0
1709333307000,62392.76000000,62392.77000000,62392.76000000,62392.76000000,0.05466000,1709333307999,3410.38826390,6,0.00023000,14.35033710,0
1709333308000,62392.76000000,62392.77000000,62392.76000000,62392.76000000,0.03914000,1709333308999,2442.05276500,6,0.01386000,864.76379220,0
1709333309000,62392.76000000,62392.77000000,62392.76000000,62392.77000000,0.02064000,1709333309999,1287.78657280,2,0.00064000,39.93137280,0
1709333310000,62392.76000000,62392.77000000,62392.76000000,62392.76000000,0.22568000,1709333310999,14080.79839730,19,0.03205000,1999.68827850,0
1709333311000,62392.76000000,62392.77000000,62392.76000000,62392.76000000,0.03875000,1709333311999,2417.71949490,3,0.00449000,280.14353730,0
1709333312000,62392.76000000,62392.76000000,62392.76000000,62392.76000000,0.74019000,1709333312999,46182.49702440,16,0.00000000,0.00000000,0
1709333313000,62390.01000000,62390.01000000,62390.00000000,62390.01000000,0.55837000,1709333313999,34836.70976820,6,0.54682000,34116.10526820,0
1709333314000,62390.00000000,62390.01000000,62390.00000000,62390.01000000,0.38275000,1709333314999,23879.77597290,6,0.34729000,21667.42657290,0
1709333315000,62390.01000000,62390.01000000,62390.00000000,62390.00000000,0.03344000,1709333315999,2086.32160310,4,0.00031000,19.34090310,0
1709333316000,62390.00000000,62390.00000000,62389.99000000,62390.00000000,0.05548000,1709333316999,3461.39700000,8,0.03098000,1932.84220000,0
1709333317000,62390.00000000,62390.00000000,62389.99000000,62390.00000000,0.01584000,1709333317999,988.25759810,3,0.01565000,976.40350000,0
1709333318000,62389.99000000,62390.00000000,62389.99000000,62389.99000000,0.06211000,1709333318999,3875.04289580,5,0.06169000,3848.83910000,0
1709333319000,62389.99000000,62389.99000000,62377.80000000,62377.80000000,0.95982000,1709333319999,59877.13644340,45,0.00047000,29.31860000,0
1709333320000,62377.80000000,62377.80000000,62377.79000000,62377.79000000,0.19134000,1709333320999,11935.36785980,7,0.00000000,0.00000000,0
1709333321000,62377.79000000,62377.80000000,62377.79000000,62377.80000000,0.01577000,1709333321999,983.69779210,4,0.00438000,273.21476400,0
1709333322000,62377.80000000,62377.80000000,62377.79000000,62377.80000000,0.00755000,1709333322999,470.95236540,4,0.00509000,317.50300200,0
1709333323000,62377.80000000,62377.80000000,62377.79000000,62377.80000000,0.52591000,1709333323999,32805.10879430,6,0.52554000,32782.02901200,0
1709333324000,62377.79000000,62377.80000000,62377.79000000,62377.80000000,0.00379000,1709333324999,236.41184200,3,0.00179000,111.65626200,0
1709333325000,62377.79000000,62377.80000000,62377.79000000,62377.79000000,1.54243000,1709333325999,96213.37474550,21,0.01158000,722.33492400,0
1709333326000,62377.79000000,62377.79000000,62377.79000000,62377.79000000,0.02572000,1709333326999,1604.35675880,2,0.00000000,0.00000000,0
1709333327000,62377.79000000,62377.80000000,62377.79000000,62377.80000000,0.00777000,1709333327999,484.67547640,4,0.00481000,300.03721800,0
1709333328000,62377.80000000,62377.80000000,62377.79000000,62377.80000000,0.02659000,1709333328999,1658.62559320,8,0.01571000,979.95523800,0
1709333329000,62377.79000000,62377.80000000,62377.79000000,62377.79000000,0.22793000,1709333329999,14217.77046750,5,0.07928000,4945.31198400,0
1709333330000,62377.79000000,62377.80000000,62377.79000000,62377.80000000,0.19382000,1709333330999,12090.06329520,5,0.00374000,233.29297200,0
1709333331000,62377.80000000,62377.80000000,62377.80000000,62377.80000000,0.00000000,1709333331999,0.00000000,0,0.00000000,0.00000000,0
1709333332000,62377.80000000,62377.80000000,62377.79000000,62377.79000000,0.53820000,1709333332999,33571.72980800,5,0.32300000,20148.02940000,0
1709333333000,62377.80000000,62377.80000000,62377.80000000,62377.80000000,0.50000000,1709333333999,31188.90000000,2,0.50000000,31188.90000000,0
1709333334000,62377.79000000,62377.80000000,62377.79000000,62377.80000000,0.02054000,1709333334999,1281.23986860,5,0.00620000,386.74236000,0
1709333335000,62377.79000000,62377.79000000,62377.79000000,62377.79000000,0.00876000,1709333335999,546.42944040,1,0.00000000,0.00000000,0
1709333336000,62377.80000000,62377.80000000,62377.79000000,62377.79000000,0.18935000,1709333336999,11811.23453810,5,0.00016000,9.98044800,0
1709333337000,62377.79000000,62377.80000000,62377.79000000,62377.80000000,0.00122000,1709333337999,76.10091000,2,0.00062000,38.67423600,0
1709333338000,62377.79000000,62377.80000000,62377.79000000,62377.79000000,0.06938000,1709333338999,4327.77112750,3,0.00573000,357.42479400,0
1709333339000,62377.79000000,62377.80000000,62377.79000000,62377.80000000,0.02510000,1709333339999,1565.68266160,24,0.01326000,827.12962800,0
1709333340000,62377.80000000,62377.80000000,62377.79000000,62377.80000000,0.35538000,1709333340999,22167.82092970,40,0.19195000,11973.41871000,0
1709333341000,62377.79000000,62377.80000000,62377.79000000,62377.79000000,0.01998000,1709333341999,1246.30825680,5,0.00126000,78.59602800,0
1709333342000,62377.79000000,62377.79000000,62371.11000000,62371.11000000,2.94550000,1709333342999,183726.45591280,49,0.03371000,2102.53011810,0
1709333343000,62371.11000000,62371.11000000,62371.10000000,62371.11000000,0.50823000,1709333343999,31698.86922030,6,0.50673000,31605.31257030,0
1709333344000,62371.11000000,62371.11000000,62371.11000000,62371.11000000,0.00061000,1709333344999,38.04637710,3,0.00061000,38.04637710,0
1709333345000,62371.10000000,62371.10000000,62371.10000000,62371.10000000,0.11475000,1709333345999,7157.08372500,2,0.00000000,0.00000000,0
1709333346000,62371.10000000,62371.11000000,62371.10000000,62371.10000000,0.00429000,1709333346999,267.57203470,6,0.00157000,97.92264270,0
1709333347000,62371.11000000,62371.11000000,62371.10000000,62371.11000000,0.10183000,1709333347999,6351.25011490,4,0.10019000,6248.96151090,0
1709333348000,62371.11000000,62371.11000000,62371.10000000,62371.10000000,0.06182000,1709333348999,3855.78200020,3,0.05982000,3731.03980020,0
1709333349000,62371.11000000,62371.11000000,62371.11000000,62371.11000000,0.01368000,1709333349999,853.23678480,2,0.01368000,853.23678480,0
1709333350000,62371.11000000,62371.11000000,62371.10000000,62371.10000000,0.00145000,1709333350999,90.43809950,2,0.00045000,28.06699950,0
1709333351000,62371.10000000,62371.11000000,62371.10000000,62371.11000000,0.02181000,1709333351999,1360.31374730,2,0.00563000,351.14934930,0
1709333352000,62371.10000000,62371.10000000,62371.10000000,62371.10000000,0.00139000,1709333352999,86.69582900,1,0.00000000,0.00000000,0
1709333353000,62371.10000000,62371.11000000,62369.13000000,62369.14000000,0.69477000,1709333353999,43333.50428640,13,0.00338000,210.81364260,0
1709333354000,62369.14000000,62369.14000000,62369.13000000,62369.14000000,0.07419000,1709333354999,4627.16633290,5,0.05782000,3606.18367480,0
1709333355000,62369.13000000,62369.13000000,62368.53000000,62368.54000000,0.86622000,1709333355999,54025.31816910,11,0.07305000,4556.02184700,0
1709333356000,62368.53000000,62368.54000000,62368.53000000,62368.54000000,0.00696000,1709333356999,434.08498340,4,0.00146000,91.05806840,0
1709333357000,62368.53000000,62368.54000000,62368.53000000,62368.53000000,0.00603000,1709333357999,376.08227150,8,0.00356000,222.03200240,0
1709333358000,62368.54000000,62368.54000000,62368.54000000,62368.54000000,0.00040000,1709333358999,24.94741600,1,0.00040000,24.94741600,0
1709333359000,62368.53000000,62368.53000000,62361.25000000,62361.26000000,0.52067000,1709333359999,32470.96623820,43,0.01998000,1245.97817460,0
1709333360000,62361.26000000,62361.27000000,62361.26000000,62361.26000000,0.01351000,1709333360999,842.50063060,9,0.00080000,49.88901600,0
1709333361000,62361.26000000,62361.26000000,62361.26000000,62361.26000000,0.00435000,1709333361999,271.27148100,5,0.00000000,0.00000000,0
1709333362000,62361.26000000,62361.26000000,62361.26000000,62361.26000000,0.00139000,1709333362999,86.68215140,1,0.00000000,0.00000000,0
1709333363000,62361.27000000,62361.27000000,62361.26000000,62361.26000000,0.08298000,1709333363999,5174.73812460,3,0.07698000,4800.57056460,0
1709333364000,62361.26000000,62361.27000000,62361.26000000,62361.27000000,0.00830000,1709333364999,517.59848900,5,0.00310000,193.31993700,0
1709333365000,62361.26000000,62361.27000000,62357.36000000,62357.37000000,0.32252000,1709333365999,20112.66187170,21,0.01097000,684.10047240,0
1709333366000,62357.37000000,62357.37000000,62357.36000000,62357.36000000,0.01306000,1709333366999,814.38719030,6,0.00687000,428.39513190,0
1709333367000,62357.37000000,62357.37000000,62357.22000000,62357.22000000,0.01751000,1709333367999,1091.87567160,7,0.01250000,779.46529800,0
1709333368000,62357.22000000,62357.22000000,62357.22000000,62357.22000000,0.00268000,1709333368999,167.11734960,2,0.00268000,167.11734960,0
1709333369000,62357.22000000,62357.22000000,62356.64000000,62356.65000000,0.24119000,1709333369999,15039.90581150,23,0.04912000,3062.96064000,0
1709333370000,62356.64000000,62356.64000000,62356.64000000,62356.64000000,0.00106000,1709333370999,66.09803840,1,0.00000000,0.00000000,0
1709333371000,62356.65000000,62356.65000000,62356.65000000,62356.65000000,0.00016000,1709333371999,9.97706400,1,0.00016000,9.97706400,0
1709333372000,62356.64000000,62356.64000000,62356.64000000,62356.64000000,0.00796000,1709333372999,496.35885440,2,0.00000000,0.00000000,0
1709333373000,62356.65000000,62356.65000000,62356.64000000,62356.65000000,0.15573000,1709333373999,9710.80110250,4,0.15553000,9698.32977450,0
1709333374000,62356.64000000,62356.65000000,62356.64000000,62356.65000000,0.00226000,1709333374999,140.92601820,4,0.00118000,73.58084700,0
1709333375000,62356.65000000,62356.65000000,62356.65000000,62356.65000000,0.00000000,1709333375999,0.00000000,0,0.00000000,0.00000000,0
1709333376000,62356.64000000,62356.65000000,62356.64000000,62356.65000000,0.00926000,1709333376999,577.42253100,5,0.00446000,278.11065900,0
1709333377000,62356.64000000,62356.65000000,62356.64000000,62356.64000000,0.09119000,1709333377999,5686.30200600,7,0.00044000,27.43692600,0
1709333378000,62356.65000000,62356.65000000,62356.64000000,62356.64000000,0.00251000,1709333378999,156.51519040,2,0.00240000,149.65596000,0
1709333379000,62356.64000000,62356.64000000,62351.10000000,62351.11000000,1.03442000,1709333379999,64502.87819470,20,0.00496000,309.26507440,0
1709333380000,62351.11000000,62351.11000000,62351.10000000,62351.10000000,0.13573000,1709333380999,8462.91599090,5,0.11879000,7406.68835690,0
1709333381000,62351.10000000,62351.10000000,62351.10000000,62351.10000000,0.00399000,1709333381999,248.78088900,1,0.00000000,0.00000000,0
1709333382000,62351.11000000,62351.11000000,62351.10000000,62351.10000000,0.13043000,1709333382999,8132.45399460,7,0.00216000,134.67839760,0
1709333383000,62351.10000000,62351.11000000,62351.10000000,62351.11000000,0.08779000,1709333383999,5473.80387270,5,0.08037000,5011.15871070,0
1709333384000,62351.10000000,62351.11000000,62351.10000000,62351.11000000,0.02161000,1709333384999,1347.40727490,3,0.00039000,24.31693290,0
1709333385000,62351.10000000,62351.11000000,62351.10000000,62351.11000000,0.00851000,1709333385999,530.60786210,6,0.00011000,6.85862210,0
1709333386000,62351.11000000,62351.11000000,62351.10000000,62351.11000000,0.12452000,1709333386999,7763.96000350,5,0.10315000,6431.51699650,0
1709333387000,62351.10000000,62351.11000000,62351.10000000,62351.10000000,0.01913000,1709333387999,1192.77657140,4,0.00284000,177.07715240,0
1709333388000,62351.11000000,62351.11000000,62351.10000000,62351.10000000,0.01264000,1709333388999,788.11790740,4,0.00034000,21.19937740,0
1709333389000,62351.10000000,62351.11000000,62351.10000000,62351.11000000,0.00717000,1709333389999,447.05744270,3,0.00557000,347.29568270,0
1709333390000,62351.11000000,62351.11000000,62351.11000000,62351.11000000,0.00925000,1709333390999,576.74776750,2,0.00925000,576.74776750,0
1709333391000,62351.11000000,62351.11000000,62351.10000000,62351.10000000,0.01323000,1709333391999,824.90510210,3,0.00491000,306.14395010,0
1709333392000,62351.10000000,62351.11000000,62351.10000000,62351.10000000,0.08038000,1709333392999,5011.78159490,18,0.01769000,1102.99113590,0
1709333393000,62351.10000000,62351.11000000,62351.10000000,62351.11000000,0.06202000,1709333393999,3867.01523730,12,0.00153000,95.39719830,0
1709333394000,62351.10000000,62351.11000000,62351.10000000,62351.11000000,0.01729000,1709333394999,1078.05052200,4,0.00030000,18.70533300,0
1709333395000,62351.11000000,62351.11000000,62351.10000000,62351.10000000,0.16525000,1709333395999,10303.52088470,8,0.16097000,10036.65817670,0
1709333396000,62351.11000000,62351.11000000,62351.09000000,62351.10000000,0.77239000,1709333396999,48159.36685070,39,0.32211000,20083.91362340,0
1709333397000,62351.10000000,62351.10000000,62351.09000000,62351.10000000,0.24175000,1709333397999,15073.37841140,5,0.24039000,14988.58092900,0
1709333398000,62351.10000000,62351.10000000,62351.09000000,62351.10000000,0.26076000,1709333398999,16258.67263230,6,0.24039000,14988.58092900,0
1709333399000,62351.10000000,62351.10000000,62351.04000000,62351.04000000,0.62647000,1709333399999,39061.08025560,38,0.33169000,20681.22778750,0
1709333400000,62351.04000000,62351.05000000,62351.04000000,62351.04000000,0.45874000,1709333400999,28602.91925280,35,0.31632000,19722.88413600,0
1709333401000,62351.04000000,62351.04000000,62350.00000000,62350.01000000,0.64457000,1709333401999,40189.29405920,34,0.27068000,16876.90070680,0
1709333402000,62350.01000000,62350.01000000,62346.16000000,62346.16000000,0.40555000,1709333402999,25285.35353460,15,0.27142000,16922.37431900,0
1709333403000,62346.17000000,62346.17000000,62346.17000000,62346.17000000,0.08069000,1709333403999,5030.71245730,2,0.08069000,5030.71245730,0
1709333404000,62346.16000000,62346.17000000,62346.16000000,62346.17000000,0.30179000,1709333404999,18815.45064050,8,0.30141000,18791.75909970,0
1709333405000,62346.17000000,62346.17000000,62345.32000000,62345.33000000,0.28725000,1709333405999,17908.76321670,9,0.27259000,16994.78082230,0
1709333406000,62345.33000000,62345.33000000,62345.32000000,62345.33000000,0.24155000,1709333406999,15059.51445600,8,0.24100000,15025.22453000,0
1709333407000,62345.33000000,62345.33000000,62341.45000000,62341.45000000,0.69205000,1709333407999,43145.98566960,28,0.32105000,20015.96819650,0
1709333408000,62341.46000000,62341.46000000,62341.46000000,62341.46000000,0.24521000,1709333408999,15286.74940660,8,0.24521000,15286.74940660,0
1709333409000,62341.46000000,62341.46000000,62341.45000000,62341.46000000,0.16130000,1709333409999,10055.67748800,3,0.16030000,9993.33603800,0
1709333410000,62341.45000000,62341.45000000,62330.01000000,62330.01000000,2.43245000,1709333410999,151637.05551860,31,0.11850000,7386.21097380,0
1709333411000,62330.01000000,62330.01000000,62330.00000000,62330.01000000,0.72194000,1709333411999,44998.52741600,6,0.72160000,44977.33521600,0
1709333412000,62330.01000000,62330.01000000,62330.00000000,62330.01000000,0.32714000,1709333412999,20390.63944600,10,0.32460000,20232.32124600,0
1709333413000,62330.00000000,62330.01000000,62330.00000000,62330.01000000,0.34114000,1709333413999,21263.25863300,15,0.24330000,15164.89143300,0
1709333414000,62330.01000000,62330.01000000,62330.01000000,62330.01000000,0.24424000,1709333414999,15223.48164240,5,0.24424000,15223.48164240,0
1709333415000,62330.01000000,62330.01000000,62330.00000000,62330.01000000,0.61784000,1709333415999,38509.96965620,28,0.24562000,15309.49705620,0
1709333416000,62330.01000000,62330.01000000,62330.00000000,62330.01000000,0.58051000,1709333416999,36183.19163320,25,0.33332000,20775.83893320,0
1709333417000,62330.00000000,62330.01000000,62330.00000000,62330.00000000,0.21183000,1709333417999,13203.36551800,10,0.16180000,10084.99561800,0
1709333418000,62330.01000000,62330.01000000,62330.00000000,62330.00000000,0.30435000,1709333418999,18970.13793810,10,0.24381000,15196.67973810,0
1709333419000,62330.00000000,62330.01000000,62328.91000000,62328.92000000,0.68425000,1709333419999,42649.02308390,34,0.31064000,19361.95250080,0
1709333420000,62328.92000000,62328.92000000,62328.91000000,62328.92000000,0.43256000,1709333420999,26960.99572170,17,0.24121000,15034.35879320,0
1709333421000,62328.92000000,62328.92000000,62328.59000000,62328.59000000,0.80471000,1709333421999,50156.57107800,33,0.24072000,15003.79197120,0
1709333422000,62328.60000000,62328.60000000,62328.59000000,62328.60000000,0.33187000,1709333422999,20684.99238570,8,0.32224000,20084.76806400,0
1709333423000,62328.60000000,62328.60000000,62328.59000000,62328.60000000,0.24098000,1709333423999,15019.94602300,5,0.24048000,14988.78172800,0
1709333424000,62328.60000000,62328.60000000,62328.59000000,62328.60000000,0.21592000,1709333424999,13457.99127240,10,0.21196000,13211.17005600,0
1709333425000,62328.60000000,62328.60000000,62328.60000000,62328.60000000,0.28125000,1709333425999,17529.91875000,16,0.28125000,17529.91875000,0
1709333426000,62328.60000000,62328.60000000,62328.59000000,62328.60000000,0.24708000,1709333426999,15400.15048620,9,0.24690000,15388.93134000,0
1709333427000,62328.60000000,62328.60000000,62328.60000000,62328.60000000,0.24086000,1709333427999,15012.46659600,5,0.24086000,15012.46659600,0
1709333428000,62328.60000000,62328.60000000,62328.59000000,62328.59000000,0.27621000,1709333428999,17215.78256470,10,0.27208000,16958.36548800,0
1709333429000,62328.60000000,62328.60000000,62328.59000000,62328.60000000,0.37146000,1709333429999,23152.58124780,11,0.32064000,19985.04230400,0
1709333430000,62328.59000000,62328.92000000,62328.59000000,62328.92000000,0.76116000,1709333430999,47442.08996690,54,0.70489000,43934.86000600,0
1709333431000,62328.92000000,62331.31000000,62328.92000000,62331.31000000,0.64193000,1709333431999,40011.37184140,33,0.64193000,40011.37184140,0
1709333432000,62331.31000000,62331.31000000,62331.30000000,62331.31000000,0.16548000,1709333432999,10314.58516960,8,0.16456000,10257.24037360,0
1709333433000,62331.31000000,62331.31000000,62331.30000000,62331.31000000,0.25417000,1709333433999,15842.74905000,13,0.25290000,15763.58829900,0
1709333434000,62331.31000000,62331.31000000,62331.31000000,62331.31000000,0.24099000,1709333434999,15021.22239690,4,0.24099000,15021.22239690,0
1709333435000,62331.31000000,62331.94000000,62331.31000000,62331.94000000,0.34140000,1709333435999,21279.91432340,14,0.34140000,21279.91432340,0
1709333436000,62332.86000000,62332.87000000,62332.86000000,62332.87000000,0.24430000,1709333436999,15227.91930120,7,0.16032000,9993.20571840,0
1709333437000,62332.87000000,62332.87000000,62332.86000000,62332.86000000,0.24566000,1709333437999,15312.69279580,13,0.24082000,15011.00175340,0
1709333438000,62332.87000000,62332.87000000,62332.86000000,62332.87000000,0.24510000,1709333438999,15277.78642660,7,0.24406000,15212.96025220,0
1709333439000,62332.87000000,62332.87000000,62332.87000000,62332.87000000,0.32858000,1709333439999,20481.33442460,10,0.32858000,20481.33442460,0
1709333440000,62332.87000000,62332.87000000,62332.86000000,62332.87000000,0.26376000,1709333440999,16440.91761040,10,0.24568000,15313.93950160,0
1709333441000,62332.87000000,62332.87000000,62332.86000000,62332.87000000,0.25855000,1709333441999,16116.16335780,5,0.24048000,14989.80857760,0
1709333442000,62332.87000000,62332.87000000,62332.86000000,62332.86000000,1.63605000,1709333442999,101979.67801480,9,0.24118000,15033.44158660,0
1709333443000,62332.87000000,62332.87000000,62332.87000000,62332.87000000,0.32267000,1709333443999,20112.94716290,7,0.32267000,20112.94716290,0
1709333444000,62332.87000000,62332.87000000,62332.82000000,62332.82000000,3.49691000,1709333444999,217972.39850970,46,0.08257000,5146.82186950,0
1709333445000,62332.82000000,62332.83000000,62332.82000000,62332.82000000,0.05887000,1709333445999,3669.53368580,7,0.05724000,3567.93118920,0
1709333446000,62332.83000000,62332.83000000,62332.83000000,62332.83000000,0.03254000,1709333446999,2028.31028820,2,0.03254000,2028.31028820,0
1709333447000,62332.82000000,62332.83000000,62332.82000000,62332.83000000,0.17876000,1709333447999,11142.61652120,7,0.16180000,10085.45189400,0
1709333448000,62332.83000000,62332.83000000,62332.82000000,62332.83000000,0.48902000,1709333448999,30481.99871030,13,0.30739000,19160.48861370,0
1709333449000,62332.83000000,62332.83000000,62332.83000000,62332.83000000,0.16876000,1709333449999,10519.28839080,5,0.16876000,10519.28839080,0
1709333450000,62332.83000000,62332.83000000,62332.82000000,62332.82000000,0.16716000,1709333450999,10419.55579440,5,0.16032000,9993.19930560,0
1709333451000,62332.83000000,62332.83000000,62332.82000000,62332.83000000,0.33933000,1709333451999,21151.39839530,10,0.25847000,16111.16657010,0
1709333452000,62332.82000000,62332.83000000,62332.82000000,62332.83000000,0.18019000,1709333452999,11231.75256210,7,0.17263000,10760.51644290,0
1709333453000,62332.82000000,62332.83000000,62332.82000000,62332.82000000,0.87926000,1709333453999,54806.76208900,20,0.67758000,42235.47895140,0
1709333454000,62332.83000000,62332.83000000,62332.82000000,62332.83000000,0.52654000,1709333454999,32820.72548430,13,0.24415000,15218.56044450,0
1709333455000,62332.83000000,62332.83000000,62332.82000000,62332.83000000,0.28801000,1709333455999,17952.47833640,10,0.28482000,17753.63664060,0
1709333456000,62332.83000000,62332.83000000,62332.82000000,62332.82000000,0.26104000,1709333456999,16271.36193910,12,0.26063000,16245.80548290,0
1709333457000,62332.83000000,62332.83000000,62332.82000000,62332.82000000,0.17730000,1709333457999,11051.61061390,19,0.16279000,10147.16139570,0
1709333458000,62332.83000000,62332.83000000,62332.82000000,62332.82000000,0.20813000,1709333458999,12973.33064580,14,0.08192000,5106.30543360,0
1709333459000,62332.83000000,62332.83000000,62332.82000000,62332.83000000,0.18378000,1709333459999,11455.52740090,40,0.17413000,10854.01568790,0
1709333460000,62332.83000000,62332.83000000,62332.82000000,62332.83000000,0.34594000,1709333460999,21563.41907190,31,0.33211000,20701.35617130,0
1709333461000,62332.83000000,62332.83000000,62332.83000000,62332.83000000,0.24657000,1709333461999,15369.40589310,7,0.24657000,15369.40589310,0
1709333462000,62332.82000000,62332.83000000,62332.82000000,62332.83000000,0.18302000,1709333462999,11408.15446880,15,0.17524000,10923.20512920,0
1709333463000,62332.83000000,62332.83000000,62332.83000000,62332.83000000,0.25040000,1709333463999,15608.14063200,6,0.25040000,15608.14063200,0
1709333464000,62332.82000000,62332.83000000,62332.82000000,62332.83000000,0.00504000,1709333464999,314.15743210,4,0.00193000,120.30236190,0
1709333465000,62332.82000000,62332.83000000,62332.82000000,62332.83000000,0.00853000,1709333465999,531.69900960,6,0.00550000,342.83056500,0
1709333466000,62332.82000000,62332.82000000,62332.82000000,62332.82000000,0.00091000,1709333466999,56.72286620,2,0.00000000,0.00000000,0
1709333467000,62332.83000000,62332.83000000,62332.82000000,62332.82000000,0.14785000,1709333467999,9215.90765260,8,0.02156000,1343.89581480,0
1709333468000,62332.82000000,62332.82000000,62332.82000000,62332.82000000,0.00115000,1709333468999,71.68274300,1,0.00000000,0.00000000,0
1709333469000,62332.83000000,62332.83000000,62332.83000000,62332.83000000,0.00046000,1709333469999,28.67310180,1,0.00046000,28.67310180,0
1709333470000,62332.83000000,62332.83000000,62332.83000000,62332.83000000,0.04380000,1709333470999,2730.17795400,1,0.04380000,2730.17795400,0
1709333471000,62332.83000000,62332.83000000,62332.82000000,62332.82000000,0.00354000,1709333471999,220.65818770,3,0.00049000,30.54308670,0
1709333472000,62332.83000000,62332.83000000,62332.82000000,62332.82000000,2.38236000,1709333472999,148499.21709420,29,0.00390000,243.09803700,0
1709333473000,62332.82000000,62332.83000000,62332.82000000,62332.83000000,0.02257000,1709333473999,1406.85178900,5,0.00416000,259.30457280,0
1709333474000,62332.83000000,62332.83000000,62332.82000000,62332.82000000,0.01386000,1709333474999,863.93290200,6,0.00168000,104.71915440,0
1709333475000,62332.83000000,62332.83000000,62332.82000000,62332.82000000,0.03626000,1709333475999,2260.18807350,3,0.00203000,126.53564490,0
1709333476000,62332.82000000,62332.83000000,62332.82000000,62332.83000000,0.02736000,1709333476999,1705.42596940,3,0.00142000,88.51261860,0
1709333477000,62332.83000000,62332.89000000,62332.83000000,62332.89000000,2.35833000,1709333477999,147001.39925150,32,2.35833000,147001.39925150,0
1709333478000,62334.71000000,62334.71000000,62334.71000000,62334.71000000,0.07435000,1709333478999,4634.58568850,3,0.00000000,0.00000000,0
1709333479000,62334.71000000,62345.31000000,62334.71000000,62345.31000000,1.46414000,1709333479999,91272.84657060,78,1.44576000,90127.12324440,0
1709333480000,62345.31000000,62348.80000000,62345.31000000,62348.80000000,0.70132000,1709333480999,43725.36727090,27,0.66108000,41216.46148030,0
1709333481000,62348.80000000,62349.31000000,62348.79000000,62349.30000000,0.23592000,1709333481999,14709.35622140,16,0.20256000,12629.38415480,0
1709333482000,62349.30000000,62351.10000000,62349.30000000,62351.10000000,0.26223000,1709333482999,16349.92079570,21,0.25408000,15841.77400070,0
1709333483000,62351.11000000,62359.05000000,62351.11000000,62359.05000000,0.82777000,1709333483999,51613.22279980,41,0.79638000,49655.87807880,0
1709333484000,62359.07000000,62359.22000000,62359.07000000,62359.21000000,0.18685000,1709333484999,11651.80690460,9,0.16801000,10476.95938820,0
1709333485000,62359.21000000,62359.29000000,62359.21000000,62359.29000000,1.92477000,1709333485999,120027.14524670,21,0.27434000,17107.63413520,0
1709333486000,62359.29000000,62360.94000000,62359.29000000,62360.94000000,0.24223000,1709333486999,15105.61201780,17,0.24087000,15020.80115300,0
1709333487000,62360.94000000,62362.88000000,62360.94000000,62362.88000000,0.27438000,1709333487999,17110.95560490,17,0.24230000,15110.35762250,0
1709333488000,62362.87000000,62364.03000000,62362.87000000,62364.03000000,0.08097000,1709333488999,5049.53373570,9,0.08040000,5013.98689980,0
1709333489000,62364.03000000,62364.03000000,62364.03000000,62364.03000000,0.00000000,1709333489999,0.00000000,0,0.00000000,0.00000000,0
1709333490000,62364.02000000,62374.38000000,62364.02000000,62374.38000000,0.71220000,1709333490999,44420.36469930,55,0.54871000,34223.05125070,0
1709333491000,62374.38000000,62375.35000000,62374.38000000,62375.34000000,0.01813000,1709333491999,1130.86489120,7,0.01594000,994.26307900,0
1709333492000,62375.35000000,62375.91000000,62375.35000000,62375.91000000,0.24031000,1709333492999,14989.53622810,11,0.24031000,14989.53622810,0
1709333493000,62375.91000000,62379.06000000,62375.91000000,62379.06000000,0.74966000,1709333493999,46761.99483190,25,0.74099000,46221.16875040,0
1709333494000,62379.06000000,62379.06000000,62379.05000000,62379.06000000,0.53664000,1709333494999,33475.09733800,20,0.39460000,24614.77707600,0
1709333495000,62379.06000000,62381.52000000,62379.06000000,62381.51000000,0.24655000,1709333495999,15379.85906150,27,0.24113000,15041.75169730,0
1709333496000,62381.52000000,62383.31000000,62381.52000000,62383.31000000,0.29963000,1709333496999,18691.75837230,23,0.25674000,16016.13895450,0
1709333497000,62383.30000000,62384.80000000,62383.30000000,62384.80000000,0.11254000,1709333497999,7020.61991740,17,0.10197000,6361.22843640,0
1709333498000,62385.16000000,62385.24000000,62385.16000000,62385.24000000,0.20597000,1709333498999,12849.48487080,20,0.18933000,11811.39467110,0
1709333499000,62385.27000000,62386.74000000,62385.26000000,62386.73000000,0.35760000,1709333499999,22309.20842700,11,0.32073000,20009.06365560,0
1709333500000,62386.74000000,62394.63000000,62386.73000000,62394.63000000,0.60789000,1709333500999,37927.52249050,140,0.58979000,36798.29220510,0
1709333501000,62394.62000000,62397.38000000,62394.62000000,62397.38000000,0.36567000,1709333501999,22816.25110100,75,0.35711000,22282.14999130,0
1709333502000,62398.21000000,62399.99000000,62398.21000000,62399.99000000,0.04042000,1709333502999,2522.13614660,6,0.00028000,17.47199720,0
1709333503000,62399.99000000,62412.17000000,62399.99000000,62412.16000000,2.68025000,1709333503999,167257.12564610,68,2.67785000,167107.33757280,0
1709333504000,62412.16000000,62413.07000000,62412.16000000,62413.06000000,0.09716000,1709333504999,6063.96770190,19,0.08053000,5026.05214010,0
1709333505000,62413.07000000,62413.07000000,62413.06000000,62413.06000000,0.44707000,1709333505999,27903.01020620,44,0.34720000,21669.81790400,0
1709333506000,62413.07000000,62413.07000000,62413.07000000,62413.07000000,0.00488000,1709333506999,304.57578160,5,0.00411000,256.51771770,0
1709333507000,62413.08000000,62413.08000000,62413.07000000,62413.08000000,0.30665000,1709333507999,19138.97057030,23,0.26548000,16569.42447840,0
1709333508000,62413.08000000,62419.99000000,62413.07000000,62419.99000000,0.21146000,1709333508999,13198.23164000,39,0.20640000,12882.39651770,0
1709333509000,62419.99000000,62422.79000000,62419.99000000,62422.78000000,0.18606000,1709333509999,11614.22278960,22,0.16010000,9993.73199640,0
1709333510000,62422.79000000,62422.79000000,62422.78000000,62422.79000000,0.36265000,1709333510999,22637.62471620,8,0.35492000,22155.09662680,0
1709333511000,62422.79000000,62422.79000000,62422.78000000,62422.78000000,0.38256000,1709333511999,23880.46191840,12,0.32016000,19985.28044640,0
1709333512000,62422.79000000,62422.79000000,62422.79000000,62422.79000000,0.60244000,1709333512999,37605.98560760,27,0.60244000,37605.98560760,0
1709333513000,62422.79000000,62425.29000000,62422.79000000,62425.29000000,0.79444000,1709333513999,49592.69585840,29,0.76305000,47633.16631920,0
1709333514000,62425.28000000,62425.29000000,62425.28000000,62425.29000000,0.02581000,1709333514999,1611.19647830,3,0.00015000,9.36379350,0
1709333515000,62425.28000000,62425.28000000,62425.28000000,62425.28000000,0.04257000,1709333515999,2657.44416960,4,0.00000000,0.00000000,0
1709333516000,62425.28000000,62425.28000000,62425.28000000,62425.28000000,0.01342000,1709333516999,837.74725760,3,0.00000000,0.00000000,0
1709333517000,62425.28000000,62431.80000000,62425.28000000,62431.80000000,2.29318000,1709333517999,143153.29303280,50,2.26480000,141381.66358640,0
1709333518000,62435.27000000,62435.27000000,62435.26000000,62435.27000000,0.24078000,1709333518999,15033.16430830,7,0.24055000,15018.80419850,0
1709333519000,62435.27000000,62435.27000000,62435.26000000,62435.27000000,0.14601000,1709333519999,9116.17358670,25,0.12741000,7954.87775070,0
1709333520000,62435.26000000,62435.27000000,62435.26000000,62435.26000000,0.04359000,1709333520999,2721.55311760,31,0.01342000,837.88132340,0
1709333521000,62435.27000000,62435.27000000,62435.26000000,62435.26000000,0.07320000,1709333521999,4570.26112120,3,0.00892000,556.92260840,0
1709333522000,62435.27000000,62435.27000000,62435.26000000,62435.26000000,0.02223000,1709333522999,1387.93599200,3,0.01622000,1012.70007940,0
1709333523000,62435.27000000,62435.27000000,62435.26000000,62435.26000000,0.51656000,1709333523999,32251.56300920,5,0.51036000,31864.46439720,0
1709333524000,62435.26000000,62435.26000000,62435.26000000,62435.26000000,0.04692000,1709333524999,2929.46239920,6,0.00000000,0.00000000,0
1709333525000,62435.27000000,62435.27000000,62435.27000000,62435.27000000,0.00092000,1709333525999,57.44044840,3,0.00092000,57.44044840,0
1709333526000,62435.27000000,62435.27000000,62435.26000000,62435.26000000,0.06148000,1709333526999,3838.51978640,6,0.00016000,9.98964320,0
1709333527000,62435.26000000,62435.27000000,62435.26000000,62435.26000000,0.01425000,1709333527999,889.70245780,5,0.00028000,17.48187560,0
1709333528000,62435.26000000,62435.27000000,62435.26000000,62435.26000000,0.00518000,1709333528999,323.41465290,5,0.00061000,38.08551470,0
1709333529000,62435.27000000,62435.27000000,62435.26000000,62435.26000000,0.03610000,1709333529999,2253.91306540,6,0.01794000,1120.08874380,0
1709333530000,62435.26000000,62435.27000000,62435.26000000,62435.27000000,0.10433000,1709333530999,6513.87083040,64,0.01546000,965.24927420,0
1709333531000,62435.26000000,62435.27000000,62435.26000000,62435.26000000,0.75271000,1709333531999,46995.65108870,8,0.65341000,40795.82977070,0
1709333532000,62435.27000000,62435.27000000,62435.27000000,62435.27000000,0.00380000,1709333532999,237.25402600,4,0.00380000,237.25402600,0
1709333533000,62435.27000000,62435.27000000,62435.26000000,62435.26000000,1.13979000,1709333533999,71163.09005590,114,0.50605000,31595.36838350,0
1709333534000,62435.26000000,62435.27000000,62435.26000000,62435.26000000,0.06691000,1709333534999,4177.54349600,6,0.02494000,1557.13563380,0
1709333535000,62435.27000000,62435.27000000,62435.26000000,62435.27000000,0.07378000,1709333535999,4606.47421830,4,0.07355000,4592.11410850,0
1709333536000,62435.26000000,62435.27000000,62435.26000000,62435.26000000,0.00493000,1709333536999,307.80583770,4,0.00059000,36.83680930,0
1709333537000,62435.26000000,62435.27000000,62435.26000000,62435.27000000,0.12173000,1709333537999,7600.24420300,78,0.00032000,19.97928640,0
1709333538000,62435.26000000,62435.26000000,62426.56000000,62426.56000000,1.38513000,1709333538999,86478.44236830,111,0.15139000,9450.89619720,0
1709333539000,62426.56000000,62426.56000000,62426.21000000,62426.21000000,0.30319000,1709333539999,18927.08368750,12,0.03220000,2010.13458800,0
1709333540000,62426.21000000,62426.21000000,62425.91000000,62425.92000000,0.11946000,1709333540999,7457.42801190,12,0.00423000,264.06164160,0
1709333541000,62425.91000000,62425.92000000,62425.91000000,62425.92000000,0.06729000,1709333541999,4200.63951730,4,0.00334000,208.50257280,0
1709333542000,62425.92000000,62425.92000000,62425.91000000,62425.92000000,0.04389000,1709333542999,2739.87362080,7,0.04309000,2689.93289280,0
1709333543000,62425.91000000,62425.92000000,62425.91000000,62425.92000000,0.67561000,1709333543999,42175.57409070,17,0.50356000,31435.19627520,0
1709333544000,62425.91000000,62425.92000000,62425.91000000,62425.91000000,0.19026000,1709333544999,11877.15363950,5,0.00029000,18.10351680,0
1709333545000,62425.91000000,62425.92000000,62425.91000000,62425.91000000,0.32512000,1709333545999,20295.91399730,19,0.21381000,13347.28595520,0
1709333546000,62425.91000000,62425.92000000,62425.91000000,62425.91000000,0.19736000,1709333546999,12320.37764880,14,0.00512000,319.62071040,0
1709333547000,62425.91000000,62425.92000000,62423.71000000,62423.71000000,0.56929000,1709333547999,35537.91227470,42,0.03204000,2000.12647680,0
1709333548000,62423.72000000,62423.72000000,62423.71000000,62423.72000000,0.14932000,1709333548999,9321.10923400,10,0.08568000,5348.46432960,0
1709333549000,62423.71000000,62423.71000000,62423.71000000,62423.71000000,0.01174000,1709333549999,732.85435540,1,0.00000000,0.00000000,0
1709333550000,62423.71000000,62423.72000000,62423.71000000,62423.72000000,0.01091000,1709333550999,681.04269220,2,0.00161000,100.50218920,0
1709333551000,62423.72000000,62423.72000000,62423.71000000,62423.71000000,0.21307000,1709333551999,13300.62169170,6,0.18020000,11248.75434400,0
1709333552000,62423.71000000,62423.72000000,62423.71000000,62423.72000000,0.26699000,1709333552999,16666.50882150,11,0.24886000,15534.76695920,0
1709333553000,62423.72000000,62429.11000000,62423.71000000,62429.11000000,0.83463000,1709333553999,52101.61990090,24,0.82016000,51198.34881720,0
1709333554000,62429.11000000,62429.11000000,62429.10000000,62429.11000000,0.28343000,1709333554999,17694.28221420,5,0.24012000,14990.47789320,0
1709333555000,62429.10000000,62429.11000000,62429.10000000,62429.11000000,0.35141000,1709333555999,21938.21019990,20,0.01689000,1054.42766790,0
1709333556000,62429.11000000,62429.11000000,62429.10000000,62429.10000000,0.30434000,1709333556999,18999.67481750,14,0.25235000,15753.98590850,0
1709333557000,62429.11000000,62429.11000000,62429.10000000,62429.10000000,0.26240000,1709333557999,16381.39824310,9,0.24031000,15002.33942410,0
1709333558000,62429.10000000,62432.25000000,62429.10000000,62432.25000000,0.32661000,1709333558999,20390.23339160,15,0.32274000,20148.62225560,0
1709333559000,62432.25000000,62432.25000000,62432.24000000,62432.25000000,0.25033000,1709333559999,15628.66504090,6,0.24017000,14994.35348250,0
1709333560000,62432.24000000,62432.25000000,62432.24000000,62432.25000000,0.24716000,1709333560999,15430.75483930,7,0.24009000,14989.35890250,0
1709333561000,62432.25000000,62432.25000000,62432.24000000,62432.25000000,0.43193000,1709333561999,26966.35987370,8,0.24505000,15299.02286250,0
1709333562000,62432.24000000,62432.25000000,62432.24000000,62432.24000000,0.01985000,1709333562999,1239.28005800,10,0.00940000,586.86315000,0
1709333563000,62432.24000000,62433.95000000,62432.24000000,62433.95000000,0.62893000,1709333563999,39265.52345670,28,0.59027000,36851.89305830,0
1709333564000,62433.95000000,62433.95000000,62433.94000000,62433.94000000,0.03941000,1709333564999,2460.52159950,6,0.00241000,150.46581950,0
1709333565000,62433.94000000,62433.94000000,62433.94000000,62433.94000000,0.40900000,1709333565999,25535.48146000,21,0.00000000,0.00000000,0
1709333566000,62433.94000000,62433.95000000,62433.94000000,62433.95000000,0.04160000,1709333566999,2597.25190590,4,0.00019000,11.86245050,0
1709333567000,62433.94000000,62433.94000000,62433.94000000,62433.94000000,0.33829000,1709333567999,21120.77756260,17,0.00000000,0.00000000,0
1709333568000,62433.94000000,62433.95000000,62433.94000000,62433.94000000,0.06167000,1709333568999,3850.30109020,6,0.00104000,64.93130800,0
1709333569000,62433.94000000,62433.94000000,62433.94000000,62433.94000000,0.03033000,1709333569999,1893.62140020,2,0.00000000,0.00000000,0
1709333570000,62433.94000000,62433.95000000,62433.94000000,62433.95000000,0.02431000,1709333570999,1517.76909700,5,0.00156000,97.39696200,0
1709333571000,62433.95000000,62433.95000000,62433.94000000,62433.94000000,0.17165000,1709333571999,10716.78586210,12,0.00611000,381.47143450,0
1709333572000,62433.94000000,62433.95000000,62433.94000000,62433.94000000,0.05445000,1709333572999,3399.52810540,9,0.00724000,452.02179800,0
1709333573000,62433.94000000,62433.95000000,62433.94000000,62433.95000000,0.52000000,1709333573999,32465.65380000,8,0.50000000,31216.97500000,0
1709333574000,62433.94000000,62433.94000000,62433.94000000,62433.94000000,0.03900000,1709333574999,2434.92366000,2,0.00000000,0.00000000,0
1709333575000,62433.94000000,62433.94000000,62433.94000000,62433.94000000,0.26392000,1709333575999,16477.56544480,15,0.00000000,0.00000000,0
1709333576000,62433.94000000,62433.95000000,62433.94000000,62433.94000000,0.06572000,1709333576999,4103.15886390,17,0.03271000,2042.21450450,0
1709333577000,62433.94000000,62433.94000000,62433.94000000,62433.94000000,0.43274000,1709333577999,27017.66319560,26,0.00000000,0.00000000,0
1709333578000,62433.94000000,62433.94000000,62433.94000000,62433.94000000,0.02395000,1709333578999,1495.29286300,5,0.00000000,0.00000000,0
1709333579000,62433.95000000,62433.95000000,62433.57000000,62433.58000000,0.54711000,1709333579999,34158.14593700,43,0.02770000,1729.41641160,0
1709333580000,62433.57000000,62433.58000000,62433.57000000,62433.57000000,0.63161000,1709333580999,39433.66726390,64,0.01162000,725.47819960,0
1709333581000,62433.58000000,62433.58000000,62433.57000000,62433.58000000,0.02561000,1709333581999,1598.92377760,7,0.00499000,311.54356420,0
1709333582000,62433.57000000,62433.58000000,62433.57000000,62433.57000000,0.00689000,1709333582999,430.16730180,4,0.00045000,28.09511100,0
1709333583000,62433.57000000,62433.58000000,62431.20000000,62431.20000000,0.94177000,1709333583999,58798.06761530,37,0.50000000,31216.79000000,0
1709333584000,62431.12000000,62431.12000000,62426.47000000,62426.48000000,0.33345000,1709333584999,20816.61395630,30,0.02175000,1357.77594000,0
1709333585000,62426.47000000,62426.48000000,62426.47000000,62426.47000000,0.29200000,1709333585999,18228.52934550,25,0.01055000,658.59936400,0
1709333586000,62426.47000000,62426.48000000,62425.38000000,62425.38000000,0.80538000,1709333586999,50276.79074430,22,0.00031000,19.35220880,0
1709333587000,62425.38000000,62425.38000000,62425.38000000,62425.38000000,0.00038000,1709333587999,23.72164440,1,0.00000000,0.00000000,0
1709333588000,62425.39000000,62425.39000000,62425.38000000,62425.38000000,0.25879000,1709333588999,16155.06651930,11,0.24291000,15163.75148490,0
1709333589000,62425.39000000,62425.39000000,62425.38000000,62425.39000000,0.40201000,1709333589999,25095.63101630,7,0.40025000,24985.76234750,0
1709333590000,62425.38000000,62425.39000000,62425.38000000,62425.39000000,0.34408000,1709333590999,21479.32785400,7,0.31036000,19374.34404040,0
1709333591000,62425.38000000,62425.39000000,62425.38000000,62425.39000000,0.16989000,1709333591999,10605.44947370,7,0.16655000,10396.94870450,0
1709333592000,62425.39000000,62425.39000000,62425.38000000,62425.39000000,0.24512000,1709333592999,15301.71154840,7,0.24028000,14999.57270920,0
1709333593000,62425.39000000,62425.39000000,62425.38000000,62425.39000000,0.75649000,1709333593999,47224.18319800,14,0.74818000,46705.42829020,0
1709333594000,62425.38000000,62425.39000000,62425.38000000,62425.39000000,0.16379000,1709333594999,10224.65462640,6,0.16362000,10214.04231180,0
1709333595000,62425.39000000,62425.39000000,62425.39000000,62425.39000000,0.00015000,1709333595999,9.36380850,1,0.00015000,9.36380850,0
1709333596000,62425.38000000,62425.38000000,62425.38000000,62425.38000000,0.00337000,1709333596999,210.37353060,2,0.00000000,0.00000000,0
1709333597000,62425.38000000,62425.39000000,62425.38000000,62425.39000000,0.00195000,1709333597999,121.72950830,3,0.00173000,107.99592470,0
1709333598000,62425.39000000,62425.39000000,62425.38000000,62425.39000000,0.06748000,1709333598999,4212.46531630,4,0.06739000,4206.84703210,0
1709333599000,62425.38000000,62425.39000000,62425.38000000,62425.39000000,0.37183000,1709333599999,23211.63011540,17,0.10700000,6679.51673000,0
1709333600000,62425.38000000,62425.39000000,62425.38000000,62425.39000000,0.00511000,1709333600999,318.99370240,3,0.00106000,66.17091340,0
1709333601000,62425.38000000,62425.39000000,62425.38000000,62425.39000000,0.14460000,1709333601999,9026.70995090,23,0.00029000,18.10336310,0
1709333602000,62425.38000000,62425.39000000,62425.38000000,62425.39000000,0.04447000,1709333602999,2776.05702620,4,0.03776000,2357.18272640,0
1709333603000,62425.39000000,62425.39000000,62425.39000000,62425.39000000,0.50000000,1709333603999,31212.69500000,1,0.50000000,31212.69500000,0
1709333604000,62425.39000000,62425.39000000,62425.39000000,62425.39000000,0.00104000,1709333604999,64.92240560,2,0.00104000,64.92240560,0
1709333605000,62425.39000000,62425.39000000,62425.39000000,62425.39000000,0.00016000,1709333605999,9.98806240,1,0.00016000,9.98806240,0
1709333606000,62425.38000000,62425.38000000,62425.38000000,62425.38000000,0.00387000,1709333606999,241.58622060,1,0.00000000,0.00000000,0
1709333607000,62425.38000000,62425.39000000,62425.38000000,62425.38000000,0.05795000,1709333607999,3617.55077380,14,0.00028000,17.47910920,0
1709333608000,62425.38000000,62425.39000000,62425.38000000,62425.39000000,0.05634000,1709333608999,3517.04647030,7,0.05611000,3502.68863290,0
1709333609000,62425.38000000,62425.39000000,62425.38000000,62425.39000000,0.01778000,1709333609999,1109.92338480,5,0.01284000,801.54200760,0
1709333610000,62425.38000000,62425.39000000,62425.38000000,62425.39000000,0.26113000,1709333610999,16301.14077330,9,0.12939000,8077.22121210,0
1709333611000,62425.39000000,62425.39000000,62425.38000000,62425.39000000,0.03115000,1709333611999,1944.55059460,6,0.00076000,47.44329640,0
1709333612000,62425.38000000,62425.38000000,62425.38000000,62425.38000000,0.00575000,1709333612999,358.94593500,1,0.00000000,0.00000000,0
1709333613000,62425.38000000,62425.38000000,62423.71000000,62423.71000000,1.12166000,1709333613999,70019.21456620,132,0.50000000,31211.86000000,0
1709333614000,62423.71000000,62423.71000000,62421.11000000,62421.11000000,0.47232000,1709333614999,29483.15915040,13,0.00000000,0.00000000,0
1709333615000,62421.12000000,62421.12000000,62421.11000000,62421.11000000,0.08012000,1709333615999,5001.17934130,16,0.00081000,50.56110720,0
1709333616000,62421.11000000,62421.12000000,62412.42000000,62412.42000000,1.37447000,1709333616999,85786.98573820,78,0.00041000,25.59265920,0
1709333617000,62412.43000000,62412.43000000,62411.10000000,62411.10000000,0.91098000,1709333617999,56855.64633710,14,0.06701000,4182.21237710,0
1709333618000,62411.11000000,62411.11000000,62411.10000000,62411.11000000,0.00538000,1709333618999,335.77175570,4,0.00377000,235.28988470,0
1709333619000,62411.10000000,62411.11000000,62411.10000000,62411.10000000,0.00252000,1709333619999,157.27598070,5,0.00087000,54.29766570,0
1709333620000,62411.10000000,62411.11000000,62411.10000000,62411.10000000,0.00117000,1709333620999,73.02098920,3,0.00022000,13.73044420,0
1709333621000,62411.10000000,62411.10000000,62409.02000000,62409.03000000,0.06186000,1709333621999,3860.66503480,15,0.00016000,9.98544480,0
1709333622000,62408.18000000,62408.19000000,62407.74000000,62407.74000000,0.09292000,1709333622999,5798.93142940,13,0.00898000,560.42195140,0
1709333623000,62407.75000000,62407.75000000,62402.14000000,62402.14000000,0.73656000,1709333623999,45964.21387890,32,0.53850000,33603.76837500,0
1709333624000,62402.13000000,62402.14000000,62400.00000000,62400.00000000,0.40146000,1709333624999,25051.78635850,56,0.03247000,2026.19748580,0
1709333625000,62400.01000000,62400.01000000,62396.12000000,62396.13000000,1.70453000,1709333625999,106360.77509890,134,0.24213000,15108.28562850,0
1709333626000,62396.13000000,62396.13000000,62396.12000000,62396.13000000,0.66378000,1709333626999,41417.30070360,23,0.41700000,26019.18621000,0
1709333627000,62396.12000000,62396.13000000,62396.12000000,62396.13000000,0.16676000,1709333627999,10405.17771610,11,0.07449000,4647.88772370,0
1709333628000,62396.12000000,62396.13000000,62396.12000000,62396.13000000,0.16731000,1709333628999,10439.49537120,13,0.05340000,3331.95334200,0
1709333629000,62396.13000000,62396.13000000,62396.12000000,62396.12000000,0.61446000,1709333629999,38339.92472550,9,0.48303000,30139.20267390,0
1709333630000,62396.13000000,62396.13000000,62396.12000000,62396.12000000,0.22938000,1709333630999,14312.42428000,4,0.22744000,14191.37580720,0
1709333631000,62396.12000000,62396.12000000,62396.12000000,62396.12000000,0.00763000,1709333631999,476.08239560,5,0.00000000,0.00000000,0
1709333632000,62396.12000000,62396.13000000,62396.12000000,62396.13000000,0.01486000,1709333632999,927.20648780,5,0.01446000,902.24803980,0
1709333633000,62396.12000000,62396.13000000,62396.12000000,62396.12000000,0.55691000,1709333633999,34749.02824390,8,0.50547000,31539.37183110,0
1709333634000,62396.12000000,62396.13000000,62396.12000000,62396.12000000,0.00145000,1709333634999,90.47437730,3,0.00033000,20.59072290,0
1709333635000,62396.13000000,62396.13000000,62396.12000000,62396.12000000,0.03709000,1709333635999,2314.27209240,4,0.00016000,9.98338080,0
1709333636000,62396.13000000,62396.13000000,62396.12000000,62396.12000000,0.05801000,1709333636999,3619.59897450,11,0.00533000,332.57137290,0
1709333637000,62396.12000000,62396.13000000,62396.12000000,62396.13000000,0.02334000,1709333637999,1456.32549100,5,0.00502000,313.22857260,0
1709333638000,62396.12000000,62396.13000000,62395.81000000,62395.81000000,0.61173000,1709333638999,38169.56841240,46,0.05682000,3545.34810660,0
1709333639000,62395.81000000,62395.81000000,62389.27000000,62389.28000000,1.47679000,1709333639999,92141.53505660,86,0.02386000,1488.60822080,0
1709333640000,62389.27000000,62389.28000000,62389.27000000,62389.27000000,0.08509000,1709333640999,5308.70338540,22,0.04011000,2502.43402080,0
1709333641000,62389.27000000,62389.28000000,62389.27000000,62389.27000000,0.69379000,1709333641999,43285.05644010,20,0.48068000,29989.27911040,0
1709333642000,62389.28000000,62389.28000000,62389.27000000,62389.27000000,0.38292000,1709333642999,23890.10169440,14,0.24260000,15135.63932800,0
1709333643000,62389.27000000,62389.28000000,62389.27000000,62389.27000000,0.71987000,1709333643999,44912.16880550,23,0.50106000,31260.77263680,0
1709333644000,62389.27000000,62389.27000000,62389.27000000,62389.27000000,0.00163000,1709333644999,101.69451010,4,0.00000000,0.00000000,0
1709333645000,62389.27000000,62389.28000000,62389.27000000,62389.28000000,0.02461000,1709333645999,1535.39997850,7,0.00438000,273.26504640,0
1709333646000,62389.28000000,62389.28000000,62389.27000000,62389.28000000,0.01918000,1709333646999,1196.62622270,11,0.00241000,150.35816480,0
1709333647000,62389.27000000,62389.28000000,62389.27000000,62389.28000000,0.04086000,1709333647999,2549.22557460,5,0.00024000,14.97342720,0
1709333648000,62389.28000000,62389.28000000,62389.27000000,62389.28000000,0.02103000,1709333648999,1312.04651810,4,0.01700000,1060.61776000,0
1709333649000,62389.27000000,62389.27000000,62389.27000000,62389.27000000,0.00185000,1709333649999,115.42014950,2,0.00000000,0.00000000,0
1709333650000,62389.27000000,62389.28000000,62389.27000000,62389.27000000,0.00602000,1709333650999,375.58340660,5,0.00012000,7.48671360,0
1709333651000,62389.27000000,62389.28000000,62389.27000000,62389.28000000,0.10627000,1709333651999,6630.10861160,7,0.08887000,5544.53531360,0
1709333652000,62389.27000000,62389.28000000,62389.27000000,62389.28000000,0.08960000,1709333652999,5590.07861700,7,0.00250000,155.97320000,0
1709333653000,62389.28000000,62389.28000000,62389.27000000,62389.27000000,0.51631000,1709333653999,32212.20904000,14,0.50463000,31483.50236640,0
1709333654000,62389.27000000,62389.27000000,62389.27000000,62389.27000000,0.00285000,1709333654999,177.80941950,2,0.00000000,0.00000000,0
1709333655000,62389.28000000,62389.28000000,62389.27000000,62389.27000000,0.35897000,1709333655999,22395.87634840,24,0.00965000,602.05655200,0
1709333656000,62389.27000000,62389.27000000,62389.27000000,62389.27000000,0.00348000,1709333656999,217.11465960,2,0.00000000,0.00000000,0
1709333657000,62389.27000000,62389.28000000,62389.27000000,62389.28000000,0.00423000,1709333657999,263.90663590,5,0.00238000,148.48648640,0
1709333658000,62389.28000000,62389.28000000,62389.27000000,62389.27000000,0.19121000,1709333658999,11929.45234910,6,0.00324000,202.14126720,0
1709333659000,62389.28000000,62389.28000000,62387.29000000,62387.29000000,1.50676000,1709333659999,94005.56209280,39,0.01805000,1126.12160860,0
1709333660000,62387.28000000,62387.28000000,62382.31000000,62382.31000000,0.30780000,1709333660999,19201.80926750,31,0.03774000,2354.36932080,0
1709333661000,62382.31000000,62382.31000000,62382.31000000,62382.31000000,0.16421000,1709333661999,10243.79912510,6,0.00000000,0.00000000,0
1709333662000,62382.31000000,62382.32000000,62382.31000000,62382.31000000,0.22564000,1709333662999,14075.94443030,18,0.00019000,11.85264080,0
1709333663000,62382.31000000,62382.32000000,62382.31000000,62382.32000000,0.55134000,1709333663999,34393.86820530,9,0.54099000,33748.21129680,0
1709333664000,62382.31000000,62382.32000000,62382.31000000,62382.32000000,0.00354000,1709333664999,220.83339340,5,0.00160000,99.81171200,0
1709333665000,62382.31000000,62382.32000000,62382.31000000,62382.31000000,0.06169000,1709333665999,3848.36470520,3,0.00013000,8.10970160,0
1709333666000,62382.31000000,62382.32000000,62382.31000000,62382.31000000,0.87641000,1709333666999,54672.48710100,18,0.67939000,42381.92438480,0
1709333667000,62382.32000000,62382.32000000,62382.31000000,62382.32000000,0.24383000,1709333667999,15210.67886020,17,0.02129000,1328.11959280,0
1709333668000,62382.32000000,62382.32000000,62382.31000000,62382.32000000,0.01367000,1709333668999,852.76630120,3,0.01235000,770.42165200,0
1709333669000,62382.32000000,62382.32000000,62382.31000000,62382.31000000,0.01682000,1709333669999,1049.27049630,3,0.00421000,262.62956720,0
1709333670000,62382.32000000,62382.32000000,62382.31000000,62382.32000000,0.34535000,1709333670999,21543.73420710,9,0.34486000,21513.16687520,0
1709333671000,62382.31000000,62382.32000000,62382.31000000,62382.31000000,0.02249000,1709333671999,1402.97830180,5,0.01499000,935.11097680,0
1709333672000,62382.31000000,62382.31000000,62382.31000000,62382.31000000,0.03072000,1709333672999,1916.38456320,1,0.00000000,0.00000000,0
1709333673000,62382.32000000,62382.32000000,62382.31000000,62382.31000000,0.01531000,1709333673999,955.07330710,3,0.01410000,879.59071200,0
1709333674000,62382.32000000,62382.32000000,62382.31000000,62382.32000000,0.01792000,1709333674999,1117.89117350,4,0.01783000,1112.27676560,0
1709333675000,62382.32000000,62382.32000000,62382.32000000,62382.32000000,0.00033000,1709333675999,20.58616560,1,0.00033000,20.58616560,0
1709333676000,62382.32000000,62382.32000000,62382.32000000,62382.32000000,0.02188000,1709333676999,1364.92516160,7,0.02188000,1364.92516160,0
1709333677000,62382.32000000,62382.32000000,62382.31000000,62382.32000000,0.34553000,1709333677999,21554.95973180,15,0.01575000,982.52154000,0
1709333678000,62382.32000000,62382.32000000,62382.31000000,62382.31000000,0.01686000,1709333678999,1051.76574820,2,0.00016000,9.98117120,0
1709333679000,62382.32000000,62382.32000000,62382.31000000,62382.31000000,0.00052000,1709333679999,32.43880220,2,0.00010000,6.23823200,0
1709333680000,62382.31000000,62382.32000000,62382.31000000,62382.31000000,0.14754000,1709333680999,9203.88601900,4,0.00016000,9.98117120,0
1709333681000,62382.32000000,62382.32000000,62382.31000000,62382.31000000,0.04305000,1709333681999,2685.55856700,4,0.01215000,757.94518800,0
1709333682000,62382.32000000,62382.32000000,62382.32000000,62382.32000000,0.00137000,1709333682999,85.46377840,2,0.00137000,85.46377840,0
1709333683000,62382.31000000,62382.32000000,62382.31000000,62382.31000000,0.06030000,1709333683999,3761.65334370,9,0.00507000,316.27836240,0
1709333684000,62382.32000000,62382.32000000,62382.31000000,62382.31000000,0.03830000,1709333684999,2389.24273000,2,0.02570000,1603.22562400,0
1709333685000,62382.32000000,62382.32000000,62382.31000000,62382.32000000,0.02718000,1709333685999,1695.55134280,6,0.01570000,979.40242400,0
1709333686000,62382.32000000,62382.32000000,62382.31000000,62382.32000000,0.05834000,1709333686999,3639.38414400,10,0.01786000,1114.14823520,0
1709333687000,62382.31000000,62382.32000000,62382.31000000,62382.31000000,0.03177000,1709333687999,1981.88599190,6,0.00032000,19.96234240,0
1709333688000,62382.32000000,62382.32000000,62382.31000000,62382.32000000,0.00159000,1709333688999,99.18788380,4,0.00109000,67.99672880,0
1709333689000,62382.32000000,62382.32000000,62382.31000000,62382.31000000,0.08306000,1709333689999,5181.47469140,3,0.00228000,142.23168960,0
1709333690000,62382.31000000,62382.32000000,62382.31000000,62382.31000000,0.01046000,1709333690999,652.51900340,8,0.00408000,254.51986560,0
1709333691000,62382.32000000,62382.32000000,62382.31000000,62382.31000000,0.04775000,1709333691999,2978.75568310,8,0.03806000,2374.27109920,0
1709333692000,62382.32000000,62382.32000000,62382.31000000,62382.31000000,0.00196000,1709333692999,122.26932920,2,0.00016000,9.98117120,0
1709333693000,62382.32000000,62382.32000000,62382.32000000,62382.32000000,0.00033000,1709333693999,20.58616560,1,0.00033000,20.58616560,0
1709333694000,62382.32000000,62382.32000000,62382.31000000,62382.32000000,0.02124000,1709333694999,1325.00043080,4,0.01664000,1038.04180480,0
1709333695000,62382.31000000,62382.32000000,62382.31000000,62382.31000000,0.04530000,1709333695999,2825.91901340,6,0.03704000,2310.64113280,0
1709333696000,62382.31000000,62382.32000000,62382.31000000,62382.31000000,0.27658000,1709333696999,17253.69932780,8,0.00280000,174.67049600,0
1709333697000,62382.31000000,62382.32000000,62382.31000000,62382.32000000,0.03864000,1709333697999,2410.45254110,7,0.00827000,515.90178640,0
1709333698000,62382.31000000,62382.32000000,62382.31000000,62382.32000000,0.04339000,1709333698999,2706.76864470,7,0.02138000,1333.73400160,0
1709333699000,62382.31000000,62382.32000000,62382.31000000,62382.31000000,0.39639000,1709333699999,24727.72472820,33,0.08673000,5410.41861360,0
1709333700000,62382.32000000,62382.32000000,62382.31000000,62382.31000000,0.16504000,1709333700999,10295.57662320,37,0.01808000,1127.87234560,0
1709333701000,62382.31000000,62382.32000000,62382.31000000,62382.32000000,0.01058000,1709333701999,660.00484670,7,0.00069000,43.04380080,0
1709333702000,62382.31000000,62382.31000000,62382.31000000,62382.31000000,0.13567000,1709333702999,8463.40799770,15,0.00000000,0.00000000,0
1709333703000,62382.32000000,62382.32000000,62382.31000000,62382.31000000,0.03753000,1709333703999,2341.20827000,4,0.01757000,1096.05736240,0
1709333704000,62382.31000000,62382.32000000,62382.31000000,62382.31000000,0.17729000,1709333704999,11059.75992510,11,0.01852000,1155.32056640,0
1709333705000,62382.32000000,62382.32000000,62382.31000000,62382.31000000,0.00676000,1709333705999,421.70445920,2,0.00436000,271.98691520,0
1709333706000,62382.31000000,62382.31000000,62382.31000000,62382.31000000,0.06062000,1709333706999,3781.61563220,11,0.00000000,0.00000000,0
1709333707000,62382.31000000,62382.32000000,62382.31000000,62382.31000000,0.07979000,1709333707999,4977.48483390,6,0.03190000,1989.99600800,0
1709333708000,62382.32000000,62382.32000000,62382.31000000,62382.31000000,0.02379000,1709333708999,1484.07515860,4,0.00037000,23.08145840,0
1709333709000,62382.31000000,62382.32000000,62382.31000000,62382.31000000,0.01038000,1709333709999,647.52838100,6,0.00032000,19.96234240,0
1709333710000,62382.31000000,62382.32000000,62382.31000000,62382.32000000,0.00938000,1709333710999,585.14607940,8,0.00116000,72.36349120,0
1709333711000,62382.31000000,62382.31000000,62382.31000000,62382.31000000,0.01207000,1709333711999,752.95448170,6,0.00000000,0.00000000,0
1709333712000,62382.31000000,62382.31000000,62382.31000000,62382.31000000,0.00798000,1709333712999,497.81083380,4,0.00000000,0.00000000,0
1709333713000,62382.32000000,62382.32000000,62382.31000000,62382.31000000,0.31294000,1709333713999,19521.92308830,9,0.29969000,18695.35748080,0
1709333714000,62382.31000000,62382.32000000,62382.31000000,62382.31000000,0.16669000,1709333714999,10398.50753080,13,0.02769000,1727.36644080,0
1709333715000,62382.31000000,62382.32000000,62382.31000000,62382.31000000,0.03797000,1709333715999,2368.65631220,9,0.00015000,9.35734800,0
1709333716000,62382.31000000,62382.32000000,62382.31000000,62382.31000000,0.07687000,1709333716999,4795.32819130,9,0.00216000,134.74581120,0
1709333717000,62382.32000000,62382.32000000,62382.31000000,62382.31000000,0.05716000,1709333717999,3565.77284910,6,0.00095000,59.26320400,0
1709333718000,62382.31000000,62382.31000000,62382.31000000,62382.31000000,0.05539000,1709333718999,3455.35615090,3,0.00000000,0.00000000,0
1709333719000,62382.31000000,62382.31000000,62382.31000000,62382.31000000,0.05560000,1709333719999,3468.45643600,7,0.00000000,0.00000000,0
1709333720000,62382.31000000,62382.32000000,62382.31000000,62382.32000000,0.03469000,1709333720999,2164.04234090,7,0.00070000,43.66762400,0
1709333721000,62382.31000000,62382.32000000,62382.31000000,62382.32000000,0.26543000,1709333721999,16558.13669760,16,0.01543000,962.55919760,0
1709333722000,62382.31000000,62382.31000000,62382.31000000,62382.31000000,0.07794000,1709333722999,4862.07724140,11,0.00000000,0.00000000,0
1709333723000,62382.31000000,62382.31000000,62382.31000000,62382.31000000,0.00152000,1709333723999,94.82111120,2,0.00000000,0.00000000,0
1709333724000,62382.31000000,62382.32000000,62382.31000000,62382.32000000,0.03810000,1709333724999,2376.76613910,5,0.01281000,799.11751920,0
1709333725000,62382.32000000,62382.32000000,62382.31000000,62382.31000000,0.04248000,1709333725999,2650.00055090,8,0.00221000,137.86492720,0
1709333726000,62382.31000000,62382.31000000,62382.30000000,62382.30000000,1.87612000,1709333726999,117036.69863360,35,0.00000000,0.00000000,0
1709333727000,62382.31000000,62382.31000000,62382.30000000,62382.30000000,0.03587000,1709333727999,2237.65316940,7,0.00684000,426.69500040,0
1709333728000,62382.31000000,62382.31000000,62382.30000000,62382.30000000,0.08343000,1709333728999,5204.55607430,5,0.07853000,4898.88280430,0
1709333729000,62382.31000000,62382.31000000,62382.30000000,62382.31000000,0.02191000,1709333729999,1366.79621400,4,0.00210000,131.00285100,0
1709333730000,62382.31000000,62382.31000000,62382.31000000,62382.31000000,0.00313000,1709333730999,195.25663030,1,0.00313000,195.25663030,0
1709333731000,62382.30000000,62382.31000000,62382.30000000,62382.30000000,0.02914000,1709333731999,1817.82023360,6,0.00116000,72.36347960,0
1709333732000,62382.30000000,62382.31000000,62382.30000000,62382.30000000,0.02205000,1709333732999,1375.52973390,6,0.00189000,117.90256590,0
1709333733000,62382.31000000,62382.31000000,62382.30000000,62382.30000000,0.00972000,1709333733999,606.35601740,6,0.00614000,383.02738340,0
1709333734000,62382.30000000,62382.30000000,62382.30000000,62382.30000000,0.00251000,1709333734999,156.57957300,2,0.00000000,0.00000000,0
1709333735000,62382.30000000,62382.31000000,62382.30000000,62382.31000000,0.00191000,1709333735999,119.15020060,5,0.00076000,47.41055560,0
1709333736000,62382.30000000,62382.30000000,62382.30000000,62382.30000000,0.09275000,1709333736999,5785.95832500,4,0.00000000,0.00000000,0
1709333737000,62382.31000000,62382.31000000,62382.30000000,62382.30000000,0.12417000,1709333737999,7746.01099250,8,0.08015000,4999.94214650,0
1709333738000,62382.31000000,62382.31000000,62382.30000000,62382.30000000,0.00309000,1709333738999,192.76132620,3,0.00192000,119.77403520,0
1709333739000,62382.30000000,62382.31000000,62382.30000000,62382.31000000,0.04814000,1709333739999,3003.08430380,5,0.03818000,2381.75659580,0
1709333740000,62382.30000000,62382.31000000,62382.30000000,62382.31000000,0.02146000,1709333740999,1338.72435240,4,0.01944000,1212.71210640,0
1709333741000,62382.30000000,62382.30000000,62382.30000000,62382.30000000,0.00943000,1709333741999,588.26508900,4,0.00000000,0.00000000,0
1709333742000,62382.30000000,62382.30000000,62382.30000000,62382.30000000,0.05575000,1709333742999,3477.81322500,2,0.00000000,0.00000000,0
1709333743000,62382.30000000,62382.31000000,62382.30000000,62382.31000000,0.00147000,1709333743999,91.70199250,2,0.00115000,71.73965650,0
1709333744000,62382.30000000,62382.31000000,62382.30000000,62382.30000000,0.03655000,1709333744999,2280.07306660,5,0.00016000,9.98116960,0
1709333745000,62382.31000000,62382.31000000,62382.30000000,62382.30000000,0.66846000,1709333745999,41700.07243990,4,0.01819000,1134.73421890,0
1709333746000,62382.31000000,62382.31000000,62382.30000000,62382.30000000,0.03427000,1709333746999,2137.84160010,13,0.01791000,1117.26717210,0
1709333747000,62382.30000000,62382.31000000,62382.30000000,62382.31000000,1.03815000,1709333747999,64762.19495260,39,1.02076000,63677.36675560,0
1709333748000,62382.31000000,62382.31000000,62382.30000000,62382.30000000,0.01333000,1709333748999,831.55609100,2,0.00320000,199.62339200,0
1709333749000,62382.30000000,62382.30000000,62382.30000000,62382.30000000,0.00241000,1709333749999,150.34134300,4,0.00000000,0.00000000,0
1709333750000,62382.30000000,62382.30000000,62382.30000000,62382.30000000,0.00000000,1709333750999,0.00000000,0,0.00000000,0.00000000,0
1709333751000,62382.31000000,62382.31000000,62382.30000000,62382.30000000,0.04967000,1709333751999,3098.52916230,8,0.03213000,2004.34362030,0
1709333752000,62382.30000000,62382.31000000,62382.30000000,62382.30000000,2.02297000,1709333752999,126197.52150710,25,0.00761000,474.72937910,0
1709333753000,62382.30000000,62382.31000000,62382.30000000,62382.30000000,0.00981000,1709333753999,611.97036550,4,0.00025000,15.59557750,0
1709333754000,62382.30000000,62382.31000000,62382.30000000,62382.30000000,0.01252000,1709333754999,781.02649110,7,0.00951000,593.25576810,0
1709333755000,62382.30000000,62382.30000000,62382.30000000,62382.30000000,0.00047000,1709333755999,29.31968100,1,0.00000000,0.00000000,0
1709333756000,62382.31000000,62382.31000000,62382.30000000,62382.30000000,0.15734000,1709333756999,9815.23110600,3,0.00240000,149.71754400,0
1709333757000,62382.31000000,62382.31000000,62382.30000000,62382.31000000,0.47344000,1709333757999,29534.27678780,36,0.06758000,4215.79650980,0
1709333758000,62382.31000000,62382.31000000,62382.30000000,62382.31000000,0.03560000,1709333758999,2220.81015600,8,0.02760000,1721.75175600,0
1709333759000,62382.30000000,62382.31000000,62382.30000000,62382.31000000,0.05666000,1709333759999,3534.58132800,34,0.02100000,1310.02851000,0
1709333760000,62382.31000000,62382.31000000,62382.30000000,62382.30000000,0.55420000,1709333760999,34572.27084230,32,0.01823000,1137.22951130,0
1709333761000,62382.30000000,62382.31000000,62382.30000000,62382.31000000,0.21936000,1709333761999,13684.18235720,17,0.10292000,6420.38734520,0
1709333762000,62382.30000000,62382.31000000,62382.30000000,62382.31000000,0.01503000,1709333762999,937.60606310,7,0.00941000,587.01753710,0
1709333763000,62382.31000000,62382.31000000,62382.30000000,62382.30000000,0.06677000,1709333763999,4165.26628870,4,0.01177000,734.23978870,0
1709333764000,62382.30000000,62382.30000000,62382.30000000,62382.30000000,0.00000000,1709333764999,0.00000000,0,0.00000000,0.00000000,0
1709333765000,62382.30000000,62382.31000000,62382.30000000,62382.30000000,0.00376000,1709333765999,234.55745300,4,0.00050000,31.19115500,0
1709333766000,62382.30000000,62382.31000000,62382.30000000,62382.31000000,0.32523000,1709333766999,20288.59543020,23,0.00012000,7.48587720,0
1709333767000,62382.30000000,62382.30000000,62382.30000000,62382.30000000,0.00046000,1709333767999,28.69585800,1,0.00000000,0.00000000,0
1709333768000,62382.30000000,62382.30000000,62382.30000000,62382.30000000,0.00209000,1709333768999,130.37900700,2,0.00000000,0.00000000,0
1709333769000,62382.31000000,62382.31000000,62382.30000000,62382.31000000,0.03664000,1709333769999,2285.68752750,5,0.00555000,346.22182050,0
1709333770000,62382.30000000,62382.31000000,62382.30000000,62382.30000000,0.55531000,1709333770999,34641.51536890,10,0.03559000,2220.18641290,0
1709333771000,62382.30000000,62382.31000000,62382.30000000,62382.31000000,0.01937000,1709333771999,1208.34515470,2,0.00037000,23.08145470,0
1709333772000,62382.30000000,62382.30000000,62382.30000000,62382.30000000,0.00123000,1709333772999,76.73022900,2,0.00000000,0.00000000,0
1709333773000,62382.31000000,62382.31000000,62382.30000000,62382.30000000,0.99996000,1709333773999,62379.80471760,14,0.00096000,59.88701760,0
1709333774000,62382.31000000,62382.31000000,62382.30000000,62382.31000000,0.19860000,1709333774999,12389.12479150,15,0.00115000,71.73965650,0
1709333775000,62382.30000000,62382.31000000,62382.30000000,62382.31000000,0.00200000,1709333775999,124.76461600,2,0.00160000,99.81169600,0
1709333776000,62382.30000000,62382.31000000,62382.30000000,62382.31000000,0.01514000,1709333776999,944.46808090,3,0.00589000,367.43180590,0
1709333777000,62382.31000000,62382.31000000,62382.30000000,62382.31000000,0.02354000,1709333777999,1468.47936900,5,0.00270000,168.43223700,0
1709333778000,62382.30000000,62382.31000000,62382.30000000,62382.31000000,0.04169000,1709333778999,2600.71849210,5,0.04051000,2527.10737810,0
1709333779000,62382.30000000,62382.31000000,62382.30000000,62382.31000000,0.00584000,1709333779999,364.31267470,3,0.00427000,266.37246370,0
1709333780000,62382.30000000,62382.30000000,62382.30000000,62382.30000000,0.55069000,1709333780999,34353.30878700,11,0.00000000,0.00000000,0
1709333781000,62382.30000000,62382.30000000,62382.30000000,62382.30000000,0.00409000,1709333781999,255.14360700,3,0.00000000,0.00000000,0
1709333782000,62382.30000000,62382.31000000,62382.30000000,62382.31000000,0.13008000,1709333782999,8114.68962300,8,0.00390000,243.29100900,0
1709333783000,62382.31000000,62382.31000000,62382.30000000,62382.30000000,0.01280000,1709333783999,798.49344150,3,0.00015000,9.35734650,0
1709333784000,62382.30000000,62382.31000000,62382.30000000,62382.31000000,0.05804000,1709333784999,3620.66869710,6,0.00051000,31.81497810,0
1709333785000,62382.30000000,62382.31000000,62382.30000000,62382.31000000,0.00189000,1709333785999,117.90255810,3,0.00111000,69.24436410,0
1709333786000,62382.30000000,62382.30000000,62382.30000000,62382.30000000,0.00553000,1709333786999,344.97411900,3,0.00000000,0.00000000,0
1709333787000,62382.30000000,62382.30000000,62382.30000000,62382.30000000,0.00087000,1709333787999,54.27260100,2,0.00000000,0.00000000,0
1709333788000,62382.30000000,62382.30000000,62382.30000000,62382.30000000,0.00299000,1709333788999,186.52307700,3,0.00000000,0.00000000,0
1709333789000,62382.31000000,62382.31000000,62382.30000000,62382.30000000,0.41471000,1709333789999,25870.56363400,26,0.00010000,6.23823100,0
1709333790000,62382.30000000,62382.30000000,62382.24000000,62382.24000000,0.30895000,1709333790999,19273.00287100,21,0.02833000,1767.28914250,0
1709333791000,62382.25000000,62382.25000000,62382.24000000,62382.25000000,0.08577000,1709333791999,5350.52556380,7,0.08390000,5233.87077500,0
1709333792000,62382.25000000,62382.25000000,62382.24000000,62382.24000000,0.01009000,1709333792999,629.43681450,4,0.00129000,80.47310250,0
1709333793000,62382.24000000,62382.25000000,62382.24000000,62382.24000000,0.00477000,1709333793999,297.56329960,5,0.00148000,92.32573000,0
1709333794000,62382.24000000,62382.25000000,62382.24000000,62382.25000000,0.00452000,1709333794999,281.96774720,5,0.00224000,139.73624000,0
1709333795000,62382.24000000,62382.24000000,62382.24000000,62382.24000000,0.04572000,1709333795999,2852.11601280,8,0.00000000,0.00000000,0
1709333796000,62382.25000000,62382.25000000,62382.24000000,62382.25000000,0.00469000,1709333796999,292.57274770,6,0.00421000,262.62927250,0
1709333797000,62382.24000000,62382.25000000,62382.24000000,62382.25000000,0.01861000,1709333797999,1160.93348940,6,0.00030000,18.71467500,0
1709333798000,62382.24000000,62382.25000000,62382.24000000,62382.24000000,0.06175000,1709333798999,3852.10335120,6,0.00312000,194.63262000,0
1709333799000,62382.24000000,62382.24000000,62381.80000000,62381.81000000,0.53056000,1709333799999,33097.50697170,10,0.00261000,162.81652410,0
1709333800000,62381.80000000,62381.81000000,62381.80000000,62381.80000000,0.06974000,1709333800999,4350.50682790,5,0.00959000,598.24155790,0
1709333801000,62381.81000000,62381.81000000,62381.80000000,62381.80000000,0.01114000,1709333801999,694.93334300,6,0.00910000,567.67447100,0
1709333802000,62381.80000000,62381.81000000,62381.80000000,62381.81000000,0.00985000,1709333802999,614.46073400,3,0.00040000,24.95272400,0
1709333803000,62381.81000000,62381.81000000,62381.80000000,62381.80000000,0.00545000,1709333803999,339.98081480,3,0.00048000,29.94326880,0
1709333804000,62381.81000000,62381.81000000,62381.80000000,62381.80000000,0.01255000,1709333804999,782.89170300,3,0.01130000,704.91445300,0
1709333805000,62381.80000000,62381.81000000,62381.80000000,62381.80000000,0.35510000,1709333805999,22151.77718140,24,0.00014000,8.73345340,0
1709333806000,62381.81000000,62381.81000000,62381.80000000,62381.80000000,0.00703000,1709333806999,438.54408650,2,0.00325000,202.74088250,0
1709333807000,62381.81000000,62381.81000000,62381.80000000,62381.81000000,0.06071000,1709333807999,3787.19911000,7,0.00320000,199.62179200,0
1709333808000,62381.80000000,62381.80000000,62381.80000000,62381.80000000,0.25198000,1709333808999,15718.96596400,16,0.00000000,0.00000000,0
1709333809000,62381.81000000,62381.81000000,62381.80000000,62381.80000000,0.13616000,1709333809999,8493.90620490,11,0.03169000,1976.87955890,0
1709333810000,62381.81000000,62381.81000000,62381.80000000,62381.80000000,0.75248000,1709333810999,46941.06294790,14,0.60839000,37952.46938590,0
1709333811000,62381.81000000,62381.81000000,62381.80000000,62381.81000000,0.07261000,1709333811999,4529.54253980,13,0.00418000,260.75596580,0
1709333812000,62381.80000000,62381.81000000,62381.80000000,62381.80000000,0.04073000,1709333812999,2540.81078450,8,0.00705000,439.79176050,0
1709333813000,62381.80000000,62381.81000000,62381.80000000,62381.80000000,0.00724000,1709333813999,451.64423370,11,0.00017000,10.60490770,0
1709333814000,62381.80000000,62381.81000000,62381.80000000,62381.80000000,0.29310000,1709333814999,18284.10558100,27,0.00010000,6.23818100,0
1709333815000,62381.80000000,62381.81000000,62381.80000000,62381.81000000,0.21221000,1709333815999,13238.04202610,18,0.02481000,1547.69270610,0
1709333816000,62381.80000000,62381.81000000,62381.80000000,62381.80000000,0.24071000,1709333816999,15015.92313330,15,0.00553000,344.97140930,0
1709333817000,62381.80000000,62381.81000000,62381.80000000,62381.81000000,0.14317000,1709333817999,8931.20242880,16,0.01228000,766.04862680,0
1709333818000,62381.80000000,62381.81000000,62381.80000000,62381.81000000,0.01031000,1709333818999,643.15645740,3,0.00994000,620.07519140,0
1709333819000,62381.80000000,62381.80000000,62381.78000000,62381.79000000,0.18380000,1709333819999,11465.77428280,53,0.01709000,1066.10479110,0
1709333820000,62381.79000000,62381.79000000,62381.77000000,62381.77000000,0.07985000,1709333820999,4981.18446950,33,0.00870000,542.72151350,0
1709333821000,62381.78000000,62381.78000000,62381.77000000,62381.78000000,0.00785000,1709333821999,489.69695980,3,0.00653000,407.35302340,0
1709333822000,62381.77000000,62381.78000000,62381.77000000,62381.78000000,0.00637000,1709333822999,397.37188200,4,0.00071000,44.29106380,0
1709333823000,62381.78000000,62381.78000000,62381.77000000,62381.78000000,0.10883000,1709333823999,6789.00811200,6,0.00829000,517.14495620,0
1709333824000,62381.77000000,62381.78000000,62381.77000000,62381.78000000,0.02270000,1709333824999,1416.06624610,2,0.00671000,418.58174380,0
1709333825000,62381.77000000,62381.78000000,62381.77000000,62381.77000000,0.01818000,1709333825999,1134.10058450,3,0.00059000,36.80525020,0
1709333826000,62381.78000000,62381.78000000,62381.78000000,62381.78000000,0.00948000,1709333826999,591.37927440,1,0.00948000,591.37927440,0
1709333827000,62381.77000000,62381.77000000,62381.77000000,62381.77000000,0.26353000,1709333827999,16439.46784810,15,0.00000000,0.00000000,0
1709333828000,62381.77000000,62381.78000000,62381.77000000,62381.78000000,0.03012000,1709333828999,1878.93892700,5,0.00146000,91.07739880,0
1709333829000,62381.77000000,62381.78000000,62381.77000000,62381.77000000,0.00906000,1709333829999,565.17884420,5,0.00080000,49.90542400,0
1709333830000,62381.77000000,62381.77000000,62381.77000000,62381.77000000,0.01049000,1709333830999,654.38476730,1,0.00000000,0.00000000,0
1709333831000,62381.77000000,62381.77000000,62381.77000000,62381.77000000,0.04944000,1709333831999,3084.15470880,3,0.00000000,0.00000000,0
1709333832000,62381.77000000,62381.78000000,62381.77000000,62381.78000000,0.02053000,1709333832999,1280.69777330,13,0.00352000,219.58386560,0
1709333833000,62381.78000000,62381.78000000,62381.78000000,62381.78000000,0.00190000,1709333833999,118.52538200,2,0.00190000,118.52538200,0
1709333834000,62381.77000000,62381.78000000,62381.77000000,62381.77000000,0.07882000,1709333834999,4916.93111640,7,0.00050000,31.19089000,0
1709333835000,62381.77000000,62381.78000000,62381.77000000,62381.78000000,0.03922000,1709333835999,2446.61303360,4,0.00142000,88.58212760,0
1709333836000,62381.77000000,62381.78000000,62381.77000000,62381.78000000,0.01817000,1709333836999,1133.47676760,5,0.00067000,41.79579260,0
1709333837000,62381.78000000,62381.78000000,62381.52000000,62381.52000000,0.15885000,1709333837999,9909.34387760,21,0.00478000,298.18483820,0
1709333838000,62381.52000000,62381.52000000,62381.10000000,62381.10000000,0.07033000,1709333838999,4387.28914300,26,0.03374000,2104.75114820,0
1709333839000,62381.11000000,62381.11000000,62381.10000000,62381.11000000,0.00751000,1709333839999,468.48211230,8,0.00513000,320.01509430,0
1709333840000,62381.11000000,62381.11000000,62381.10000000,62381.10000000,0.02383000,1709333840999,1486.54172560,7,0.01126000,702.41129860,0
1709333841000,62381.11000000,62381.11000000,62381.10000000,62381.10000000,0.00318000,1709333841999,198.37190920,3,0.00112000,69.86684320,0
1709333842000,62381.10000000,62381.11000000,62381.10000000,62381.10000000,0.25429000,1709333842999,15862.88992830,22,0.00093000,58.01443230,0
1709333843000,62381.10000000,62381.10000000,62381.10000000,62381.10000000,0.06441000,1709333843999,4017.96665100,3,0.00000000,0.00000000,0
1709333844000,62381.10000000,62381.11000000,62381.10000000,62381.11000000,0.58572000,1709333844999,36537.86293860,14,0.50466000,31481.25097260,0
1709333845000,62381.11000000,62381.11000000,62381.11000000,62381.11000000,0.01352000,1709333845999,843.39260720,3,0.01352000,843.39260720,0
1709333846000,62381.11000000,62381.11000000,62381.10000000,62381.10000000,0.02471000,1709333846999,1541.43703200,5,0.00510000,318.14366100,0
1709333847000,62381.10000000,62381.10000000,62381.10000000,62381.10000000,0.12838000,1709333847999,8008.48561800,9,0.00000000,0.00000000,0
1709333848000,62381.10000000,62381.10000000,62381.10000000,62381.10000000,0.00627000,1709333848999,391.12949700,5,0.00000000,0.00000000,0
1709333849000,62381.10000000,62381.11000000,62381.10000000,62381.10000000,0.00450000,1709333849999,280.71497180,8,0.00218000,135.99081980,0
1709333850000,62381.11000000,62381.11000000,62380.01000000,62380.01000000,1.37071000,1709333850999,85506.25030760,67,0.11211000,6993.47627110,0
1709333851000,62380.00000000,62380.00000000,62375.12000000,62375.12000000,0.08342000,1709333851999,5203.68168550,49,0.00242000,150.94994420,0
1709333852000,62375.13000000,62375.13000000,62375.12000000,62375.12000000,0.29519000,1709333852999,18412.51169200,18,0.00192000,119.76024960,0
1709333853000,62375.12000000,62375.13000000,62375.12000000,62375.12000000,0.07631000,1709333853999,4759.84541040,4,0.00032000,19.96004160,0
1709333854000,62375.12000000,62375.13000000,62375.12000000,62375.12000000,0.40906000,1709333854999,25515.16915370,14,0.25665000,16008.57711450,0
1709333855000,62375.12000000,62375.13000000,62375.12000000,62375.13000000,0.17898000,1709333855999,11163.90074420,5,0.17666000,11019.19046580,0
1709333856000,62375.13000000,62375.13000000,62375.12000000,62375.13000000,0.24214000,1709333856999,15103.51397580,5,0.24190000,15088.54394700,0
1709333857000,62375.13000000,62375.13000000,62375.13000000,62375.13000000,0.32040000,1709333857999,19984.99165200,5,0.32040000,19984.99165200,0
1709333858000,62375.12000000,62375.13000000,62375.12000000,62375.13000000,0.15876000,1709333858999,9902.67563090,6,0.15797000,9853.39928610,0
1709333859000,62375.12000000,62375.12000000,62375.12000000,62375.12000000,0.00089000,1709333859999,55.51385680,2,0.00000000,0.00000000,0
1709333860000,62375.12000000,62375.12000000,62375.12000000,62375.12000000,0.00135000,1709333860999,84.20641200,1,0.00000000,0.00000000,0
1709333861000,62375.12000000,62375.13000000,62375.12000000,62375.12000000,0.14579000,1709333861999,9093.66874630,5,0.00015000,9.35626950,0
1709333862000,62375.12000000,62375.13000000,62375.12000000,62375.13000000,0.00157000,1709333862999,97.92894440,4,0.00060000,37.42507800,0
1709333863000,62375.13000000,62375.13000000,62375.13000000,62375.13000000,0.00670000,1709333863999,417.91337100,1,0.00670000,417.91337100,0
1709333864000,62375.13000000,62375.13000000,62375.12000000,62375.12000000,0.03548000,1709333864999,2213.06926240,3,0.00048000,29.94006240,0
1709333865000,62375.13000000,62375.13000000,62375.12000000,62375.12000000,0.00138000,1709333865999,86.07767330,2,0.00077000,48.02885010,0
1709333866000,62375.12000000,62375.12000000,62375.12000000,62375.12000000,0.00279000,1709333866999,174.02658480,4,0.00000000,0.00000000,0
1709333867000,62375.13000000,62375.13000000,62375.12000000,62375.12000000,0.00340000,1709333867999,212.07543570,2,0.00277000,172.77911010,0
1709333868000,62375.12000000,62375.13000000,62375.12000000,62375.13000000,0.00520000,1709333868999,324.35062900,5,0.00050000,31.18756500,0
1709333869000,62375.13000000,62375.13000000,62375.13000000,62375.13000000,0.00332000,1709333869999,207.08543160,2,0.00332000,207.08543160,0
1709333870000,62375.12000000,62375.13000000,62375.12000000,62375.13000000,0.00663000,1709333870999,413.54707000,6,0.00244000,152.19531720,0
1709333871000,62375.12000000,62375.12000000,62375.12000000,62375.12000000,0.46457000,1709333871999,28977.60949840,7,0.00000000,0.00000000,0
1709333872000,62375.12000000,62375.13000000,62375.12000000,62375.13000000,0.01393000,1709333872999,868.88553540,6,0.01138000,709.82897940,0
1709333873000,62375.12000000,62375.12000000,62375.12000000,62375.12000000,0.00214000,1709333873999,133.48275680,1,0.00000000,0.00000000,0
1709333874000,62375.12000000,62375.13000000,62375.12000000,62375.12000000,0.03633000,1709333874999,2266.08811890,4,0.00093000,58.00887090,0
1709333875000,62375.13000000,62375.13000000,62375.12000000,62375.13000000,0.05834000,1709333875999,3638.96458210,15,0.00813000,507.10980690,0
1709333876000,62375.12000000,62375.13000000,62375.12000000,62375.12000000,0.04076000,1709333876999,2542.40997010,7,0.00789000,492.13977570,0
1709333877000,62375.12000000,62375.13000000,62375.12000000,62375.13000000,0.01234000,1709333877999,769.70899420,3,0.00134000,83.58267420,0
1709333878000,62375.12000000,62375.13000000,62375.12000000,62375.13000000,0.04861000,1709333878999,3032.05459190,7,0.00087000,54.26636310,0
1709333879000,62375.12000000,62375.13000000,62375.12000000,62375.12000000,0.02812000,1709333879999,1753.98850690,35,0.01325000,826.47047250,0
1709333880000,62375.13000000,62375.13000000,62375.12000000,62375.13000000,0.12087000,1709333880999,7539.28091920,30,0.01648000,1027.94214240,0
1709333881000,62375.13000000,62375.13000000,62375.12000000,62375.13000000,0.01149000,1709333881999,716.69022650,4,0.00977000,609.40502010,0
1709333882000,62375.12000000,62375.13000000,62375.12000000,62375.13000000,0.06253000,1709333882999,3900.31637940,3,0.01258000,784.67913540,0
1709333883000,62375.12000000,62375.13000000,62375.12000000,62375.13000000,0.00863000,1709333883999,538.29736660,5,0.00810000,505.23855300,0
1709333884000,62375.13000000,62375.13000000,62375.12000000,62375.13000000,0.00832000,1709333884999,518.96103250,5,0.00341000,212.69919330,0
1709333885000,62375.13000000,62375.13000000,62375.13000000,62375.13000000,0.00000000,1709333885999,0.00000000,0,0.00000000,0.00000000,0
1709333886000,62375.12000000,62375.13000000,62375.12000000,62375.13000000,0.00442000,1709333886999,275.69807120,3,0.00408000,254.49053040,0
1709333887000,62375.13000000,62375.13000000,62375.13000000,62375.13000000,0.00000000,1709333887999,0.00000000,0,0.00000000,0.00000000,0
1709333888000,62375.13000000,62375.13000000,62375.12000000,62375.12000000,0.00748000,1709333888999,466.56596000,6,0.00624000,389.22081120,0
1709333889000,62375.12000000,62375.13000000,62375.12000000,62375.12000000,0.01576000,1709333889999,983.03189660,5,0.00054000,33.68257020,0
1709333890000,62375.13000000,62375.13000000,62375.13000000,62375.13000000,0.00080000,1709333890999,49.90010400,1,0.00080000,49.90010400,0
1709333891000,62375.13000000,62375.13000000,62375.13000000,62375.13000000,0.19641000,1709333891999,12251.09928330,5,0.19641000,12251.09928330,0
1709333892000,62375.13000000,62381.21000000,62375.13000000,62381.21000000,3.95371000,1709333892999,246622.09334290,97,3.95124000,246468.02037450,0
1709333893000,62381.21000000,62387.20000000,62381.21000000,62387.20000000,1.35316000,1709333893999,84413.82049080,162,1.32109000,82413.21980910,0
1709333894000,62388.96000000,62388.97000000,62388.96000000,62388.97000000,0.29800000,1709333894999,18591.91297250,16,0.28925000,18046.00957250,0
1709333895000,62388.97000000,62389.27000000,62388.97000000,62389.27000000,0.28039000,1709333895999,17493.26854570,15,0.27223000,16984.17455050,0
1709333896000,62389.27000000,62389.33000000,62389.27000000,62389.32000000,0.34185000,1709333896999,21327.78995690,15,0.32982000,20577.24643730,0
1709333897000,62389.33000000,62390.00000000,62389.32000000,62390.00000000,0.61462000,1709333897999,38345.86296030,12,0.54905000,34254.96895710,0
1709333898000,62389.99000000,62481.28000000,62389.99000000,62472.00000000,27.50572000,1709333898999,1716823.82624380,469,27.47345000,1714810.50126650,0
1709333899000,62477.28000000,62510.00000000,62471.10000000,62509.99000000,4.91225000,1709333899999,306971.59055070,257,4.53045000,283108.15457780,0
1709333900000,62509.99000000,62512.37000000,62509.99000000,62512.37000000,3.53802000,1709333900999,221164.33990140,65,2.54201000,158901.45296870,0
1709333901000,62512.37000000,62517.88000000,62512.36000000,62517.88000000,1.64578000,1709333901999,102884.94548910,41,1.48754000,92992.18485210,0
1709333902000,62517.87000000,62517.88000000,62517.87000000,62517.87000000,0.51964000,1709333902999,32486.78597830,12,0.00115000,71.89556200,0
1709333903000,62517.87000000,62517.88000000,62517.87000000,62517.87000000,0.34149000,1709333903999,21349.22750540,10,0.00791000,494.51643080,0
1709333904000,62517.88000000,62517.88000000,62517.87000000,62517.88000000,0.01260000,1709333904999,787.72518320,7,0.00212000,132.53790560,0
1709333905000,62517.88000000,62517.88000000,62517.87000000,62517.87000000,0.01903000,1709333905999,1189.71524340,3,0.01773000,1108.44201240,0
1709333906000,62517.88000000,62517.88000000,62517.88000000,62517.88000000,0.00018000,1709333906999,11.25321840,2,0.00018000,11.25321840,0
1709333907000,62517.87000000,62517.87000000,62517.87000000,62517.87000000,0.00038000,1709333907999,23.75679060,1,0.00000000,0.00000000,0
1709333908000,62517.88000000,62517.88000000,62517.87000000,62517.88000000,0.51097000,1709333908999,31944.76103480,7,0.50009000,31264.56660920,0
1709333909000,62517.87000000,62517.88000000,62517.87000000,62517.88000000,0.01782000,1709333909999,1114.06854230,10,0.00989000,618.30183320,0
1709333910000,62517.87000000,62517.88000000,62517.87000000,62517.87000000,0.13552000,1709333910999,8472.42174390,9,0.00015000,9.37768200,0
1709333911000,62517.87000000,62517.88000000,62517.87000000,62517.87000000,0.00501000,1709333911999,313.21455150,6,0.00228000,142.54076640,0
1709333912000,62517.87000000,62517.87000000,62506.24000000,62506.25000000,5.08238000,1709333912999,317729.36812530,123,0.04042000,2526.50262500,0
1709333913000,62506.24000000,62506.25000000,62506.24000000,62506.24000000,0.13915000,1709333913999,8697.74393760,23,0.06416000,4010.40100000,0
1709333914000,62506.24000000,62506.24000000,62504.30000000,62504.30000000,0.64718000,1709333914999,40452.50047140,174,0.00000000,0.00000000,0
1709333915000,62504.30000000,62504.30000000,62503.30000000,62503.31000000,0.18305000,1709333915999,11441.27209630,26,0.13713000,8571.07890030,0
1709333916000,62503.31000000,62517.87000000,62503.31000000,62517.87000000,4.96385000,1709333916999,310270.43367870,56,4.96385000,310270.43367870,0
1709333917000,62517.87000000,62526.77000000,62517.86000000,62526.77000000,0.45196000,1709333917999,28257.25358870,45,0.43818000,27395.74189870,0
1709333918000,62526.99000000,62530.38000000,62526.99000000,62530.37000000,0.83615000,1709333918999,52283.12857200,38,0.77837000,48670.18606440,0
1709333919000,62530.37000000,62564.68000000,62530.37000000,62564.68000000,2.08784000,1709333919999,130587.01196280,176,2.06208000,128975.49815740,0
1709333920000,62564.68000000,62564.68000000,62564.67000000,62564.68000000,0.47873000,1709333920999,29951.58924330,12,0.47742000,29869.62952560,0
1709333921000,62564.67000000,62564.68000000,62564.67000000,62564.68000000,0.87596000,1709333921999,54804.15683810,25,0.85049000,53210.63469320,0
1709333922000,62564.68000000,62572.11000000,62564.67000000,62572.10000000,1.60507000,1709333922999,100422.96862450,100,1.55996000,97600.36856190,0
1709333923000,62572.10000000,62586.39000000,62572.10000000,62586.38000000,1.89081000,1709333923999,118317.35530810,95,1.83241000,114662.41099360,0
1709333924000,62586.39000000,62597.68000000,62586.39000000,62597.68000000,1.88646000,1709333924999,118074.94042510,92,1.78332000,111618.67076880,0
1709333925000,62597.67000000,62597.68000000,62597.67000000,62597.67000000,0.28141000,1709333925999,17615.61270930,16,0.23946000,14989.64045280,0
1709333926000,62597.67000000,62597.68000000,62597.67000000,62597.67000000,0.45412000,1709333926999,28426.85784230,20,0.39419000,24675.37947920,0
1709333927000,62597.67000000,62597.68000000,62591.49000000,62597.68000000,7.38170000,1709333927999,462067.00969000,270,3.32528000,208145.33382260,0
1709333928000,62597.68000000,62599.74000000,62597.67000000,62599.74000000,1.22165000,1709333928999,76474.31313080,42,1.16671000,73035.08478860,0
1709333929000,62599.73000000,62599.74000000,62599.73000000,62599.73000000,0.37704000,1709333929999,23602.60544540,13,0.32462000,20321.12759880,0
1709333930000,62599.74000000,62599.74000000,62599.73000000,62599.73000000,0.20049000,1709333930999,12550.62178960,16,0.19219000,12031.04403060,0
1709333931000,62599.74000000,62599.97000000,62599.74000000,62599.96000000,0.03934000,1709333931999,2462.67513820,7,0.03472000,2173.46332300,0
1709333932000,62599.96000000,62599.97000000,62587.82000000,62587.82000000,5.80307000,1709333932999,363270.98615700,56,0.01705000,1067.32948850,0
1709333933000,62587.60000000,62587.61000000,62563.20000000,62563.20000000,3.06808000,1709333933999,191981.58504340,81,0.00674000,421.69213940,0
1709333934000,62563.20000000,62563.21000000,62563.20000000,62563.20000000,0.58174000,1709333934999,36395.51599380,38,0.00258000,161.41308180,0
1709333935000,62563.20000000,62591.27000000,62556.99000000,62591.27000000,7.98020000,1709333935999,499272.02083650,59,7.79468000,487665.38533440,0
1709333936000,62591.27000000,62599.80000000,62591.26000000,62599.79000000,0.70921000,1709333936999,44390.86911570,33,0.69222000,43327.37406470,0
1709333937000,62599.79000000,62599.79000000,62597.70000000,62597.70000000,1.89809000,1709333937999,118819.99301100,27,0.00000000,0.00000000,0
1709333938000,62597.71000000,62597.71000000,62597.70000000,62597.70000000,0.99660000,1709333938999,62384.87282410,22,0.50041000,31324.52006110,0
1709333939000,62597.70000000,62597.71000000,62597.70000000,62597.71000000,0.05757000,1709333939999,3603.74978100,43,0.01920000,1201.87603200,0
1709333940000,62597.71000000,62597.71000000,62597.70000000,62597.70000000,0.03111000,1709333940999,1947.41456210,25,0.01151000,720.49964210,0
1709333941000,62597.70000000,62597.71000000,62597.70000000,62597.71000000,0.00399000,1709333941999,249.76484300,5,0.00200000,125.19542000,0
1709333942000,62597.70000000,62597.70000000,62597.70000000,62597.70000000,0.02697000,1709333942999,1688.25996900,17,0.00000000,0.00000000,0
1709333943000,62597.70000000,62597.71000000,62597.70000000,62597.70000000,0.93707000,1709333943999,58658.43593040,24,0.91914000,57536.05916940,0
1709333944000,62597.70000000,62597.70000000,62592.66000000,62592.67000000,0.93117000,1709333944999,58289.01172060,42,0.00262000,163.99279540,0
1709333945000,62592.67000000,62592.67000000,62590.82000000,62590.82000000,1.04674000,1709333945999,65517.55937450,16,0.03211000,2009.79184570,0
1709333946000,62590.82000000,62590.83000000,62572.00000000,62572.00000000,2.07127000,1709333946999,129627.75634500,38,0.01061000,664.08870630,0
1709333947000,62569.01000000,62569.01000000,62564.66000000,62564.67000000,0.15541000,1709333947999,9723.17655270,10,0.12465000,7798.68700210,0
1709333948000,62564.67000000,62564.67000000,62555.35000000,62555.36000000,0.74698000,1709333948999,46732.30157890,35,0.52596000,32904.90901800,0
1709333949000,62555.36000000,62555.36000000,62552.10000000,62552.10000000,0.02894000,1709333949999,1810.29452860,11,0.01596000,998.34877060,0
1709333950000,62552.11000000,62552.11000000,62552.10000000,62552.10000000,0.03648000,1709333950999,2281.90095470,8,0.03467000,2168.68165370,0
1709333951000,62552.11000000,62563.34000000,62552.11000000,62563.34000000,2.58141000,1709333951999,161472.70752150,24,2.58078000,161433.29262360,0
1709333952000,62563.33000000,62563.33000000,62563.33000000,62563.33000000,0.06863000,1709333952999,4293.72133790,7,0.00000000,0.00000000,0
1709333953000,62563.34000000,62563.34000000,62563.33000000,62563.34000000,0.00609000,1709333953999,381.01071790,6,0.00382000,238.99195880,0
1709333954000,62563.33000000,62563.34000000,62563.33000000,62563.34000000,0.02766000,1709333954999,1730.50187440,2,0.01666000,1042.30524440,0
1709333955000,62563.33000000,62563.33000000,62563.33000000,62563.33000000,0.09990000,1709333955999,6250.07666700,1,0.00000000,0.00000000,0
1709333956000,62563.33000000,62563.34000000,62563.33000000,62563.33000000,0.00186000,1709333956999,116.36779490,3,0.00011000,6.88196740,0
1709333957000,62563.33000000,62563.34000000,62563.33000000,62563.34000000,0.00096000,1709333957999,60.06080400,2,0.00072000,45.04560480,0
1709333958000,62563.34000000,62563.34000000,62563.33000000,62563.34000000,0.51892000,1709333958999,32465.36837020,6,0.51666000,32323.97524440,0
1709333959000,62563.34000000,62563.34000000,62563.33000000,62563.34000000,0.02714000,1709333959999,1697.96902740,4,0.02512000,1571.59110080,0
1709333960000,62563.34000000,62563.34000000,62558.01000000,62558.01000000,0.38176000,1709333960999,23884.17097080,19,0.05820000,3641.18127120,0
1709333961000,62558.00000000,62558.01000000,62558.00000000,62558.00000000,0.03480000,1709333961999,2177.01841760,8,0.00176000,110.10209760,0
1709333962000,62558.00000000,62558.01000000,62558.00000000,62558.01000000,0.03538000,1709333962999,2213.30235950,2,0.03195000,1998.72841950,0
1709333963000,62558.00000000,62558.00000000,62556.22000000,62556.23000000,0.15691000,1709333963999,9815.93411220,10,0.00020000,12.51124600,0
1709333964000,62556.22000000,62556.23000000,62556.22000000,62556.22000000,0.02521000,1709333964999,1577.04250240,5,0.01962000,1227.35323260,0
1709333965000,62556.22000000,62556.22000000,62556.22000000,62556.22000000,0.00416000,1709333965999,260.23387520,2,0.00000000,0.00000000,0
1709333966000,62556.22000000,62556.23000000,62549.79000000,62549.80000000,2.21254000,1709333966999,138405.73376500,26,0.02822000,1765.22422130,0
1709333967000,62549.79000000,62549.79000000,62541.22000000,62541.22000000,0.74216000,1709333967999,46416.84599800,17,0.20130000,12589.58613900,0
1709333968000,62541.22000000,62541.22000000,62541.21000000,62541.21000000,0.71717000,1709333968999,44852.68457570,3,0.50000000,31270.61000000,0
1709333969000,62541.21000000,62541.21000000,62541.21000000,62541.21000000,0.00022000,1709333969999,13.75906620,1,0.00000000,0.00000000,0
1709333970000,62541.22000000,62541.22000000,62540.00000000,62540.00000000,0.48369000,1709333970999,30250.48449880,25,0.00314000,196.37925810,0
1709333971000,62540.00000000,62540.01000000,62535.18000000,62535.18000000,0.29573000,1709333971999,18494.92178660,25,0.00094000,58.78678830,0
1709333972000,62535.17000000,62535.17000000,62535.17000000,62535.17000000,0.08200000,1709333972999,5127.88394000,4,0.00000000,0.00000000,0
1709333973000,62535.18000000,62535.18000000,62535.18000000,62535.18000000,0.00290000,1709333973999,181.35202200,2,0.00290000,181.35202200,0
1709333974000,62535.17000000,62535.18000000,62535.17000000,62535.17000000,0.01285000,1709333974999,803.57698950,6,0.00550000,343.94349000,0
1709333975000,62535.18000000,62535.18000000,62535.18000000,62535.18000000,0.00031000,1709333975999,19.38590580,1,0.00031000,19.38590580,0
1709333976000,62535.18000000,62535.18000000,62535.17000000,62535.18000000,0.10169000,1709333976999,6359.20242290,6,0.09856000,6163.46734080,0
1709333977000,62535.17000000,62535.18000000,62535.17000000,62535.18000000,0.05996000,1709333977999,3749.60938700,3,0.05938000,3713.33898840,0
1709333978000,62535.18000000,62555.64000000,62535.18000000,62555.63000000,2.23563000,1709333978999,139824.27141040,36,2.23476000,139769.84801230,0
1709333979000,62555.63000000,62555.63000000,62555.63000000,62555.63000000,0.00000000,1709333979999,0.00000000,0,0.00000000,0.00000000,0
1709333980000,62555.63000000,62555.64000000,62555.63000000,62555.64000000,0.01566000,1709333980999,979.62119680,3,0.00310000,193.92248400,0
1709333981000,62555.63000000,62555.64000000,62555.63000000,62555.64000000,0.01804000,1709333981999,1128.50369770,6,0.01325000,828.86223000,0
1709333982000,62555.63000000,62555.63000000,62555.63000000,62555.63000000,0.03564000,1709333982999,2229.48265320,1,0.00000000,0.00000000,0
1709333983000,62555.63000000,62555.64000000,62555.63000000,62555.64000000,0.00643000,1709333983999,402.23274270,4,0.00418000,261.48257520,0
1709333984000,62555.63000000,62555.63000000,62555.63000000,62555.63000000,0.10923000,1709333984999,6832.95146490,4,0.00000000,0.00000000,0
1709333985000,62555.63000000,62555.64000000,62555.63000000,62555.64000000,0.11611000,1709333985999,7263.33501910,5,0.08198000,5128.31136720,0
1709333986000,62555.63000000,62555.64000000,62555.63000000,62555.63000000,0.01565000,1709333986999,978.99562420,6,0.00147000,91.95679080,0
1709333987000,62555.64000000,62555.64000000,62555.63000000,62555.64000000,0.01750000,1709333987999,1094.72368670,4,0.01617000,1011.52469880,0
1709333988000,62555.64000000,62555.64000000,62554.12000000,62554.13000000,4.55762000,1709333988999,285103.49145270,49,0.50065000,31317.72577340,0
1709333989000,62554.12000000,62554.12000000,62552.86000000,62552.87000000,0.35581000,1709333989999,22257.37541220,11,0.00230000,143.87160100,0
1709333990000,62552.86000000,62552.86000000,62552.86000000,62552.86000000,0.00222000,1709333990999,138.86734920,1,0.00000000,0.00000000,0
1709333991000,62552.86000000,62552.86000000,62552.86000000,62552.86000000,0.00109000,1709333991999,68.18261740,3,0.00000000,0.00000000,0
1709333992000,62552.86000000,62552.87000000,62552.86000000,62552.87000000,0.01084000,1709333992999,678.07303180,8,0.00294000,183.90543780,0
1709333993000,62552.86000000,62552.87000000,62552.86000000,62552.87000000,0.00797000,1709333993999,498.54634310,3,0.00489000,305.88353430,0
1709333994000,62552.87000000,62552.87000000,62552.86000000,62552.86000000,0.00107000,1709333994999,66.93156720,3,0.00070000,43.78700900,0
1709333995000,62552.86000000,62552.86000000,62552.43000000,62552.43000000,0.14945000,1709333995999,9348.47394780,13,0.00919000,574.85692360,0
1709333996000,62552.12000000,62552.12000000,62488.35000000,62496.00000000,12.31940000,1709333996999,770252.78757500,236,0.00376000,235.12314200,0
1709333997000,62496.47000000,62496.47000000,62492.00000000,62496.00000000,0.72258000,1709333997999,45158.02573820,33,0.02798000,1748.64035910,0
1709333998000,62496.01000000,62496.01000000,62490.18000000,62490.18000000,1.11271000,1709333998999,69535.13412850,16,0.82334000,51450.66660850,0
1709333999000,62490.18000000,62490.18000000,62490.08000000,62490.09000000,0.96809000,1709333999999,60496.09802660,56,0.16714000,10444.60707060,0
1709334000000,62490.09000000,62496.01000000,62490.08000000,62496.00000000,4.70064000,1709334000999,293743.71713620,107,3.77639000,235987.23085940,0
1709334001000,62496.01000000,62497.99000000,62496.01000000,62497.98000000,0.02975000,1709334001999,1859.26811850,10,0.02583000,1614.27603690,0
1709334002000,62497.99000000,62505.16000000,62497.99000000,62505.15000000,1.17318000,1709334002999,73323.97133510,41,1.14094000,71308.80529910,0
1709334003000,62505.16000000,62549.57000000,62505.16000000,62549.55000000,9.04751000,1709334003999,565666.17428580,143,8.70333000,544140.64527850,0
1709334004000,62549.56000000,62549.56000000,62549.26000000,62549.26000000,1.42215000,1709334004999,88954.84322730,30,0.08108000,5071.51832480,0
1709334005000,62548.31000000,62548.31000000,62544.56000000,62544.57000000,0.27518000,1709334005999,17211.73894500,16,0.06402000,4004.10337140,0
1709334006000,62544.57000000,62544.57000000,62544.56000000,62544.56000000,0.02642000,1709334006999,1652.42751260,8,0.02374000,1484.80809180,0
1709334007000,62544.56000000,62544.56000000,62541.31000000,62541.32000000,0.12934000,1709334007999,8089.45681640,82,0.00412000,257.67023840,0
1709334008000,62541.31000000,62555.63000000,62541.31000000,62555.63000000,2.23240000,1709334008999,139630.57334250,129,2.16198000,135226.38768630,0
1709334009000,62555.64000000,62555.64000000,62555.63000000,62555.63000000,0.24463000,1709334009999,15302.98389160,172,0.01247000,780.06883080,0
1709334010000,62555.63000000,62555.64000000,62555.63000000,62555.64000000,0.07569000,1709334010999,4734.83611110,21,0.04764000,2980.15068960,0
1709334011000,62555.63000000,62555.63000000,62550.19000000,62550.20000000,2.95119000,1709334011999,184612.94222660,92,0.03267000,2043.51503400,0
1709334012000,62550.19000000,62550.20000000,62550.19000000,62550.20000000,0.00507000,1709334012999,317.12947370,5,0.00104000,65.05220800,0
1709334013000,62550.20000000,62550.20000000,62550.19000000,62550.20000000,0.05322000,1709334013999,3328.92153700,3,0.04252000,2659.63450400,0
1709334014000,62550.20000000,62550.20000000,62550.20000000,62550.20000000,0.58425000,1709334014999,36544.95435000,12,0.58425000,36544.95435000,0
1709334015000,62550.20000000,62550.20000000,62550.19000000,62550.19000000,0.01593000,1709334015999,996.42461080,7,0.00841000,526.04718200,0
1709334016000,62550.19000000,62550.20000000,62540.69000000,62540.69000000,1.54893000,1709334016999,96882.11798540,56,0.01094000,684.21897990,0
1709334017000,62539.55000000,62539.55000000,62533.80000000,62533.80000000,0.02057000,1709334017999,1286.32731300,12,0.01885000,1178.76213000,0
1709334018000,62533.80000000,62555.62000000,62533.80000000,62555.62000000,3.47041000,1709334018999,217030.55444040,54,3.46525000,216707.76744120,0
1709334019000,62555.62000000,62563.20000000,62555.62000000,62563.20000000,1.02401000,1709334019999,64057.99357310,54,0.99515000,62252.59446140,0
1709334020000,62563.33000000,62567.07000000,62563.33000000,62567.07000000,0.09608000,1709334020999,6011.39391220,21,0.02248000,1406.45829620,0
1709334021000,62567.06000000,62567.06000000,62567.06000000,62567.06000000,0.00260000,1709334021999,162.67435600,3,0.00000000,0.00000000,0
1709334022000,62567.07000000,62570.00000000,62567.07000000,62570.00000000,0.39756000,1709334022999,24874.70185200,35,0.37480000,23450.60887960,0
1709334023000,62570.00000000,62570.00000000,62569.99000000,62569.99000000,0.57175000,1709334023999,35774.39740060,11,0.56181000,35152.45170000,0
1709334024000,62569.99000000,62570.00000000,62569.99000000,62569.99000000,0.50291000,1709334024999,31467.07867090,12,0.50000000,31285.00000000,0
1709334025000,62569.99000000,62570.00000000,62569.99000000,62570.00000000,0.03218000,1709334025999,2013.50251420,8,0.02360000,1476.65200000,0
1709334026000,62570.00000000,62570.00000000,62569.99000000,62569.99000000,0.04783000,1709334026999,2992.72299870,15,0.03770000,2358.88900000,0
1709334027000,62569.99000000,62569.99000000,62565.12000000,62565.12000000,0.78044000,1709334027999,48830.91142240,21,0.00075000,46.92384750,0
1709334028000,62565.12000000,62565.12000000,62561.09000000,62561.09000000,0.02938000,1709334028999,1838.08633860,33,0.01599000,1000.35198900,0
1709334029000,62561.09000000,62561.10000000,62561.09000000,62561.09000000,0.00754000,1709334029999,471.71066090,8,0.00423000,264.63345300,0
1709334030000,62561.09000000,62561.10000000,62561.09000000,62561.10000000,0.00322000,1709334030999,201.44672520,6,0.00154000,96.34409400,0
1709334031000,62561.09000000,62561.10000000,62561.09000000,62561.10000000,0.02541000,1709334031999,1589.67749690,8,0.02000000,1251.22200000,0
1709334032000,62561.10000000,62563.43000000,62561.09000000,62563.43000000,4.18193000,1709334032999,261626.14133120,35,4.18067000,261547.31435780,0
1709334033000,62567.03000000,62570.00000000,62567.03000000,62570.00000000,0.00431000,1709334033999,269.67109940,17,0.00303000,189.58151220,0
1709334034000,62569.99000000,62573.99000000,62569.99000000,62573.99000000,0.84804000,1709334034999,53062.68518310,32,0.81981000,51296.25867510,0
1709334035000,62573.98000000,62577.80000000,62573.98000000,62577.80000000,0.57036000,1709334035999,35689.76989240,39,0.55431000,34685.42539450,0
1709334036000,62577.79000000,62585.74000000,62577.79000000,62585.73000000,1.32507000,1709334036999,82922.38210380,40,1.31041000,82004.96784840,0
1709334037000,62585.73000000,62585.73000000,62585.73000000,62585.73000000,0.03654000,1709334037999,2286.88257420,5,0.00000000,0.00000000,0
1709334038000,62585.73000000,62595.99000000,62585.73000000,62595.99000000,0.37159000,1709334038999,23256.72094580,35,0.29243000,18302.36037320,0
1709334039000,62595.99000000,62597.42000000,62595.99000000,62597.42000000,0.08780000,1709334039999,5495.93281840,9,0.08352000,5228.01792000,0
1709334040000,62597.43000000,62599.08000000,62597.43000000,62599.08000000,0.29490000,1709334040999,18460.34297500,20,0.25416000,15910.05686320,0
1709334041000,62599.07000000,62599.08000000,62599.07000000,62599.07000000,0.76509000,1709334041999,47893.92518810,25,0.27218000,17038.21759440,0
1709334042000,62599.08000000,62599.08000000,62599.07000000,62599.08000000,0.51119000,1709334042999,32000.02360260,23,0.50093000,31357.75714440,0
1709334043000,62599.08000000,62599.08000000,62599.07000000,62599.08000000,1.14118000,1709334043999,71436.81797070,28,1.12681000,70537.26933480,0
1709334044000,62599.08000000,62599.08000000,62599.07000000,62599.07000000,1.43023000,1709334044999,89531.08213440,26,1.42483000,89193.04715640,0
1709334045000,62599.08000000,62600.00000000,62599.08000000,62599.99000000,0.73282000,1709334045999,45874.38644580,281,0.25454000,15934.06322860,0
1709334046000,62599.99000000,62600.00000000,62599.99000000,62599.99000000,0.30665000,1709334046999,19196.28853090,107,0.15974000,9999.72400000,0
1709334047000,62600.00000000,62600.00000000,62599.99000000,62599.99000000,0.06745000,1709334047999,4222.36994890,12,0.06234000,3902.48400000,0
1709334048000,62599.99000000,62599.99000000,62599.99000000,62599.99000000,0.14727000,1709334048999,9219.10052730,20,0.00000000,0.00000000,0
1709334049000,62599.99000000,62599.99000000,62595.99000000,62595.99000000,1.03119000,1709334049999,64551.86816420,147,0.00000000,0.00000000,0
1709334050000,62596.00000000,62596.00000000,62595.99000000,62595.99000000,0.41900000,1709334050999,26227.71982650,45,0.00165000,103.28340000,0
1709334051000,62596.00000000,62606.82000000,62596.00000000,62606.82000000,5.94355000,1709334051999,372075.92916930,90,5.90830000,369869.04464960,0
1709334052000,62606.82000000,62609.52000000,62606.82000000,62609.52000000,0.06705000,1709334052999,4197.92706940,22,0.02083000,1304.11551720,0
1709334053000,62609.52000000,62609.52000000,62609.52000000,62609.52000000,0.00249000,1709334053999,155.89770480,2,0.00249000,155.89770480,0
1709334054000,62609.51000000,62609.52000000,62609.51000000,62609.51000000,0.57450000,1709334054999,35969.16921180,12,0.57168000,35792.61039360,0
1709334055000,62609.51000000,62609.52000000,62609.51000000,62609.52000000,0.00209000,1709334055999,130.85389540,3,0.00195000,122.08856400,0
1709334056000,62609.52000000,62609.52000000,62609.51000000,62609.51000000,0.01501000,1709334056999,939.76877940,4,0.00343000,214.75065360,0
1709334057000,62609.51000000,62609.52000000,62609.51000000,62609.52000000,0.01530000,1709334057999,957.92561760,5,0.01146000,717.50509920,0
1709334058000,62609.51000000,62609.51000000,62609.51000000,62609.51000000,0.03289000,1709334058999,2059.22678390,9,0.00000000,0.00000000,0
1709334059000,62609.51000000,62609.52000000,62609.51000000,62609.51000000,0.02971000,1709334059999,1860.12866790,31,0.01258000,787.62776160,0
1709334060000,62609.52000000,62609.52000000,62609.51000000,62609.52000000,0.10475000,1709334060999,6558.34635240,48,0.01799000,1126.34526480,0
1709334061000,62609.51000000,62609.52000000,62609.51000000,62609.51000000,0.00703000,1709334061999,440.14490530,4,0.00500000,313.04760000,0
1709334062000,62609.51000000,62609.51000000,62609.51000000,62609.51000000,0.00683000,1709334062999,427.62295330,3,0.00000000,0.00000000,0
1709334063000,62609.51000000,62609.52000000,62587.42000000,62587.42000000,1.65899000,1709334063999,103861.40159240,67,0.00167000,104.55789840,0
1709334064000,62587.42000000,62587.43000000,62587.42000000,62587.43000000,0.53425000,1709334064999,33437.33446250,13,0.53275000,33343.45333250,0
1709334065000,62587.43000000,62587.43000000,62576.00000000,62576.00000000,0.17090000,1709334065999,10695.35341010,34,0.01133000,708.98836310,0
1709334066000,62576.01000000,62576.01000000,62572.51000000,62572.51000000,0.01500000,1709334066999,938.63944900,10,0.00423000,264.69652230,0
1709334067000,62571.10000000,62571.11000000,62571.10000000,62571.10000000,0.00335000,1709334067999,209.61318820,6,0.00032000,20.02275520,0
1709334068000,62571.10000000,62571.10000000,62571.10000000,62571.10000000,0.00239000,1709334068999,149.54492900,1,0.00000000,0.00000000,0
1709334069000,62571.10000000,62571.11000000,62571.10000000,62571.11000000,0.00608000,1709334069999,380.43229390,2,0.00059000,36.91695490,0
1709334070000,62571.10000000,62571.11000000,62571.10000000,62571.11000000,0.12292000,1709334070999,7691.24083230,9,0.12203000,7635.55255330,0
1709334071000,62571.11000000,62578.93000000,62571.11000000,62578.93000000,1.24853000,1709334071999,78122.04395180,22,1.24735000,78048.20082620,0
1709334072000,62578.92000000,62578.93000000,62578.92000000,62578.92000000,0.05321000,1709334072999,3329.82450880,7,0.01756000,1098.88601080,0
1709334073000,62578.93000000,62591.10000000,62578.93000000,62591.09000000,1.12843000,1709334073999,70619.09758230,23,1.12295000,70276.09840910,0
1709334074000,62591.10000000,62591.10000000,62591.09000000,62591.09000000,0.50088000,1709334074999,31350.63015920,5,0.50000000,31295.55000000,0
1709334075000,62591.10000000,62591.10000000,62591.09000000,62591.09000000,0.04781000,1709334075999,2992.48045220,6,0.04393000,2749.62702300,0
1709334076000,62591.10000000,62592.39000000,62591.10000000,62592.39000000,1.20782000,1709334076999,75598.79506150,15,1.20353000,75330.27370840,0
1709334077000,62592.39000000,62592.39000000,62592.39000000,62592.39000000,0.00413000,1709334077999,258.50657070,4,0.00000000,0.00000000,0
1709334078000,62592.40000000,62592.40000000,62592.39000000,62592.39000000,0.00521000,1709334078999,326.10637900,4,0.00271000,169.62540400,0
1709334079000,62592.39000000,62592.40000000,62592.39000000,62592.39000000,0.00419000,1709334079999,262.26212360,3,0.00095000,59.46278000,0
1709334080000,62592.40000000,62592.40000000,62586.76000000,62586.76000000,1.08357000,1709334080999,67822.64965460,64,0.00319000,199.66975600,0
1709334081000,62586.76000000,62586.76000000,62581.10000000,62581.10000000,0.06915000,1709334081999,4327.71325720,10,0.00000000,0.00000000,0
1709334082000,62581.10000000,62581.11000000,62581.10000000,62581.11000000,0.00670000,1709334082999,419.29340190,3,0.00319000,199.63374090,0
1709334083000,62581.11000000,62581.11000000,62581.11000000,62581.11000000,0.04998000,1709334083999,3127.80387780,4,0.04998000,3127.80387780,0
1709334084000,62581.11000000,62581.11000000,62581.10000000,62581.10000000,0.55428000,1709334084999,34687.45710920,7,0.50012000,31298.06473320,0
1709334085000,62581.10000000,62581.11000000,62581.10000000,62581.11000000,0.00880000,1709334085999,550.71375110,8,0.00711000,444.95169210,0
1709334086000,62581.10000000,62581.11000000,62581.10000000,62581.11000000,0.06862000,1709334086999,4294.31530990,8,0.02279000,1426.22349690,0
1709334087000,62581.10000000,62581.11000000,62581.10000000,62581.11000000,0.01797000,1709334087999,1124.58237490,3,0.00079000,49.43907690,0
1709334088000,62581.10000000,62581.11000000,62581.10000000,62581.10000000,0.04982000,1709334088999,3117.79067720,4,0.02752000,1722.23214720,0
1709334089000,62581.11000000,62581.11000000,62581.10000000,62581.10000000,0.00401000,1709334089999,250.95021390,4,0.00029000,18.14852190,0
1709334090000,62581.10000000,62581.11000000,62581.10000000,62581.11000000,0.01668000,1709334090999,1043.85275490,3,0.00069000,43.18096590,0
1709334091000,62581.11000000,62581.11000000,62581.10000000,62581.10000000,0.01759000,1709334091999,1100.80156470,6,0.00157000,98.25234270,0
1709334092000,62581.10000000,62581.11000000,62581.10000000,62581.10000000,0.00372000,1709334092999,232.80169320,4,0.00012000,7.50973320,0
1709334093000,62581.10000000,62581.10000000,62553.89000000,62553.90000000,6.95072000,1709334093999,434937.09690320,79,0.00047000,29.40033300,0
1709334094000,62553.89000000,62553.90000000,62553.89000000,62553.90000000,0.57687000,1709334094999,36085.46797140,10,0.54471000,34073.73486900,0
1709334095000,62553.89000000,62553.89000000,62553.89000000,62553.89000000,0.05700000,1709334095999,3565.57173000,3,0.00000000,0.00000000,0
1709334096000,62553.90000000,62553.90000000,62553.89000000,62553.89000000,0.00053000,1709334096999,33.15356430,4,0.00026000,16.26401400,0
1709334097000,62553.89000000,62553.90000000,62535.17000000,62535.17000000,3.66272000,1709334097999,229072.63939060,79,0.04851000,3033.71324750,0
1709334098000,62535.17000000,62535.17000000,62531.10000000,62531.11000000,0.18340000,1709334098999,11468.57473730,16,0.15549000,9723.25500030,0
1709334099000,62531.11000000,62531.11000000,62531.10000000,62531.11000000,0.06783000,1709334099999,4241.48512610,8,0.06131000,3833.78235410,0
1709334100000,62531.11000000,62531.11000000,62531.10000000,62531.11000000,0.05034000,1709334100999,3147.81594210,9,0.03681000,2301.77015910,0
1709334101000,62531.11000000,62531.11000000,62531.11000000,62531.11000000,0.01028000,1709334101999,642.81981080,2,0.01028000,642.81981080,0
1709334102000,62531.11000000,62531.11000000,62531.11000000,62531.11000000,0.00194000,1709334102999,121.31035340,3,0.00194000,121.31035340,0
1709334103000,62531.10000000,62531.11000000,62531.10000000,62531.11000000,0.08303000,1709334103999,5191.95729340,7,0.00604000,377.68790440,0
1709334104000,62531.10000000,62531.11000000,62531.10000000,62531.11000000,0.32834000,1709334104999,20531.46461930,11,0.32453000,20293.22112830,0
1709334105000,62531.11000000,62531.11000000,62531.10000000,62531.11000000,0.05986000,1709334105999,3743.11210080,7,0.04548000,2843.91488280,0
1709334106000,62531.11000000,62531.11000000,62531.10000000,62531.10000000,0.01414000,1709334106999,884.18975820,5,0.00042000,26.26306620,0
1709334107000,62531.11000000,62531.11000000,62531.10000000,62531.10000000,0.01464000,1709334107999,915.45530770,6,0.00037000,23.13651070,0
1709334108000,62531.10000000,62531.10000000,62528.56000000,62528.57000000,0.50568000,1709334108999,31620.39113780,20,0.00108000,67.53085560,0
1709334109000,62528.56000000,62528.56000000,62528.56000000,62528.56000000,0.04953000,1709334109999,3097.03957680,4,0.00000000,0.00000000,0
1709334110000,62528.57000000,62528.57000000,62521.11000000,62521.11000000,0.49347000,1709334110999,30853.37300770,17,0.00065000,40.64028810,0
1709334111000,62521.10000000,62521.10000000,62511.34000000,62511.35000000,0.33436000,1709334111999,20902.84737820,23,0.00360000,225.04774920,0
1709334112000,62511.35000000,62511.35000000,62501.11000000,62501.11000000,0.84542000,1709334112999,52845.61975260,77,0.02540000,1587.60050610,0
1709334113000,62501.10000000,62501.11000000,62501.10000000,62501.11000000,0.33175000,1709334113999,20734.74265870,11,0.27337000,17085.92844070,0
1709334114000,62501.10000000,62501.10000000,62500.00000000,62500.01000000,0.42655000,1709334114999,26659.64876900,40,0.00065000,40.62500650,0
1709334115000,62500.00000000,62500.01000000,62499.98000000,62499.98000000,0.62398000,1709334115999,38998.74622420,32,0.06018000,3761.24940020,0
1709334116000,62499.99000000,62499.99000000,62498.55000000,62498.55000000,0.27105000,1709334116999,16940.50977670,20,0.08225000,5140.51612670,0
1709334117000,62498.56000000,62498.56000000,62498.56000000,62498.56000000,0.00108000,1709334117999,67.49844480,2,0.00108000,67.49844480,0
1709334118000,62498.56000000,62498.56000000,62498.35000000,62498.35000000,0.86337000,1709334118999,53959.35887010,30,0.01066000,666.23408760,0
1709334119000,62498.36000000,62498.36000000,62498.35000000,62498.35000000,0.11868000,1709334119999,7417.30434400,32,0.01660000,1037.47277600,0
1709334120000,62498.36000000,62498.36000000,62498.35000000,62498.36000000,0.13652000,1709334120999,8532.27587710,37,0.11351000,7094.18884360,0
1709334121000,62498.36000000,62504.33000000,62498.36000000,62504.33000000,2.79911000,1709334121999,174943.56362010,78,2.73642000,171025.19789050,0
1709334122000,62504.34000000,62514.00000000,62504.33000000,62513.99000000,0.70957000,1709334122999,44354.75504790,33,0.58129000,36335.73481870,0
1709334123000,62514.00000000,62514.00000000,62514.00000000,62514.00000000,0.00037000,1709334123999,23.13018000,1,0.00037000,23.13018000,0
1709334124000,62514.00000000,62514.00000000,62514.00000000,62514.00000000,0.00000000,1709334124999,0.00000000,0,0.00000000,0.00000000,0
1709334125000,62514.00000000,62514.00000000,62513.99000000,62513.99000000,0.02392000,1709334125999,1495.33472960,4,0.00888000,555.12432000,0
1709334126000,62514.00000000,62520.01000000,62514.00000000,62520.00000000,0.50260000,1709334126999,31419.78883190,22,0.50176000,31367.27203190,0
1709334127000,62520.01000000,62527.67000000,62520.01000000,62527.66000000,0.24127000,1709334127999,15084.47080180,18,0.19624000,12268.97142280,0
1709334128000,62527.67000000,62527.67000000,62527.66000000,62527.67000000,0.50545000,1709334128999,31604.60577450,8,0.00275000,171.95109250,0
1709334129000,62527.67000000,62527.67000000,62527.66000000,62527.67000000,0.02616000,1709334129999,1635.72361500,6,0.00294000,183.83134980,0
1709334130000,62527.66000000,62527.67000000,62527.66000000,62527.66000000,0.00808000,1709334130999,505.22355050,6,0.00577000,360.78465590,0
1709334131000,62527.67000000,62527.67000000,62527.66000000,62527.66000000,0.01971000,1709334131999,1232.42029250,4,0.01139000,712.19016130,0
1709334132000,62527.66000000,62527.67000000,62527.66000000,62527.67000000,0.05324000,1709334132999,3328.97262360,7,0.00052000,32.51438840,0
1709334133000,62527.67000000,62527.67000000,62527.66000000,62527.67000000,0.00702000,1709334133999,438.94422740,4,0.00542000,338.89997140,0
1709334134000,62527.66000000,62527.67000000,62527.66000000,62527.67000000,0.03232000,1709334134999,2020.89397430,5,0.00031000,19.38357770,0
1709334135000,62527.67000000,62527.67000000,62527.66000000,62527.67000000,0.01760000,1709334135999,1100.48684350,6,0.00275000,171.95109250,0
1709334136000,62527.67000000,62527.67000000,62527.66000000,62527.66000000,0.00024000,1709334136999,15.00663930,2,0.00009000,5.62749030,0
1709334137000,62527.67000000,62527.67000000,62527.66000000,62527.66000000,1.33835000,1709334137999,83683.90712290,13,1.33619000,83548.84737730,0
1709334138000,62527.67000000,62531.11000000,62527.67000000,62531.11000000,4.10186000,1709334138999,256486.00189470,69,3.58069000,223896.66850770,0
1709334139000,62531.11000000,62531.11000000,62531.10000000,62531.11000000,0.73632000,1709334139999,46042.90691290,17,0.73609000,46028.52475990,0
1709334140000,62531.11000000,62531.11000000,62531.10000000,62531.11000000,1.11876000,1709334140999,69957.30458370,18,1.11477000,69707.80549470,0
1709334141000,62531.11000000,62531.11000000,62531.10000000,62531.11000000,0.64678000,1709334141999,40443.87130500,28,0.64470000,40313.80661700,0
1709334142000,62531.10000000,62531.10000000,62531.10000000,62531.10000000,0.00792000,1709334142999,495.24631200,3,0.00000000,0.00000000,0
1709334143000,62531.11000000,62537.48000000,62531.10000000,62537.48000000,0.95523000,1709334143999,59731.59690350,31,0.95499000,59716.58943950,0
1709334144000,62537.47000000,62537.92000000,62537.47000000,62537.92000000,0.01502000,1709334144999,939.31887190,5,0.00020000,12.50749600,0
1709334145000,62537.93000000,62537.93000000,62537.93000000,62537.93000000,0.00167000,1709334145999,104.43834310,3,0.00167000,104.43834310,0
1709334146000,62537.92000000,62537.93000000,62537.92000000,62537.92000000,0.01861000,1709334146999,1163.83085680,3,0.01656000,1035.62812080,0
1709334147000,62537.92000000,62537.92000000,62537.92000000,62537.92000000,0.00000000,1709334147999,0.00000000,0,0.00000000,0.00000000,0
1709334148000,62537.93000000,62537.93000000,62537.92000000,62537.93000000,0.60171000,1709334148999,37629.69286030,7,0.10171000,6360.73286030,0
1709334149000,62537.93000000,62541.10000000,62537.92000000,62541.10000000,0.66358000,1709334149999,41499.16448220,20,0.65602000,41026.37780700,0
1709334150000,62541.09000000,62541.10000000,62541.09000000,62541.10000000,0.03567000,1709334150999,2230.84068500,6,0.00047000,29.39431700,0
1709334151000,62541.10000000,62544.54000000,62541.09000000,62544.54000000,0.04186000,1709334151999,2618.00352590,13,0.03199000,2000.69302160,0
1709334152000,62544.55000000,62545.81000000,62544.55000000,62545.81000000,0.05981000,1709334152999,3740.79688730,8,0.05924000,3705.14577560,0
1709334153000,62545.81000000,62545.81000000,62545.81000000,62545.81000000,0.12691000,1709334153999,7937.68874710,3,0.00000000,0.00000000,0
1709334154000,62545.81000000,62545.82000000,62545.81000000,62545.82000000,0.00074000,1709334154999,46.28390330,2,0.00039000,24.39286980,0
1709334155000,62545.81000000,62550.00000000,62545.81000000,62550.00000000,0.12622000,1709334155999,7894.84079890,8,0.10205000,6383.01907740,0
1709334156000,62550.00000000,62550.00000000,62549.99000000,62549.99000000,0.05968000,1709334156999,3732.98344580,3,0.00426000,266.46300000,0
1709334157000,62550.00000000,62550.00000000,62549.99000000,62549.99000000,0.35045000,1709334157999,21920.64406490,6,0.00694000,434.09700000,0
1709334158000,62549.99000000,62550.00000000,62549.99000000,62549.99000000,0.50645000,1709334158999,31678.44247100,9,0.00355000,222.05250000,0
1709334159000,62549.99000000,62550.00000000,62549.99000000,62549.99000000,0.03657000,1709334159999,2287.45314720,5,0.00129000,80.68950000,0
1709334160000,62549.99000000,62550.00000000,62549.99000000,62550.00000000,0.00473000,1709334160999,295.86145460,4,0.00019000,11.88450000,0
1709334161000,62550.00000000,62550.00000000,62549.99000000,62549.99000000,0.02938000,1709334161999,1837.71873290,5,0.00267000,167.00850000,0
1709334162000,62549.99000000,62550.00000000,62549.99000000,62549.99000000,0.18347000,1709334162999,11476.04668920,6,0.00239000,149.49450000,0
1709334163000,62549.99000000,62550.00000000,62549.99000000,62550.00000000,0.05394000,1709334163999,3373.94667830,9,0.02177000,1361.71350000,0
1709334164000,62550.00000000,62550.00000000,62550.00000000,62550.00000000,0.03227000,1709334164999,2018.48850000,2,0.03227000,2018.48850000,0
1709334165000,62549.99000000,62549.99000000,62549.99000000,62549.99000000,0.00367000,1709334165999,229.55846330,4,0.00000000,0.00000000,0
1709334166000,62549.99000000,62549.99000000,62543.67000000,62543.67000000,3.07227000,1709334166999,192169.94045800,52,0.00125000,78.18395000,0
1709334167000,62543.64000000,62543.64000000,62528.55000000,62528.55000000,3.54708000,1709334167999,221817.19805240,35,3.01543000,188568.73595330,0
1709334168000,62528.54000000,62528.55000000,62527.12000000,62527.13000000,0.64297000,1709334168999,40203.70850020,13,0.13952000,8723.78588760,0
1709334169000,62527.12000000,62527.13000000,62527.12000000,62527.13000000,0.00041000,1709334169999,25.63612090,2,0.00017000,10.62961210,0
1709334170000,62527.12000000,62527.13000000,62527.12000000,62527.12000000,0.01950000,1709334170999,1219.27885550,6,0.00155000,96.91705150,0
1709334171000,62527.12000000,62527.13000000,62527.12000000,62527.13000000,0.00051000,1709334171999,31.88883400,2,0.00028000,17.50759640,0
1709334172000,62527.13000000,62527.13000000,62527.13000000,62527.13000000,0.00668000,1709334172999,417.68122840,2,0.00668000,417.68122840,0
1709334173000,62527.13000000,62527.13000000,62527.13000000,62527.13000000,0.00000000,1709334173999,0.00000000,0,0.00000000,0.00000000,0
1709334174000,62527.13000000,62527.13000000,62527.13000000,62527.13000000,0.00028000,1709334174999,17.50759640,1,0.00028000,17.50759640,0
1709334175000,62527.12000000,62527.13000000,62527.12000000,62527.13000000,0.51623000,1709334175999,32278.37891270,4,0.37551000,23479.56258630,0
1709334176000,62527.13000000,62527.13000000,62527.13000000,62527.13000000,0.00265000,1709334176999,165.69689450,1,0.00265000,165.69689450,0
1709334177000,62527.12000000,62527.12000000,62527.12000000,62527.12000000,0.00630000,1709334177999,393.92085600,4,0.00000000,0.00000000,0
1709334178000,62527.12000000,62527.12000000,62526.43000000,62526.43000000,0.68936000,1709334178999,43103.67290240,18,0.02228000,1393.08886040,0
1709334179000,62526.43000000,62526.43000000,62526.42000000,62526.43000000,0.03000000,1709334179999,1875.79278670,23,0.01867000,1167.36844810,0
1709334180000,62526.43000000,62526.43000000,62526.42000000,62526.42000000,0.03452000,1709334180999,2158.41217020,34,0.01518000,949.15120740,0
1709334181000,62526.43000000,62526.43000000,62526.43000000,62526.43000000,0.00495000,1709334181999,309.50582850,1,0.00495000,309.50582850,0
1709334182000,62526.43000000,62526.43000000,62521.13000000,62521.13000000,0.24722000,1709334182999,15457.76623650,26,0.00164000,102.54334520,0
1709334183000,62521.11000000,62521.11000000,62514.12000000,62514.12000000,0.55572000,1709334183999,34743.71057500,40,0.00059000,36.88745490,0
1709334184000,62514.13000000,62514.13000000,62507.05000000,62507.06000000,0.52852000,1709334184999,33038.24759590,46,0.01808000,1130.25433920,0
1709334185000,62507.06000000,62507.06000000,62507.05000000,62507.06000000,0.06826000,1709334185999,4266.73156250,6,0.03295000,2059.60762700,0
1709334186000,62507.05000000,62507.05000000,62504.27000000,62504.27000000,0.12546000,1709334186999,7842.12364760,13,0.00000000,0.00000000,0
1709334187000,62504.28000000,62504.28000000,62504.27000000,62504.27000000,0.00382000,1709334187999,238.76631850,5,0.00071000,44.37803880,0
1709334188000,62504.28000000,62504.28000000,62504.27000000,62504.28000000,0.62057000,1709334188999,38788.27489470,5,0.00608000,380.02602240,0
1709334189000,62504.27000000,62504.28000000,62504.27000000,62504.28000000,0.01950000,1709334189999,1218.83334490,2,0.00799000,499.40919720,0
1709334190000,62504.27000000,62507.06000000,62504.27000000,62507.06000000,4.00172000,1709334190999,250125.17228580,43,3.99426000,249658.89043160,0
1709334191000,62507.06000000,62507.06000000,62507.06000000,62507.06000000,0.00095000,1709334191999,59.38170700,1,0.00095000,59.38170700,0
1709334192000,62507.06000000,62507.06000000,62507.05000000,62507.06000000,0.00598000,1709334192999,373.79220220,4,0.00432000,270.03049920,0
1709334193000,62507.06000000,62507.06000000,62507.06000000,62507.06000000,0.03302000,1709334193999,2063.98312120,3,0.03302000,2063.98312120,0
1709334194000,62507.06000000,62516.00000000,62507.06000000,62516.00000000,1.40030000,1709334194999,87531.03326700,43,1.14148000,71350.65137560,0
1709334195000,62516.00000000,62516.00000000,62515.99000000,62516.00000000,0.02529000,1709334195999,1581.02952820,12,0.01411000,882.10076000,0
1709334196000,62516.00000000,62516.00000000,62515.99000000,62515.99000000,0.36624000,1709334196999,22895.85618090,5,0.00033000,20.63028000,0
1709334197000,62516.00000000,62525.37000000,62516.00000000,62525.37000000,0.21153000,1709334197999,13224.23975290,27,0.20982000,13117.32341670,0
1709334198000,62525.37000000,62525.37000000,62525.36000000,62525.37000000,0.02348000,1709334198999,1468.09562090,3,0.01681000,1051.05146970,0
1709334199000,62525.37000000,62525.37000000,62525.36000000,62525.36000000,0.04468000,1709334199999,2793.63325010,4,0.01653000,1033.54436610,0
1709334200000,62525.37000000,62525.37000000,62525.37000000,62525.37000000,0.01175000,1709334200999,734.67309750,2,0.01175000,734.67309750,0
1709334201000,62525.37000000,62525.37000000,62525.37000000,62525.37000000,0.00000000,1709334201999,0.00000000,0,0.00000000,0.00000000,0
1709334202000,62525.36000000,62525.36000000,62525.36000000,62525.36000000,0.00084000,1709334202999,52.52130240,2,0.00000000,0.00000000,0
1709334203000,62525.36000000,62525.37000000,62525.36000000,62525.36000000,0.00589000,1709334203999,368.27438710,3,0.00167000,104.41736790,0
1709334204000,62525.37000000,62525.37000000,62525.37000000,62525.37000000,0.00017000,1709334204999,10.62931290,1,0.00017000,10.62931290,0
1709334205000,62525.37000000,62525.37000000,62525.37000000,62525.37000000,0.00542000,1709334205999,338.88750540,4,0.00542000,338.88750540,0
1709334206000,62525.36000000,62525.37000000,62525.36000000,62525.36000000,0.52171000,1709334206999,32620.11056560,6,0.50000000,31262.68500000,0
1709334207000,62525.37000000,62525.37000000,62525.36000000,62525.37000000,0.00143000,1709334207999,89.41126990,4,0.00051000,31.88793870,0
1709334208000,62525.37000000,62525.37000000,62507.34000000,62507.35000000,6.78439000,1709334208999,424181.65392990,56,0.00198000,123.79536720,0
1709334209000,62507.35000000,62507.35000000,62507.34000000,62507.34000000,0.04180000,1709334209999,2612.80681950,7,0.00075000,46.88051250,0
1709334210000,62507.34000000,62507.35000000,62507.34000000,62507.35000000,0.04111000,1709334210999,2569.67675800,6,0.00106000,66.25779100,0
1709334211000,62507.35000000,62507.35000000,62507.34000000,62507.35000000,0.01048000,1709334211999,655.07702360,4,0.01004000,627.57379400,0
1709334212000,62507.35000000,62507.35000000,62502.01000000,62502.01000000,0.32059000,1709334212999,20039.20909950,29,0.03267000,2042.10124050,0
1709334213000,62502.00000000,62502.00000000,62500.00000000,62500.01000000,0.46091000,1709334213999,28807.63354300,19,0.06653000,4158.12566530,0
1709334214000,62500.01000000,62500.01000000,62500.00000000,62500.00000000,0.00559000,1709334214999,349.37504440,5,0.00444000,277.50004440,0
1709334215000,62500.00000000,62500.01000000,62500.00000000,62500.00000000,0.69002000,1709334215999,43126.25689270,6,0.68927000,43079.38189270,0
1709334216000,62500.01000000,62500.01000000,62500.00000000,62500.01000000,0.51810000,1709334216999,32381.25517100,13,0.51710000,32318.75517100,0
1709334217000,62500.01000000,62500.01000000,62500.00000000,62500.00000000,0.01927000,1709334217999,1204.37501680,10,0.00168000,105.00001680,0
1709334218000,62500.01000000,62500.01000000,62482.91000000,62482.91000000,0.77259000,1709334218999,48285.71543480,53,0.00196000,122.49848150,0
1709334219000,62482.91000000,62482.91000000,62481.10000000,62481.10000000,0.83662000,1709334219999,52274.09066730,49,0.02228000,1392.07913080,0
1709334220000,62481.10000000,62481.10000000,62481.03000000,62481.04000000,0.32265000,1709334220999,20159.50642620,31,0.14415000,9006.64191600,0
1709334221000,62481.04000000,62481.04000000,62476.00000000,62476.01000000,0.46378000,1709334221999,28975.75541190,51,0.03327000,2078.57982040,0
1709334222000,62476.00000000,62476.01000000,62476.00000000,62476.00000000,1.23327000,1709334222999,77049.77668860,14,0.01686000,1053.34552860,0
1709334223000,62476.01000000,62476.01000000,62476.01000000,62476.01000000,0.00029000,1709334223999,18.11804290,2,0.00029000,18.11804290,0
1709334224000,62476.01000000,62486.10000000,62476.01000000,62486.09000000,0.97324000,1709334224999,60808.23016560,41,0.94122000,58807.42556380,0
1709334225000,62486.10000000,62486.10000000,62486.09000000,62486.09000000,1.03179000,1709334225999,64472.52312130,5,0.03202000,2000.80492200,0
1709334226000,62486.10000000,62486.10000000,62486.09000000,62486.10000000,0.50019000,1709334226999,31254.91735900,4,0.00019000,11.87235900,0
1709334227000,62486.10000000,62486.10000000,62486.09000000,62486.10000000,0.10711000,1709334227999,6692.88512820,5,0.00283000,176.83566300,0
1709334228000,62486.10000000,62486.10000000,62486.10000000,62486.10000000,0.00039000,1709334228999,24.36957900,2,0.00039000,24.36957900,0
1709334229000,62486.10000000,62486.10000000,62486.09000000,62486.09000000,0.00063000,1709334229999,39.36624140,2,0.00047000,29.36846700,0
1709334230000,62486.09000000,62486.09000000,62486.09000000,62486.09000000,0.00321000,1709334230999,200.58034890,1,0.00000000,0.00000000,0
1709334231000,62486.10000000,62486.10000000,62477.25000000,62477.25000000,1.11730000,1709334231999,69813.49784010,34,0.08665000,5414.41874640,0
1709334232000,62476.00000000,62476.01000000,62476.00000000,62476.00000000,0.06606000,1709334232999,4127.16456090,3,0.00009000,5.62284090,0
1709334233000,62476.00000000,62476.00000000,62476.00000000,62476.00000000,0.56822000,1709334233999,35500.11272000,28,0.00000000,0.00000000,0
1709334234000,62476.01000000,62476.01000000,62476.00000000,62476.00000000,0.01211000,1709334234999,756.58443610,5,0.00761000,475.44243610,0
1709334235000,62476.01000000,62476.01000000,62476.01000000,62476.01000000,0.00069000,1709334235999,43.10844690,1,0.00069000,43.10844690,0
1709334236000,62476.00000000,62476.01000000,62476.00000000,62476.01000000,0.53599000,1709334236999,33486.51156830,10,0.03283000,2051.08740830,0
1709334237000,62476.01000000,62476.01000000,62476.00000000,62476.00000000,0.02755000,1709334237999,1721.21399270,7,0.01927000,1203.91271270,0
1709334238000,62476.01000000,62485.37000000,62476.01000000,62485.37000000,2.85580000,1709334238999,178421.62454260,37,2.85438000,178332.89533140,0
1709334239000,62485.37000000,62485.37000000,62485.36000000,62485.37000000,0.03276000,1709334239999,2047.02057460,34,0.01810000,1130.98519700,0
1709334240000,62485.37000000,62486.10000000,62485.36000000,62486.10000000,2.34778000,1709334240999,146703.40788010,62,2.33798000,146091.05135210,0
1709334241000,62486.10000000,62486.10000000,62486.09000000,62486.09000000,0.58114000,1709334241999,36313.17163090,15,0.52883000,33044.52426300,0
1709334242000,62486.10000000,62486.10000000,62486.09000000,62486.10000000,0.48617000,1709334242999,30378.86404450,8,0.16692000,10430.17981200,0
1709334243000,62486.09000000,62486.10000000,62486.09000000,62486.10000000,0.06396000,1709334243999,3996.61043680,9,0.01204000,752.33264400,0
1709334244000,62486.10000000,62486.10000000,62486.09000000,62486.09000000,0.67080000,1709334244999,41915.67084700,7,0.16750000,10466.42175000,0
1709334245000,62486.10000000,62486.10000000,62480.01000000,62480.01000000,0.54521000,1709334245999,34067.54471500,25,0.03201000,2000.18006100,0
1709334246000,62480.02000000,62480.02000000,62472.01000000,62472.01000000,0.99113000,1709334246999,61925.64166640,19,0.00045000,28.11600900,0
1709334247000,62471.69000000,62471.69000000,62471.68000000,62471.68000000,0.01541000,1709334247999,962.68861840,5,0.00296000,184.91620240,0
1709334248000,62471.69000000,62486.10000000,62471.69000000,62486.09000000,2.40555000,1709334248999,150280.64821870,31,2.32041000,144960.98451610,0
1709334249000,62486.10000000,62486.10000000,62486.09000000,62486.10000000,1.05597000,1709334249999,65983.44700850,22,1.05512000,65930.33383200,0
1709334250000,62486.10000000,62499.53000000,62486.10000000,62499.53000000,1.51516000,1709334250999,94677.30414790,26,1.51516000,94677.30414790,0
1709334251000,62501.09000000,62501.09000000,62501.09000000,62501.09000000,0.00033000,1709334251999,20.62535970,1,0.00033000,20.62535970,0
1709334252000,62501.08000000,62501.09000000,62501.08000000,62501.09000000,0.00666000,1709334252999,416.25723770,7,0.00449000,280.62989410,0
1709334253000,62501.08000000,62501.09000000,62494.74000000,62494.74000000,3.08565000,1709334253999,192855.81816300,36,0.00336000,210.00366240,0
1709334254000,62494.74000000,62494.74000000,62494.73000000,62494.74000000,0.15521000,1709334254999,9699.80822710,14,0.11299000,7061.28067260,0
1709334255000,62494.74000000,62501.08000000,62494.74000000,62501.07000000,0.15931000,1709334255999,9956.36438380,14,0.14231000,8893.84619380,0
1709334256000,62501.07000000,62501.07000000,62501.07000000,62501.07000000,0.00377000,1709334256999,235.62903390,2,0.00000000,0.00000000,0
1709334257000,62501.07000000,62501.08000000,62501.07000000,62501.07000000,0.03324000,1709334257999,2077.53558800,6,0.00212000,132.50228960,0
1709334258000,62501.07000000,62501.08000000,62501.07000000,62501.07000000,0.03711000,1709334258999,2319.41478580,3,0.00781000,488.13343480,0
1709334259000,62501.07000000,62501.07000000,62501.07000000,62501.07000000,0.03232000,1709334259999,2020.03458240,4,0.00000000,0.00000000,0
1709334260000,62501.07000000,62501.07000000,62501.07000000,62501.07000000,0.00398000,1709334260999,248.75425860,4,0.00000000,0.00000000,0
1709334261000,62501.07000000,62501.08000000,62501.07000000,62501.07000000,0.13275000,1709334261999,8297.01704440,5,0.00019000,11.87520520,0
1709334262000,62501.08000000,62501.08000000,62501.07000000,62501.08000000,0.59174000,1709334262999,36984.38883420,7,0.56724000,35453.11261920,0
1709334263000,62501.08000000,62501.08000000,62501.08000000,62501.08000000,0.00035000,1709334263999,21.87537800,2,0.00035000,21.87537800,0
1709334264000,62501.08000000,62501.08000000,62501.07000000,62501.07000000,0.00714000,1709334264999,446.25770790,3,0.00681000,425.63235480,0
1709334265000,62501.07000000,62501.07000000,62501.07000000,62501.07000000,0.01306000,1709334265999,816.26397420,1,0.00000000,0.00000000,0
1709334266000,62501.08000000,62501.08000000,62501.08000000,62501.08000000,0.00157000,1709334266999,98.12669560,3,0.00157000,98.12669560,0
1709334267000,62501.08000000,62501.08000000,62501.07000000,62501.07000000,0.08416000,1709334267999,5260.09014000,7,0.00888000,555.00959040,0
1709334268000,62501.07000000,62501.08000000,62501.07000000,62501.08000000,0.01549000,1709334268999,968.14165430,2,0.00800000,500.00864000,0
1709334269000,62501.07000000,62501.08000000,62501.07000000,62501.08000000,0.00953000,1709334269999,595.63529090,2,0.00938000,586.26013040,0
1709334270000,62501.07000000,62501.07000000,62499.77000000,62499.78000000,0.48837000,1709334270999,30523.25420700,21,0.00091000,56.87479980,0
1709334271000,62499.78000000,62499.78000000,62499.77000000,62499.77000000,0.00140000,1709334271999,87.49967970,3,0.00017000,10.62496260,0
1709334272000,62499.77000000,62499.78000000,62499.77000000,62499.77000000,0.04487000,1709334272999,2804.36470390,5,0.00240000,149.99947200,0
1709334273000,62499.78000000,62499.78000000,62499.77000000,62499.77000000,0.03817000,1709334273999,2385.61623300,4,0.00121000,75.62473380,0
1709334274000,62499.77000000,62499.78000000,62499.77000000,62499.77000000,0.00275000,1709334274999,171.87436840,4,0.00009000,5.62498020,0
1709334275000,62499.77000000,62499.78000000,62499.77000000,62499.78000000,0.04183000,1709334275999,2614.36560820,4,0.02291000,1431.86995980,0
1709334276000,62499.78000000,62499.78000000,62499.77000000,62499.78000000,0.03534000,1709334276999,2208.74222280,3,0.03510000,2193.74227800,0
1709334277000,62499.77000000,62499.77000000,62499.77000000,62499.77000000,0.00037000,1709334277999,23.12491490,1,0.00000000,0.00000000,0
1709334278000,62499.78000000,62499.78000000,62499.78000000,62499.78000000,0.01061000,1709334278999,663.12266580,2,0.01061000,663.12266580,0
1709334279000,62499.78000000,62499.78000000,62499.77000000,62499.77000000,0.30354000,1709334279999,18971.18021060,5,0.00248000,154.99945440,0
1709334280000,62499.78000000,62499.78000000,62499.77000000,62499.78000000,0.01295000,1709334280999,809.37214990,5,0.01284000,802.49717520,0
1709334281000,62499.78000000,62499.78000000,62499.77000000,62499.78000000,0.01941000,1709334281999,1213.12057550,6,0.00398000,248.74912440,0
1709334282000,62499.78000000,62499.78000000,62499.78000000,62499.78000000,0.00017000,1709334282999,10.62496260,1,0.00017000,10.62496260,0
1709334283000,62499.78000000,62499.78000000,62499.78000000,62499.78000000,0.00000000,1709334283999,0.00000000,0,0.00000000,0.00000000,0
1709334284000,62499.78000000,62499.78000000,62499.77000000,62499.77000000,0.00111000,1709334284999,69.37474560,2,0.00009000,5.62498020,0
1709334285000,62499.77000000,62499.77000000,62499.77000000,62499.77000000,0.00000000,1709334285999,0.00000000,0,0.00000000,0.00000000,0
1709334286000,62499.78000000,62509.99000000,62499.78000000,62509.99000000,3.01375000,1709334286999,188360.21477880,61,2.96434000,185271.83808330,0
1709334287000,62509.99000000,62509.99000000,62505.87000000,62505.87000000,0.82086000,1709334287999,51311.86362160,17,0.00000000,0.00000000,0
1709334288000,62504.31000000,62504.32000000,62504.31000000,62504.32000000,0.04300000,1709334288999,2687.68565000,4,0.03200000,2000.13824000,0
1709334289000,62504.31000000,62504.31000000,62500.01000000,62500.01000000,0.14427000,1709334289999,9017.34634670,5,0.03499000,2186.87534990,0
1709334290000,62500.01000000,62500.01000000,62500.00000000,62500.00000000,0.47347000,1709334290999,29591.87582430,7,0.08243000,5151.87582430,0
1709334291000,62500.00000000,62500.01000000,62500.00000000,62500.01000000,7.24907000,1709334291999,453066.87517630,57,0.01763000,1101.87517630,0
1709334292000,62500.01000000,62500.01000000,62500.01000000,62500.01000000,0.05835000,1709334292999,3646.87558350,1,0.05835000,3646.87558350,0
1709334293000,62500.00000000,62500.01000000,62500.00000000,62500.01000000,0.04208000,1709334293999,2630.00000130,4,0.00013000,8.12500130,0
1709334294000,62500.01000000,62500.21000000,62500.01000000,62500.21000000,0.11034000,1709334294999,6896.25513300,12,0.11034000,6896.25513300,0
1709334295000,62501.07000000,62501.08000000,62501.07000000,62501.07000000,0.01822000,1709334295999,1138.76965540,4,0.01600000,1000.01728000,0
1709334296000,62501.08000000,62501.46000000,62501.08000000,62501.46000000,0.09165000,1709334296999,5728.22404280,6,0.09165000,5728.22404280,0
1709334297000,62502.19000000,62502.19000000,62502.19000000,62502.19000000,0.04211000,1709334297999,2631.96722090,5,0.00000000,0.00000000,0
1709334298000,62502.19000000,62502.20000000,62502.19000000,62502.19000000,0.05896000,1709334298999,3685.12912700,11,0.00046000,28.75101200,0
1709334299000,62502.20000000,62509.75000000,62502.19000000,62509.74000000,1.91507000,1709334299999,119698.15746640,49,1.89181000,118244.19322050,0
1709334300000,62509.74000000,62509.99000000,62509.74000000,62509.99000000,0.87612000,1709334300999,54766.22712040,45,0.76900000,48070.17386440,0
1709334301000,62509.99000000,62519.12000000,62509.99000000,62519.12000000,0.43036000,1709334301999,26902.67567830,31,0.42535000,26589.45493720,0
1709334302000,62519.11000000,62519.11000000,62519.11000000,62519.11000000,0.00987000,1709334302999,617.06361570,3,0.00000000,0.00000000,0
1709334303000,62519.11000000,62519.11000000,62519.11000000,62519.11000000,0.00712000,1709334303999,445.13606320,1,0.00000000,0.00000000,0
1709334304000,62519.12000000,62519.12000000,62519.12000000,62519.12000000,0.00151000,1709334304999,94.40387120,1,0.00151000,94.40387120,0
1709334305000,62519.12000000,62519.12000000,62519.11000000,62519.11000000,0.02734000,1709334305999,1709.27249200,3,0.00246000,153.79703520,0
1709334306000,62519.11000000,62519.12000000,62519.11000000,62519.12000000,0.05681000,1709334306999,3551.71109030,4,0.04512000,2820.86269440,0
1709334307000,62519.11000000,62539.99000000,62519.11000000,62539.99000000,3.86794000,1709334307999,241851.25281010,59,3.86217000,241490.51128140,0
1709334308000,62540.00000000,62547.72000000,62540.00000000,62547.71000000,0.26173000,1709334308999,16369.62297920,22,0.22959000,14359.33957980,0
1709334309000,62547.71000000,62547.72000000,62547.71000000,62547.72000000,0.06544000,1709334309999,4093.12246240,6,0.03200000,2001.52704000,0
1709334310000,62547.72000000,62547.72000000,62547.71000000,62547.71000000,0.84297000,1709334310999,52725.85124990,10,0.81512000,50983.89752640,0
1709334311000,62547.71000000,62547.72000000,62547.71000000,62547.71000000,0.00251000,1709334311999,156.99475500,3,0.00029000,18.13883880,0
1709334312000,62547.71000000,62547.72000000,62547.71000000,62547.72000000,0.00389000,1709334312999,243.31060220,5,0.00103000,64.42415160,0
1709334313000,62547.72000000,62547.72000000,62547.72000000,62547.72000000,0.00010000,1709334313999,6.25477200,1,0.00010000,6.25477200,0
1709334314000,62547.71000000,62547.72000000,62547.71000000,62547.72000000,0.01110000,1709334314999,694.27958200,2,0.00010000,6.25477200,0
1709334315000,62547.71000000,62547.72000000,62547.71000000,62547.72000000,0.02926000,1709334315999,1830.14622290,3,0.02283000,1427.96444760,0
1709334316000,62547.72000000,62547.72000000,62547.71000000,62547.71000000,0.02046000,1709334316999,1279.72634690,5,0.02003000,1252.83083160,0
1709334317000,62547.71000000,62547.71000000,62547.71000000,62547.71000000,0.00167000,1709334317999,104.45467570,2,0.00000000,0.00000000,0
1709334318000,62547.72000000,62547.72000000,62547.71000000,62547.71000000,0.35798000,1709334318999,22390.83280450,8,0.35787000,22383.95255640,0
1709334319000,62547.72000000,62547.72000000,62547.72000000,62547.72000000,0.00177000,1709334319999,110.70946440,2,0.00177000,110.70946440,0
1709334320000,62547.72000000,62547.72000000,62547.71000000,62547.72000000,0.50076000,1709334320999,31321.39626360,4,0.50040000,31298.87908800,0
1709334321000,62547.71000000,62547.72000000,62547.71000000,62547.72000000,0.04184000,1709334321999,2616.99625130,7,0.00649000,405.93470280,0
1709334322000,62547.72000000,62547.72000000,62547.72000000,62547.72000000,0.00019000,1709334322999,11.88406680,1,0.00019000,11.88406680,0
1709334323000,62547.71000000,62547.72000000,62547.71000000,62547.72000000,0.01411000,1709334323999,882.54831100,3,0.01229000,768.71147880,0
1709334324000,62547.71000000,62547.71000000,62537.15000000,62537.15000000,1.80349000,1709334324999,112798.43060370,30,0.03200000,2001.28032000,0
1709334325000,62534.01000000,62534.01000000,62534.00000000,62534.01000000,0.27485000,1709334325999,17187.47262670,8,0.27267000,17051.14850670,0
1709334326000,62534.00000000,62534.00000000,62534.00000000,62534.00000000,0.03940000,1709334326999,2463.83960000,3,0.00000000,0.00000000,0
1709334327000,62534.00000000,62534.01000000,62534.00000000,62534.01000000,0.05367000,1709334327999,3356.20009880,10,0.03188000,1993.58423880,0
1709334328000,62534.00000000,62541.66000000,62534.00000000,62541.66000000,0.33374000,1709334328999,20871.18660030,22,0.20669000,12925.28297280,0
1709334329000,62541.65000000,62541.66000000,62541.65000000,62541.66000000,0.03768000,1709334329999,2356.56969100,6,0.03190000,1995.07895400,0
1709334330000,62541.66000000,62541.66000000,62541.66000000,62541.66000000,0.55530000,1709334330999,34729.38379800,5,0.55530000,34729.38379800,0
1709334331000,62541.65000000,62541.66000000,62541.65000000,62541.66000000,0.08491000,1709334331999,5310.41182150,4,0.03200000,2001.33312000,0
1709334332000,62541.65000000,62541.66000000,62541.65000000,62541.66000000,0.13133000,1709334332999,8213.59492590,11,0.00314000,196.38081240,0
1709334333000,62541.65000000,62541.65000000,62541.65000000,62541.65000000,0.00049000,1709334333999,30.64540850,1,0.00000000,0.00000000,0
1709334334000,62541.65000000,62541.66000000,62541.65000000,62541.66000000,0.00899000,1709334334999,562.24945190,5,0.00184000,115.07665440,0
1709334335000,62541.66000000,62541.66000000,62539.82000000,62539.82000000,0.38685000,1709334335999,24193.72416590,12,0.28009000,17516.77862540,0
1709334336000,62539.81000000,62539.82000000,62539.81000000,62539.82000000,0.01637000,1709334336999,1023.77678170,3,0.00920000,575.36634400,0
1709334337000,62539.82000000,62539.82000000,62539.81000000,62539.81000000,0.01472000,1709334337999,920.58611770,5,0.01145000,716.08093900,0
1709334338000,62539.82000000,62539.82000000,62539.81000000,62539.81000000,0.19942000,1709334338999,12471.68893910,7,0.00289000,180.74007980,0
1709334339000,62539.81000000,62539.81000000,62539.81000000,62539.81000000,0.00044000,1709334339999,27.51751640,1,0.00000000,0.00000000,0
1709334340000,62539.82000000,62545.51000000,62539.81000000,62545.51000000,1.79486000,1709334340999,112253.60767630,24,1.79226000,112091.00417030,0
1709334341000,62547.71000000,62547.72000000,62547.71000000,62547.72000000,0.03241000,1709334341999,2027.17160090,2,0.03198000,2000.27608560,0
1709334342000,62547.71000000,62547.72000000,62547.71000000,62547.71000000,0.02202000,1709334342999,1377.30073400,3,0.01598000,999.51256560,0
1709334343000,62547.71000000,62547.71000000,62547.71000000,62547.71000000,0.16110000,1709334343999,10076.43608100,2,0.00000000,0.00000000,0
1709334344000,62547.71000000,62547.72000000,62547.71000000,62547.71000000,0.03265000,1709334344999,2042.18274360,5,0.00121000,75.68274120,0
1709334345000,62547.72000000,62547.72000000,62547.71000000,62547.71000000,0.01220000,1709334345999,763.08206310,3,0.00011000,6.88024920,0
1709334346000,62547.72000000,62547.72000000,62547.71000000,62547.71000000,0.86754000,1709334346999,54262.64094620,13,0.06128000,3832.92428160,0
1709334347000,62547.72000000,62547.72000000,62547.71000000,62547.72000000,0.24769000,1709334347999,15492.44474280,8,0.24529000,15342.33023880,0
1709334348000,62547.72000000,62547.72000000,62547.71000000,62547.72000000,0.00287000,1709334348999,179.51193490,4,0.00072000,45.03435840,0
1709334349000,62547.71000000,62547.71000000,62547.71000000,62547.71000000,0.02423000,1709334349999,1515.53101330,3,0.00000000,0.00000000,0
1709334350000,62547.71000000,62547.72000000,62547.71000000,62547.72000000,0.50414000,1709334350999,31532.80751940,5,0.50000000,31273.86000000,0
1709334351000,62547.72000000,62547.72000000,62547.72000000,62547.72000000,0.34212000,1709334351999,21398.82596640,1,0.34212000,21398.82596640,0
1709334352000,62547.71000000,62547.72000000,62547.71000000,62547.72000000,0.00946000,1709334352999,591.70134120,2,0.00046000,28.77195120,0
1709334353000,62547.71000000,62547.72000000,62547.71000000,62547.72000000,0.04413000,1709334353999,2760.23051930,7,0.00770000,481.61744400,0
1709334354000,62547.71000000,62547.72000000,62547.71000000,62547.72000000,0.01334000,1709334354999,834.38656380,4,0.01124000,703.03637280,0
1709334355000,62547.71000000,62547.72000000,62547.71000000,62547.71000000,0.00347000,1709334355999,217.04055660,4,0.00029000,18.13883880,0
1709334356000,62547.71000000,62547.72000000,62547.71000000,62547.71000000,0.02463000,1709334356999,1540.55014270,14,0.00454000,283.96664880,0
1709334357000,62547.71000000,62547.72000000,62547.71000000,62547.71000000,0.03757000,1709334357999,2349.91746950,6,0.00048000,30.02290560,0
1709334358000,62547.72000000,62547.72000000,62547.71000000,62547.71000000,0.01456000,1709334358999,910.69477260,5,0.01150000,719.29878000,0
1709334359000,62547.72000000,62547.72000000,62547.71000000,62547.71000000,0.21205000,1709334359999,13263.24386160,40,0.19561000,12234.95950920,0
1709334360000,62547.72000000,62547.72000000,62547.71000000,62547.71000000,0.53916000,1709334360999,33723.22845870,39,0.51351000,32118.87969720,0
1709334361000,62547.72000000,62559.56000000,62547.72000000,62559.55000000,7.29110000,1709334361999,456044.09810930,116,7.24188000,452964.91705830,0
1709334362000,62559.55000000,62559.56000000,62559.55000000,62559.55000000,0.07838000,1709334362999,4903.41784880,6,0.03198000,2000.65472880,0
1709334363000,62559.56000000,62559.56000000,62559.55000000,62559.55000000,0.01738000,1709334363999,1087.28502490,4,0.00459000,287.14838040,0
1709334364000,62559.55000000,62559.56000000,62559.55000000,62559.55000000,0.01452000,1709334364999,908.36467400,5,0.00080000,50.04764800,0
1709334365000,62559.55000000,62559.56000000,62559.55000000,62559.56000000,0.00146000,1709334365999,91.33694460,2,0.00016000,10.00952960,0
1709334366000,62559.56000000,62559.56000000,62559.55000000,62559.56000000,0.01068000,1709334366999,668.13603260,6,0.00386000,241.47990160,0
1709334367000,62559.55000000,62559.55000000,62559.55000000,62559.55000000,0.00058000,1709334367999,36.28453900,1,0.00000000,0.00000000,0
1709334368000,62559.55000000,62559.56000000,62559.55000000,62559.55000000,0.20787000,1709334368999,13004.25407610,8,0.04176000,2612.48722560,0
1709334369000,62559.55000000,62559.56000000,62559.50000000,62559.50000000,1.37362000,1709334369999,85933.04867760,32,0.00066000,41.28930960,0
1709334370000,62559.50000000,62559.51000000,62559.50000000,62559.50000000,0.59464000,1709334370999,37200.38608350,14,0.50035000,31301.65082850,0
1709334371000,62559.51000000,62559.51000000,62559.50000000,62559.51000000,0.01302000,1709334371999,814.52481760,3,0.01276000,798.25934760,0
1709334372000,62559.50000000,62559.50000000,62549.65000000,62549.65000000,1.81508000,1709334372999,113540.49320420,33,0.03437000,2149.83181420,0
1709334373000,62549.65000000,62549.66000000,62549.65000000,62549.65000000,0.00404000,1709334373999,252.70061900,4,0.00330000,206.41387800,0
1709334374000,62549.65000000,62549.65000000,62547.65000000,62547.66000000,0.40497000,1709334374999,25330.71659950,61,0.00178000,111.33483480,0
1709334375000,62547.65000000,62547.66000000,62547.65000000,62547.65000000,0.00288000,1709334375999,180.13724250,4,0.00105000,65.67504300,0
1709334376000,62547.65000000,62547.66000000,62547.65000000,62547.66000000,0.00086000,1709334376999,53.79098390,2,0.00049000,30.64835340,0
1709334377000,62547.65000000,62547.65000000,62547.65000000,62547.65000000,0.00052000,1709334377999,32.52477800,1,0.00000000,0.00000000,0
1709334378000,62547.65000000,62547.66000000,62547.65000000,62547.66000000,0.03860000,1709334378999,2414.33929250,5,0.00025000,15.63691500,0
1709334379000,62547.65000000,62547.65000000,62541.10000000,62541.11000000,0.75320000,1709334379999,47110.68958070,53,0.00096000,60.03946560,0
1709334380000,62541.11000000,62541.11000000,62541.10000000,62541.10000000,0.51753000,1709334380999,32366.90048300,6,0.50000000,31270.55500000,0
1709334381000,62541.10000000,62541.10000000,62541.10000000,62541.10000000,0.00000000,1709334381999,0.00000000,0,0.00000000,0.00000000,0
1709334382000,62541.10000000,62541.11000000,62541.10000000,62541.10000000,0.00528000,1709334382999,330.21704730,5,0.00393000,245.78656230,0
1709334383000,62541.10000000,62541.11000000,62541.10000000,62541.11000000,0.02808000,1709334383999,1756.15410550,6,0.00175000,109.44694250,0
1709334384000,62541.10000000,62541.11000000,62541.10000000,62541.11000000,0.01780000,1709334384999,1113.23171530,5,0.01353000,846.18121830,0
1709334385000,62541.10000000,62541.11000000,62541.10000000,62541.10000000,0.06288000,1709334385999,3932.58487770,13,0.05097000,3187.72037670,0
1709334386000,62541.10000000,62541.10000000,62541.10000000,62541.10000000,0.00700000,1709334386999,437.78770000,1,0.00000000,0.00000000,0
1709334387000,62541.11000000,62541.11000000,62541.11000000,62541.11000000,0.01058000,1709334387999,661.68494380,2,0.01058000,661.68494380,0
1709334388000,62541.10000000,62541.10000000,62541.10000000,62541.10000000,0.00218000,1709334388999,136.33959800,3,0.00000000,0.00000000,0
1709334389000,62541.11000000,62541.11000000,62521.50000000,62521.85000000,7.73637000,1709334389999,483746.89804170,103,0.00239000,149.47325290,0
1709334390000,62521.10000000,62521.10000000,62519.12000000,62519.12000000,0.60253000,1709334390999,37669.71384780,21,0.50026000,31275.81997380,0
1709334391000,62519.12000000,62519.13000000,62519.12000000,62519.12000000,0.13029000,1709334391999,8145.61647000,10,0.03252000,2033.12210760,0
1709334392000,62519.13000000,62519.13000000,62519.12000000,62519.12000000,0.06408000,1709334392999,4006.22526490,10,0.00553000,345.73078890,0
1709334393000,62519.12000000,62519.13000000,62519.12000000,62519.12000000,0.01853000,1709334393999,1158.47932150,8,0.00317000,198.18563830,0
1709334394000,62519.11000000,62519.11000000,62518.16000000,62518.16000000,0.20901000,1709334394999,13067.09737140,30,0.00037000,23.13172660,0
1709334395000,62518.16000000,62518.17000000,62518.16000000,62518.17000000,0.09308000,1709334395999,5819.19041450,15,0.00817000,510.77344890,0
1709334396000,62518.16000000,62518.17000000,62518.16000000,62518.16000000,0.01592000,1709334396999,995.28912320,6,0.00160000,100.02907200,0
1709334397000,62518.16000000,62518.16000000,62518.16000000,62518.16000000,0.00000000,1709334397999,0.00000000,0,0.00000000,0.00000000,0
1709334398000,62518.16000000,62518.16000000,62518.16000000,62518.16000000,0.00050000,1709334398999,31.25908000,1,0.00000000,0.00000000,0
1709334399000,62518.17000000,62518.17000000,62516.01000000,62517.96000000,0.93247000,1709334399999,58294.47868880,39,0.92947000,58106.92883840,0
1709334400000,62518.16000000,62518.17000000,62518.16000000,62518.16000000,0.58017000,1709334400999,36271.16588830,7,0.50011000,31265.96199870,0
1709334401000,62518.17000000,62518.17000000,62518.16000000,62518.17000000,0.00751000,1709334401999,469.51143050,3,0.00489000,305.71385130,0
1709334402000,62518.16000000,62518.17000000,62518.16000000,62518.16000000,0.10585000,1709334402999,6617.54729170,4,0.00557000,348.22620690,0
1709334403000,62518.16000000,62519.90000000,62518.16000000,62519.90000000,1.11727000,1709334403999,69849.72159420,54,1.11712000,69840.34387020,0
1709334404000,62520.11000000,62520.12000000,62520.11000000,62520.12000000,0.00860000,1709334404999,537.67294750,4,0.00015000,9.37801800,0
1709334405000,62520.11000000,62520.12000000,62520.11000000,62520.12000000,0.13134000,1709334405999,8211.39224090,4,0.09935000,6211.37392200,0
1709334406000,62520.11000000,62520.12000000,62520.11000000,62520.11000000,0.07536000,1709334406999,4711.51549380,5,0.00042000,26.25845040,0
1709334407000,62520.11000000,62520.12000000,62520.11000000,62520.11000000,0.06944000,1709334407999,4341.39647130,8,0.00329000,205.69119480,0
1709334408000,62520.11000000,62520.12000000,62520.11000000,62520.11000000,0.45073000,1709334408999,28179.69356020,14,0.43799000,27383.18735880,0
1709334409000,62520.11000000,62520.12000000,62520.11000000,62520.11000000,0.00194000,1709334409999,121.28902340,3,0.00100000,62.52012000,0
1709334410000,62520.12000000,62520.12000000,62520.12000000,62520.12000000,0.00047000,1709334410999,29.38445640,1,0.00047000,29.38445640,0
1709334411000,62520.12000000,62520.12000000,62520.11000000,62520.11000000,0.06551000,1709334411999,4095.69304510,2,0.06390000,3995.03566800,0
1709334412000,62520.11000000,62520.12000000,62520.11000000,62520.12000000,0.00191000,1709334412999,119.41341240,2,0.00023000,14.37962760,0
1709334413000,62520.11000000,62520.12000000,62520.11000000,62520.11000000,0.04175000,1709334413999,2610.21490770,5,0.03152000,1970.63418240,0
1709334414000,62520.12000000,62520.12000000,62520.11000000,62520.12000000,0.00141000,1709334414999,88.15336090,5,0.00058000,36.26166960,0
1709334415000,62520.12000000,62520.12000000,62520.12000000,62520.12000000,0.00015000,1709334415999,9.37801800,1,0.00015000,9.37801800,0
1709334416000,62520.11000000,62520.12000000,62520.11000000,62520.12000000,0.01789000,1709334416999,1118.48487170,8,0.01038000,648.95884560,0
1709334417000,62520.11000000,62520.11000000,62520.11000000,62520.11000000,0.00021000,1709334417999,13.12922310,1,0.00000000,0.00000000,0
1709334418000,62520.11000000,62520.12000000,62520.11000000,62520.12000000,0.03367000,1709334418999,2105.05240380,4,0.03001000,1876.22880120,0
1709334419000,62520.11000000,62520.12000000,62520.11000000,62520.11000000,0.03556000,1709334419999,2223.21521390,28,0.01023000,639.58082760,0
1709334420000,62520.11000000,62520.12000000,62520.11000000,62520.12000000,0.03801000,1709334420999,2376.38962060,30,0.02395000,1497.35687400,0
1709334421000,62520.12000000,62520.12000000,62520.12000000,62520.12000000,0.17698000,1709334421999,11064.81083760,4,0.17698000,11064.81083760,0
1709334422000,62520.11000000,62520.11000000,62520.11000000,62520.11000000,0.04645000,1709334422999,2904.05910950,2,0.00000000,0.00000000,0
1709334423000,62520.11000000,62520.12000000,62520.11000000,62520.11000000,0.00724000,1709334423999,452.64566300,5,0.00666000,416.38399920,0
1709334424000,62520.11000000,62520.12000000,62520.11000000,62520.12000000,0.00208000,1709334424999,130.04184460,2,0.00158000,98.78178960,0
1709334425000,62520.12000000,62520.12000000,62513.07000000,62513.07000000,3.51827000,1709334425999,219962.32849840,57,0.02495000,1559.85136840,0
1709334426000,62513.08000000,62513.08000000,62513.07000000,62513.07000000,0.02875000,1709334426999,1797.25089740,2,0.01349000,843.30144920,0
1709334427000,62513.07000000,62513.07000000,62513.07000000,62513.07000000,0.00301000,1709334427999,188.16434070,2,0.00000000,0.00000000,0
1709334428000,62513.07000000,62513.08000000,62513.07000000,62513.07000000,0.00460000,1709334428999,287.56012990,6,0.00079000,49.38533320,0
1709334429000,62513.08000000,62513.08000000,62513.08000000,62513.08000000,0.00037000,1709334429999,23.12983960,1,0.00037000,23.12983960,0
1709334430000,62513.08000000,62513.08000000,62513.07000000,62513.07000000,0.00112000,1709334430999,70.01464650,2,0.00081000,50.63559480,0
1709334431000,62513.08000000,62513.08000000,62507.34000000,62507.34000000,1.40295000,1709334431999,87702.16229510,32,0.72953000,45605.16679440,0
1709334432000,62506.14000000,62506.15000000,62503.40000000,62503.40000000,0.10872000,1709334432999,6795.63789000,49,0.00750000,468.77995900,0
1709334433000,62503.40000000,62503.41000000,62503.40000000,62503.41000000,0.21918000,1709334433999,13699.49617160,6,0.09596000,5997.82722360,0
1709334434000,62503.41000000,62503.41000000,62503.40000000,62503.41000000,0.13326000,1709334434999,8329.20310940,5,0.00254000,158.75866140,0
1709334435000,62503.41000000,62503.41000000,62503.40000000,62503.40000000,0.00617000,1709334435999,385.64600040,5,0.00224000,140.00763840,0
1709334436000,62503.41000000,62503.41000000,62503.41000000,62503.41000000,0.00663000,1709334436999,414.39760830,1,0.00663000,414.39760830,0
1709334437000,62503.41000000,62503.41000000,62503.41000000,62503.41000000,0.00208000,1709334437999,130.00709280,1,0.00208000,130.00709280,0
1709334438000,62503.40000000,62503.41000000,62503.40000000,62503.41000000,0.30351000,1709334438999,18970.40981410,5,0.28801000,18001.60711410,0
1709334439000,62503.41000000,62503.41000000,62500.00000000,62500.00000000,1.45836000,1709334439999,91148.21977830,133,0.00159000,99.38042190,0
1709334440000,62500.00000000,62500.01000000,62500.00000000,62500.00000000,0.28874000,1709334440999,18046.25032000,62,0.03200000,2000.00032000,0
1709334441000,62500.00000000,62500.01000000,62500.00000000,62500.01000000,0.06900000,1709334441999,4312.50033480,26,0.03348000,2092.50033480,0
1709334442000,62500.00000000,62500.01000000,62500.00000000,62500.01000000,0.19577000,1709334442999,12235.62567060,6,0.06706000,4191.25067060,0
1709334443000,62500.00000000,62500.00000000,62500.00000000,62500.00000000,0.02105000,1709334443999,1315.62500000,4,0.00000000,0.00000000,0
1709334444000,62500.00000000,62500.01000000,62500.00000000,62500.00000000,0.06823000,1709334444999,4264.37504000,4,0.00400000,250.00004000,0
1709334445000,62500.00000000,62500.01000000,62500.00000000,62500.01000000,0.00214000,1709334445999,133.75000230,2,0.00023000,14.37500230,0
1709334446000,62500.00000000,62500.01000000,62500.00000000,62500.00000000,0.05780000,1709334446999,3612.50035400,5,0.03540000,2212.50035400,0
1709334447000,62500.01000000,62500.01000000,62500.00000000,62500.00000000,0.04321000,1709334447999,2700.62524680,5,0.02468000,1542.50024680,0
1709334448000,62500.01000000,62500.01000000,62500.00000000,62500.01000000,0.21385000,1709334448999,13365.62710450,3,0.21045000,13153.12710450,0
1709334449000,62500.00000000,62500.01000000,62500.00000000,62500.01000000,0.12942000,1709334449999,8088.75001740,5,0.00174000,108.75001740,0
1709334450000,62500.00000000,62500.01000000,62500.00000000,62500.00000000,0.16052000,1709334450999,10032.50000640,4,0.00064000,40.00000640,0
1709334451000,62500.00000000,62500.01000000,62500.00000000,62500.00000000,0.02598000,1709334451999,1623.75002310,4,0.00231000,144.37502310,0
1709334452000,62500.01000000,62500.01000000,62500.00000000,62500.01000000,0.00618000,1709334452999,386.25002660,4,0.00266000,166.25002660,0
1709334453000,62500.00000000,62500.00000000,62500.00000000,62500.00000000,0.05537000,1709334453999,3460.62500000,3,0.00000000,0.00000000,0
1709334454000,62500.01000000,62500.01000000,62500.00000000,62500.01000000,0.01169000,1709334454999,730.62506080,11,0.00608000,380.00006080,0
1709334455000,62500.01000000,62500.01000000,62500.00000000,62500.00000000,0.01276000,1709334455999,797.50011100,3,0.01110000,693.75011100,0
1709334456000,62500.01000000,62503.12000000,62499.78000000,62499.78000000,8.75638000,1709334456999,547291.63219290,135,1.39445000,87153.15416560,0
1709334457000,62499.79000000,62499.79000000,62492.96000000,62492.96000000,0.38179000,1709334457999,23861.67889080,66,0.01886000,1178.74603940,0
1709334458000,62492.97000000,62492.97000000,62491.10000000,62491.10000000,0.32928000,1709334458999,20577.62279160,28,0.04428000,2767.18871160,0
1709334459000,62490.99000000,62490.99000000,62488.80000000,62488.80000000,0.05048000,1709334459999,3154.51138920,19,0.00000000,0.00000000,0
1709334460000,62488.01000000,62488.01000000,62488.00000000,62488.00000000,0.04107000,1709334460999,2566.38256600,5,0.04060000,2537.01320600,0
1709334461000,62488.00000000,62488.01000000,62484.19000000,62484.19000000,0.27967000,1709334461999,17475.81072920,14,0.01467000,916.69798830,0
1709334462000,62484.20000000,62484.20000000,62484.19000000,62484.19000000,0.04110000,1709334462999,2568.10052900,3,0.03200000,1999.49440000,0
1709334463000,62484.19000000,62484.19000000,62484.19000000,62484.19000000,0.15207000,1709334463999,9501.97077330,2,0.00000000,0.00000000,0
1709334464000,62484.19000000,62484.19000000,62484.19000000,62484.19000000,0.09744000,1709334464999,6088.45947360,6,0.00000000,0.00000000,0
1709334465000,62484.20000000,62484.20000000,62484.19000000,62484.19000000,0.05320000,1709334465999,3324.15895830,4,0.00503000,314.29552600,0
1709334466000,62484.20000000,62484.20000000,62482.67000000,62482.67000000,0.04715000,1709334466999,2946.05923590,25,0.00126000,78.72939280,0
1709334467000,62482.67000000,62482.67000000,62482.67000000,62482.67000000,0.04549000,1709334467999,2842.33665830,6,0.00000000,0.00000000,0
1709334468000,62482.68000000,62482.68000000,62482.68000000,62482.68000000,0.01211000,1709334468999,756.66525480,6,0.01211000,756.66525480,0
1709334469000,62482.68000000,62482.68000000,62482.68000000,62482.68000000,0.00776000,1709334469999,484.86559680,3,0.00776000,484.86559680,0
1709334470000,62482.67000000,62482.67000000,62482.67000000,62482.67000000,0.00225000,1709334470999,140.58600750,1,0.00000000,0.00000000,0
1709334471000,62482.67000000,62482.68000000,62482.67000000,62482.68000000,1.03611000,1709334471999,64738.91934500,7,0.01313000,820.39758840,0
1709334472000,62482.68000000,62482.68000000,62482.67000000,62482.67000000,0.01056000,1709334472999,659.81709710,3,0.01019000,636.69850920,0
1709334473000,62482.68000000,62482.68000000,62482.67000000,62482.67000000,0.00253000,1709334473999,158.08116810,2,0.00130000,81.22748400,0
1709334474000,62482.67000000,62492.96000000,62482.67000000,62492.96000000,6.86994000,1709334474999,429259.07102790,85,6.81993000,426134.20959540,0
1709334475000,62492.97000000,62492.97000000,62492.96000000,62492.97000000,0.09845000,1709334475999,6152.43287960,10,0.09676000,6046.81977720,0
1709334476000,62492.97000000,62492.97000000,62492.96000000,62492.96000000,0.04957000,1709334476999,3097.77634980,5,0.03226000,2016.02321220,0
1709334477000,62492.97000000,62492.97000000,62492.96000000,62492.96000000,0.00505000,1709334477999,315.58947260,5,0.00246000,153.73270620,0
1709334478000,62492.96000000,62492.97000000,62492.96000000,62492.96000000,0.00182000,1709334478999,113.73720360,3,0.00164000,102.48847080,0
1709334479000,62492.97000000,62492.97000000,62492.96000000,62492.96000000,0.14305000,1709334479999,8939.61807020,31,0.01422000,888.65003340,0
1709334480000,62492.97000000,62492.97000000,62492.96000000,62492.96000000,0.05094000,1709334480999,3183.39167900,34,0.02966000,1853.54149020,0
1709334481000,62492.96000000,62492.97000000,62492.96000000,62492.97000000,0.00705000,1709334481999,440.57537500,3,0.00070000,43.74507900,0
1709334482000,62492.96000000,62492.96000000,62492.96000000,62492.96000000,0.00100000,1709334482999,62.49296000,1,0.00000000,0.00000000,0
1709334483000,62492.97000000,62492.97000000,62492.96000000,62492.96000000,0.00589000,1709334483999,368.08359250,2,0.00581000,363.08415570,0
1709334484000,62492.96000000,62492.96000000,62492.96000000,62492.96000000,0.17253000,1709334484999,10781.91038880,6,0.00000000,0.00000000,0
1709334485000,62492.96000000,62492.97000000,62492.96000000,62492.97000000,0.02572000,1709334485999,1607.31896460,6,0.00334000,208.72651980,0
1709334486000,62492.96000000,62492.96000000,62492.96000000,62492.96000000,0.03504000,1709334486999,2189.75331840,4,0.00000000,0.00000000,0
1709334487000,62492.96000000,62492.96000000,62492.96000000,62492.96000000,0.05988000,1709334487999,3742.07844480,9,0.00000000,0.00000000,0
1709334488000,62492.96000000,62492.97000000,62492.96000000,62492.96000000,0.03391000,1709334488999,2119.13627870,7,0.00051000,31.87141470,0
1709334489000,62492.96000000,62492.96000000,62486.43000000,62486.43000000,2.26953000,1709334489999,141820.60470790,39,0.03300000,2062.05375420,0
1709334490000,62486.43000000,62486.43000000,62486.42000000,62486.42000000,0.44006000,1709334490999,27497.77430530,6,0.03201000,2000.19062430,0
1709334491000,62486.42000000,62486.42000000,62475.00000000,62475.00000000,4.81817000,1709334491999,301045.81850080,54,0.00000000,0.00000000,0
1709334492000,62475.00000000,62475.01000000,62475.00000000,62475.00000000,0.04659000,1709334492999,2910.71057120,6,0.03212000,2006.69732120,0
1709334493000,62475.00000000,62475.01000000,62475.00000000,62475.01000000,0.00801000,1709334493999,500.42481100,3,0.00610000,381.09756100,0
1709334494000,62475.01000000,62475.01000000,62475.00000000,62475.01000000,0.09478000,1709334494999,5921.38134460,4,0.08446000,5276.63934460,0
1709334495000,62475.01000000,62475.01000000,62475.00000000,62475.00000000,0.02007000,1709334495999,1253.87327400,8,0.00240000,149.94002400,0
1709334496000,62475.01000000,62475.01000000,62475.00000000,62475.01000000,0.01261000,1709334496999,787.80987270,3,0.01227000,766.56837270,0
1709334497000,62475.01000000,62475.01000000,62472.00000000,62472.00000000,0.13022000,1709334497999,8135.48826230,12,0.00255000,159.31127550,0
1709334498000,62472.00000000,62472.01000000,62472.00000000,62472.01000000,0.00216000,1709334498999,134.93953500,4,0.00150000,93.70801500,0
1709334499000,62472.01000000,62472.01000000,62472.00000000,62472.01000000,0.04750000,1709334499999,2967.42045740,4,0.04574000,2857.46973740,0
1709334500000,62472.00000000,62472.00000000,62472.00000000,62472.00000000,0.00034000,1709334500999,21.24048000,1,0.00000000,0.00000000,0
1709334501000,62472.00000000,62472.01000000,62471.10000000,62471.10000000,0.53298000,1709334501999,33296.27070840,10,0.02648000,1654.25882480,0
1709334502000,62471.10000000,62471.10000000,62471.10000000,62471.10000000,0.02498000,1709334502999,1560.52807800,3,0.00000000,0.00000000,0
1709334503000,62471.10000000,62471.11000000,62471.10000000,62471.11000000,0.05202000,1709334503999,3249.74674050,9,0.01185000,740.28265350,0
1709334504000,62471.11000000,62471.11000000,62470.01000000,62470.01000000,0.65734000,1709334504999,41064.29183140,12,0.15902000,9933.98123220,0
1709334505000,62470.01000000,62470.01000000,62470.00000000,62470.00000000,0.14468000,1709334505999,9038.16024380,13,0.06438000,4021.81924380,0
1709334506000,62470.01000000,62470.01000000,62470.00000000,62470.01000000,0.04834000,1709334506999,3019.80028000,4,0.04800000,2998.56048000,0
1709334507000,62470.01000000,62470.01000000,62470.00000000,62470.01000000,0.03291000,1709334507999,2055.88802150,6,0.03215000,2008.41082150,0
1709334508000,62470.01000000,62470.01000000,62470.00000000,62470.01000000,0.40074000,1709334508999,25034.22838340,11,0.05834000,3644.50038340,0
1709334509000,62470.00000000,62480.55000000,62470.00000000,62480.54000000,7.76737000,1709334509999,485237.10872220,101,7.25763000,453388.30092360,0
1709334510000,62480.54000000,62480.54000000,62480.54000000,62480.54000000,0.00047000,1709334510999,29.36585380,2,0.00000000,0.00000000,0
1709334511000,62480.54000000,62480.54000000,62480.54000000,62480.54000000,0.00640000,1709334511999,399.87545600,1,0.00000000,0.00000000,0
1709334512000,62480.54000000,62480.54000000,62480.54000000,62480.54000000,0.00072000,1709334512999,44.98598880,2,0.00000000,0.00000000,0
1709334513000,62480.54000000,62480.54000000,62480.54000000,62480.54000000,0.00000000,1709334513999,0.00000000,0,0.00000000,0.00000000,0
1709334514000,62480.54000000,62480.54000000,62480.54000000,62480.54000000,0.00000000,1709334514999,0.00000000,0,0.00000000,0.00000000,0
1709334515000,62480.55000000,62483.80000000,62480.55000000,62483.80000000,1.13735000,1709334515999,71062.54069250,20,1.13735000,71062.54069250,0
1709334516000,62483.99000000,62483.99000000,62483.99000000,62483.99000000,0.04623000,1709334516999,2888.63485770,5,0.04623000,2888.63485770,0
1709334517000,62483.98000000,62483.99000000,62483.98000000,62483.98000000,0.00940000,1709334517999,587.34941800,4,0.00060000,37.49039400,0
1709334518000,62483.99000000,62483.99000000,62483.99000000,62483.99000000,0.00393000,1709334518999,245.56208070,4,0.00393000,245.56208070,0
1709334519000,62483.98000000,62483.99000000,62483.98000000,62483.99000000,0.00603000,1709334519999,376.77842060,5,0.00212000,132.46605880,0
1709334520000,62483.98000000,62483.99000000,62483.98000000,62483.98000000,0.02290000,1709334520999,1430.88314400,3,0.00020000,12.49679800,0
1709334521000,62483.98000000,62483.99000000,62483.98000000,62483.98000000,0.00677000,1709334521999,423.01656090,3,0.00163000,101.84890370,0
1709334522000,62483.98000000,62483.99000000,62483.98000000,62483.98000000,0.02761000,1709334522999,1725.18269140,4,0.00036000,22.49423640,0
1709334523000,62483.98000000,62483.98000000,62483.98000000,62483.98000000,0.00114000,1709334523999,71.23173720,2,0.00000000,0.00000000,0
1709334524000,62483.99000000,62483.99000000,62483.49000000,62483.49000000,0.36915000,1709334524999,23065.95837070,20,0.00537000,335.53663630,0
1709334525000,62483.48000000,62483.48000000,62480.55000000,62480.56000000,0.32919000,1709334525999,20568.82728330,17,0.02981000,1862.54549360,0
1709334526000,62480.56000000,62480.56000000,62480.55000000,62480.55000000,0.01661000,1709334526999,1037.80210070,3,0.01652000,1032.17885120,0
1709334527000,62480.55000000,62480.55000000,62480.55000000,62480.55000000,0.03765000,1709334527999,2352.39270750,7,0.00000000,0.00000000,0
1709334528000,62480.54000000,62480.54000000,62480.54000000,62480.54000000,0.00100000,1709334528999,62.48054000,1,0.00000000,0.00000000,0
1709334529000,62480.54000000,62480.55000000,62480.54000000,62480.55000000,0.03609000,1709334529999,2254.92300870,4,0.03201000,2000.00240550,0
1709334530000,62480.55000000,62480.55000000,62480.54000000,62480.54000000,0.03773000,1709334530999,2357.39077770,3,0.00035000,21.86819250,0
1709334531000,62480.55000000,62480.55000000,62469.85000000,62469.86000000,1.36273000,1709334531999,85135.94645630,136,0.02070000,1293.17634500,0
1709334532000,62469.86000000,62469.86000000,62469.85000000,62469.85000000,0.05887000,1709334532999,3677.60031680,6,0.02473000,1544.87963780,0
1709334533000,62469.85000000,62469.86000000,62469.85000000,62469.86000000,0.08915000,1709334533999,5569.18739710,12,0.02696000,1684.18742560,0
1709334534000,62469.85000000,62469.86000000,62469.85000000,62469.85000000,0.06444000,1709334534999,4025.55717060,4,0.00366000,228.63968760,0
1709334535000,62469.85000000,62469.85000000,62469.64000000,62469.64000000,0.01059000,1709334535999,661.55488830,8,0.00000000,0.00000000,0
1709334536000,62469.65000000,62469.65000000,62469.64000000,62469.64000000,0.24520000,1709334536999,15317.55672800,4,0.10000000,6246.96500000,0
1709334537000,62469.64000000,62469.64000000,62467.48000000,62467.48000000,0.16274000,1709334537999,10166.30569280,8,0.00163000,101.82199240,0
1709334538000,62467.48000000,62467.48000000,62467.47000000,62467.48000000,0.00653000,1709334538999,407.91260300,3,0.00239000,149.29727720,0
1709334539000,62467.47000000,62467.48000000,62467.47000000,62467.47000000,0.03664000,1709334539999,2288.80830090,33,0.02001000,1249.97427480,0
1709334540000,62467.48000000,62467.48000000,62467.47000000,62467.48000000,0.04131000,1709334540999,2580.53138360,31,0.01979000,1236.23142920,0
1709334541000,62467.48000000,62467.48000000,62467.47000000,62467.47000000,0.01280000,1709334541999,799.58372340,3,0.01074000,670.90073520,0
1709334542000,62467.48000000,62467.48000000,62467.47000000,62467.48000000,0.03040000,1709334542999,1899.01139080,4,0.03028000,1891.51529440,0
1709334543000,62467.47000000,62467.48000000,62467.47000000,62467.48000000,0.00120000,1709334543999,74.96097230,2,0.00083000,51.84800840,0
1709334544000,62467.48000000,62467.48000000,62467.48000000,62467.48000000,0.00016000,1709334544999,9.99479680,1,0.00016000,9.99479680,0
1709334545000,62467.48000000,62467.48000000,62464.69000000,62464.70000000,0.33307000,1709334545999,20805.38254710,38,0.03274000,2045.18496160,0
1709334546000,62464.70000000,62464.70000000,62464.69000000,62464.69000000,0.01259000,1709334546999,786.43052750,8,0.00804000,502.21618800,0
1709334547000,62464.69000000,62464.69000000,62463.50000000,62463.50000000,0.08109000,1709334547999,5065.25340120,19,0.00053000,33.10566030,0
1709334548000,62463.50000000,62463.50000000,62463.50000000,62463.50000000,0.09606000,1709334548999,6000.24381000,4,0.00000000,0.00000000,0
1709334549000,62463.35000000,62463.35000000,62461.13000000,62461.13000000,0.16912000,1709334549999,10563.50662840,21,0.12177000,7605.89545320,0
1709334550000,62461.11000000,62461.11000000,62461.10000000,62461.10000000,0.03712000,1709334550999,2318.55605970,9,0.00277000,173.01727470,0
1709334551000,62460.75000000,62460.75000000,62460.74000000,62460.75000000,0.00689000,1709334551999,430.35453010,5,0.00315000,196.75136250,0
1709334552000,62460.74000000,62460.74000000,62460.04000000,62460.04000000,0.36158000,1709334552999,22584.45351320,8,0.00000000,0.00000000,0
1709334553000,62460.04000000,62460.05000000,62460.04000000,62460.05000000,0.00234000,1709334553999,146.15651610,2,0.00225000,140.53511250,0
1709334554000,62460.04000000,62460.05000000,62460.04000000,62460.04000000,0.00514000,1709334554999,321.04462160,3,0.00160000,99.93608000,0
1709334555000,62460.05000000,62460.05000000,62460.04000000,62460.04000000,0.00401000,1709334555999,250.46479300,2,0.00326000,203.61976300,0
1709334556000,62460.05000000,62460.05000000,62460.05000000,62460.05000000,0.00014000,1709334556999,8.74440700,1,0.00014000,8.74440700,0
1709334557000,62460.05000000,62460.05000000,62460.04000000,62460.04000000,0.01918000,1709334557999,1197.98373720,4,0.01700000,1061.82085000,0
1709334558000,62460.04000000,62460.05000000,62460.04000000,62460.05000000,0.00815000,1709334558999,509.04932760,2,0.00016000,9.99360800,0
1709334559000,62460.04000000,62460.05000000,62460.04000000,62460.04000000,0.02210000,1709334559999,1380.36701300,4,0.01290000,805.73464500,0
1709334560000,62460.04000000,62460.04000000,62460.04000000,62460.04000000,0.00000000,1709334560999,0.00000000,0,0.00000000,0.00000000,0
1709334561000,62460.05000000,62460.05000000,62460.04000000,62460.04000000,0.00488000,1709334561999,304.80499620,2,0.00010000,6.24600500,0
1709334562000,62460.04000000,62460.05000000,62460.01000000,62460.01000000,0.03754000,1709334562999,2344.74993710,15,0.00400000,249.84020000,0
1709334563000,62460.00000000,62460.01000000,62460.00000000,62460.00000000,0.00230000,1709334563999,143.65800190,4,0.00019000,11.86740190,0
1709334564000,62460.01000000,62460.01000000,62460.00000000,62460.01000000,0.34337000,1709334564999,21446.89362970,6,0.34297000,21421.90962970,0
1709334565000,62460.00000000,62460.01000000,62460.00000000,62460.01000000,0.02045000,1709334565999,1277.30701840,9,0.00184000,114.92641840,0
1709334566000,62460.00000000,62460.01000000,62460.00000000,62460.00000000,0.00774000,1709334566999,483.44040150,3,0.00015000,9.36900150,0
1709334567000,62460.00000000,62460.00000000,62460.00000000,62460.00000000,0.00000000,1709334567999,0.00000000,0,0.00000000,0.00000000,0
1709334568000,62460.00000000,62460.00000000,62460.00000000,62460.00000000,0.00098000,1709334568999,61.21080000,3,0.00000000,0.00000000,0
1709334569000,62460.01000000,62460.01000000,62460.01000000,62460.01000000,0.00449000,1709334569999,280.44544490,1,0.00449000,280.44544490,0
1709334570000,62460.01000000,62467.53000000,62460.01000000,62467.53000000,0.94814000,1709334570999,59223.33774970,54,0.93125000,58168.26133690,0
1709334571000,62467.52000000,62467.53000000,62467.52000000,62467.53000000,0.01361000,1709334571999,850.18307430,6,0.01271000,793.96230630,0
1709334572000,62467.52000000,62467.53000000,62467.52000000,62467.53000000,0.01223000,1709334572999,763.97777210,4,0.00025000,15.61688250,0
1709334573000,62467.52000000,62467.53000000,62467.52000000,62467.52000000,0.12678000,1709334573999,7919.63222980,12,0.00442000,276.10648260,0
1709334574000,62467.52000000,62467.53000000,62467.52000000,62467.52000000,0.01610000,1709334574999,1005.72708450,5,0.00125000,78.08441250,0
1709334575000,62467.53000000,62467.53000000,62467.53000000,62467.53000000,0.00449000,1709334575999,280.47920970,1,0.00449000,280.47920970,0
1709334576000,62467.52000000,62467.53000000,62467.52000000,62467.52000000,0.00709000,1709334576999,442.89471980,4,0.00030000,18.74025900,0
1709334577000,62467.52000000,62467.52000000,62467.52000000,62467.52000000,0.00841000,1709334577999,525.35184320,2,0.00000000,0.00000000,0
1709334578000,62467.52000000,62467.53000000,62467.52000000,62467.53000000,0.01702000,1709334578999,1063.19735790,3,0.01675000,1046.33112750,0
1709334579000,62467.53000000,62467.53000000,62467.52000000,62467.52000000,0.01096000,1709334579999,684.64412360,3,0.01044000,652.16101320,0
1709334580000,62467.52000000,62467.53000000,62467.52000000,62467.53000000,0.00560000,1709334580999,349.81811680,2,0.00048000,29.98441440,0
1709334581000,62467.52000000,62467.52000000,62467.52000000,62467.52000000,0.03158000,1709334581999,1972.72428160,5,0.00000000,0.00000000,0
1709334582000,62467.53000000,62467.53000000,62467.53000000,62467.53000000,0.05013000,1709334582999,3131.49727890,4,0.05013000,3131.49727890,0
1709334583000,62467.53000000,62467.53000000,62467.52000000,62467.52000000,0.04875000,1709334583999,3045.29176690,5,0.01669000,1042.58307570,0
1709334584000,62467.52000000,62467.53000000,62467.52000000,62467.52000000,0.11895000,1709334584999,7430.51182410,5,0.03201000,1999.58563530,0
1709334585000,62467.53000000,62467.53000000,62467.52000000,62467.52000000,0.00495000,1709334585999,309.21422730,2,0.00033000,20.61428490,0
1709334586000,62467.53000000,62467.53000000,62467.52000000,62467.53000000,0.00698000,1709334586999,436.02332190,3,0.00323000,201.77012190,0
1709334587000,62467.53000000,62467.53000000,62467.52000000,62467.52000000,0.04420000,1709334587999,2761.06466470,5,0.02807000,1753.46356710,0
1709334588000,62467.52000000,62467.52000000,62467.52000000,62467.52000000,0.06043000,1709334588999,3774.91223360,1,0.00000000,0.00000000,0
1709334589000,62467.52000000,62467.53000000,62467.52000000,62467.52000000,0.03530000,1709334589999,2205.10345900,3,0.00030000,18.74025900,0
1709334590000,62467.52000000,62467.53000000,62467.52000000,62467.52000000,0.03278000,1709334590999,2047.68537150,13,0.00659000,411.66102270,0
1709334591000,62467.53000000,62467.53000000,62467.52000000,62467.52000000,0.01090000,1709334591999,680.89605450,6,0.00865000,540.34413450,0
1709334592000,62467.53000000,62472.48000000,62467.53000000,62472.48000000,3.89178000,1709334592999,243110.45147910,119,3.89118000,243072.96978630,0
1709334593000,62472.53000000,62472.54000000,62472.53000000,62472.53000000,0.06773000,1709334593999,4231.26445860,7,0.00017000,10.62033180,0
1709334594000,62472.54000000,62472.54000000,62472.54000000,62472.54000000,0.01110000,1709334594999,693.44519400,2,0.01110000,693.44519400,0
1709334595000,62472.54000000,62472.54000000,62472.54000000,62472.54000000,0.01584000,1709334595999,989.56503360,1,0.01584000,989.56503360,0
1709334596000,62472.54000000,62472.54000000,62472.53000000,62472.53000000,0.02257000,1709334596999,1410.00500310,8,0.00010000,6.24725400,0
1709334597000,62472.53000000,62481.09000000,62472.53000000,62481.09000000,0.38586000,1709334597999,24105.86005740,55,0.37800000,23614.81666100,0
1709334598000,62481.10000000,62481.10000000,62481.09000000,62481.09000000,0.13316000,1709334598999,8319.98295160,7,0.10072000,6293.09639200,0
1709334599000,62481.09000000,62481.10000000,62481.09000000,62481.09000000,0.02980000,1709334599999,1861.93662370,26,0.01417000,885.35718700,0
1709334600000,62481.09000000,62481.10000000,62481.09000000,62481.10000000,0.19601000,1709334600999,12246.92023310,38,0.17822000,11135.38164200,0
1709334601000,62481.13000000,62481.13000000,62481.13000000,62481.13000000,0.00611000,1709334601999,381.75970430,3,0.00000000,0.00000000,0
1709334602000,62481.14000000,62481.14000000,62481.13000000,62481.13000000,0.54045000,1709334602999,33767.93174350,9,0.50350000,31459.25399000,0
1709334603000,62481.89000000,62488.06000000,62481.89000000,62488.06000000,1.23117000,1709334603999,76931.00500910,45,1.22749000,76701.07165390,0
1709334604000,62486.40000000,62499.77000000,62486.40000000,62499.77000000,0.37658000,1709334604999,23532.94446030,70,0.35283000,22048.57492280,0
1709334605000,62499.77000000,62499.78000000,62499.77000000,62499.77000000,0.04731000,1709334605999,2956.86423320,5,0.01145000,715.62248100,0
1709334606000,62499.78000000,62499.78000000,62499.77000000,62499.77000000,0.02245000,1709334606999,1403.11986110,7,0.00246000,153.74945880,0
1709334607000,62499.77000000,62499.78000000,62499.77000000,62499.78000000,0.31454000,1709334607999,19658.68053680,7,0.28810000,18006.18661800,0
1709334608000,62499.78000000,62499.78000000,62499.77000000,62499.78000000,0.03566000,1709334608999,2228.74213460,3,0.03364000,2102.49259920,0
1709334609000,62499.78000000,62499.78000000,62499.78000000,62499.78000000,0.00050000,1709334609999,31.24989000,1,0.00050000,31.24989000,0
1709334610000,62499.78000000,62499.78000000,62499.77000000,62499.78000000,0.02156000,1709334610999,1347.49516030,11,0.01191000,744.37237980,0
1709334611000,62499.78000000,62499.78000000,62499.78000000,62499.78000000,0.02934000,1709334611999,1833.74354520,2,0.02934000,1833.74354520,0
1709334612000,62499.78000000,62500.00000000,62499.78000000,62499.99000000,0.38164000,1709334612999,23852.47731170,15,0.38023000,23764.35232580,0
1709334613000,62500.00000000,62509.69000000,62500.00000000,62509.69000000,0.52978000,1709334613999,33111.56806850,21,0.52625000,32890.91499310,0
1709334614000,62509.69000000,62516.41000000,62509.69000000,62516.41000000,0.10064000,1709334614999,6291.15165670,20,0.09473000,5921.67973270,0
1709334615000,62516.40000000,62516.92000000,62516.40000000,62516.92000000,0.72756000,1709334615999,45484.44097780,9,0.72310000,45205.61607100,0
1709334616000,62516.92000000,62516.93000000,62516.92000000,62516.93000000,0.00755000,1709334616999,472.00275870,4,0.00127000,79.39650110,0
1709334617000,62516.92000000,62516.93000000,62516.92000000,62516.93000000,0.03229000,1709334617999,2018.67166680,2,0.03200000,2000.54176000,0
1709334618000,62516.92000000,62516.93000000,62516.92000000,62516.93000000,0.23381000,1709334618999,14617.08337750,4,0.23123000,14455.78972390,0
1709334619000,62516.92000000,62516.92000000,62516.92000000,62516.92000000,0.00782000,1709334619999,488.88231440,2,0.00000000,0.00000000,0
1709334620000,62516.92000000,62516.93000000,62516.92000000,62516.92000000,0.01726000,1709334620999,1079.04204160,4,0.00024000,15.00406320,0
1709334621000,62516.93000000,62516.93000000,62516.92000000,62516.93000000,0.01579000,1709334621999,987.14223750,5,0.00707000,441.99469510,0
1709334622000,62516.92000000,62516.93000000,62516.92000000,62516.92000000,0.00967000,1709334622999,604.53870730,3,0.00909000,568.27889370,0
1709334623000,62516.93000000,62516.93000000,62516.92000000,62516.93000000,0.77264000,1709334623999,48303.08074840,11,0.76796000,48010.50156280,0
1709334624000,62516.93000000,62516.93000000,62516.92000000,62516.92000000,0.03237000,1709334624999,2023.67270420,3,0.00038000,23.75643340,0
1709334625000,62516.92000000,62516.92000000,62513.08000000,62513.09000000,0.73716000,1709334625999,46084.21904570,35,0.19520000,12202.55516800,0
1709334626000,62513.09000000,62513.09000000,62513.08000000,62513.08000000,0.00303000,1709334626999,189.41465270,4,0.00203000,126.90157270,0
1709334627000,62513.08000000,62513.09000000,62513.08000000,62513.09000000,0.16338000,1709334627999,10213.38708720,11,0.00768000,480.10053120,0
1709334628000,62513.08000000,62513.09000000,62513.08000000,62513.09000000,0.02188000,1709334628999,1367.78621560,8,0.00252000,157.53298680,0
1709334629000,62513.08000000,62513.08000000,62504.00000000,62504.00000000,0.54350000,1709334629999,33974.73156380,20,0.01350000,843.80413500,0
1709334630000,62504.00000000,62504.00000000,62504.00000000,62504.00000000,0.00399000,1709334630999,249.39096000,3,0.00000000,0.00000000,0
1709334631000,62504.00000000,62504.01000000,62504.00000000,62504.00000000,1.00857000,1709334631999,63039.66926010,13,0.99801000,62379.62702010,0
1709334632000,62504.01000000,62504.01000000,62504.00000000,62504.01000000,0.01043000,1709334632999,651.91682080,3,0.01008000,630.04042080,0
1709334633000,62504.01000000,62504.01000000,62504.01000000,62504.01000000,0.50160000,1709334633999,31352.01141600,3,0.50160000,31352.01141600,0
1709334634000,62504.01000000,62504.01000000,62504.00000000,62504.01000000,0.04883000,1709334634999,3052.07068240,9,0.03624000,2265.14532240,0
1709334635000,62504.00000000,62504.00000000,62501.11000000,62501.11000000,0.79049000,1709334635999,49408.74065330,15,0.00083000,51.87592130,0
1709334636000,62501.10000000,62519.35000000,62501.10000000,62519.35000000,8.38128000,1709334636999,523887.14585060,87,8.35246000,522085.45028830,0
1709334637000,62519.35000000,62519.35000000,62519.35000000,62519.35000000,0.00637000,1709334637999,398.24825950,1,0.00000000,0.00000000,0
1709334638000,62519.35000000,62519.35000000,62519.35000000,62519.35000000,0.12747000,1709334638999,7969.34154450,13,0.00000000,0.00000000,0
1709334639000,62519.35000000,62519.36000000,62519.35000000,62519.36000000,0.03095000,1709334639999,1934.97399450,4,0.01120000,700.21683200,0
1709334640000,62519.35000000,62519.36000000,62519.35000000,62519.35000000,0.02257000,1709334640999,1411.06173390,4,0.00044000,27.50851840,0
1709334641000,62519.35000000,62519.35000000,62519.35000000,62519.35000000,0.11644000,1709334641999,7279.75311400,4,0.00000000,0.00000000,0
1709334642000,62519.36000000,62519.36000000,62519.36000000,62519.36000000,0.01612000,1709334642999,1007.81208320,3,0.01612000,1007.81208320,0
1709334643000,62519.36000000,62519.36000000,62519.35000000,62519.35000000,0.50544000,1709334643999,31599.78528310,12,0.50191000,31379.09197760,0
1709334644000,62519.35000000,62519.36000000,62519.35000000,62519.36000000,0.04114000,1709334644999,2572.04646660,4,0.04076000,2548.28911360,0
1709334645000,62519.36000000,62525.79000000,62519.36000000,62525.78000000,0.14845000,1709334645999,9281.32995160,23,0.11209000,7007.89259080,0
1709334646000,62525.78000000,62525.79000000,62525.78000000,62525.78000000,0.00251000,1709334646999,156.93972600,4,0.00182000,113.79693780,0
1709334647000,62525.78000000,62525.78000000,62525.78000000,62525.78000000,0.00332000,1709334647999,207.58558960,2,0.00000000,0.00000000,0
1709334648000,62525.78000000,62525.78000000,62525.78000000,62525.78000000,0.00000000,1709334648999,0.00000000,0,0.00000000,0.00000000,0
1709334649000,62525.79000000,62525.79000000,62525.78000000,62525.78000000,0.35684000,1709334649999,22311.70271730,9,0.33821000,21146.84743590,0
1709334650000,62525.78000000,62525.78000000,62525.78000000,62525.78000000,0.00368000,1709334650999,230.09487040,5,0.00000000,0.00000000,0
1709334651000,62525.79000000,62525.79000000,62525.78000000,62525.78000000,0.02546000,1709334651999,1591.90640280,3,0.00440000,275.11347600,0
1709334652000,62525.79000000,62525.79000000,62525.78000000,62525.78000000,0.02384000,1709334652999,1490.61475510,2,0.01599000,999.78738210,0
1709334653000,62525.78000000,62525.79000000,62525.78000000,62525.79000000,0.57230000,1709334653999,35783.50960300,17,0.57090000,35695.97351100,0
1709334654000,62525.78000000,62525.78000000,62525.78000000,62525.78000000,0.00079000,1709334654999,49.39536620,2,0.00000000,0.00000000,0
1709334655000,62525.78000000,62525.79000000,62525.78000000,62525.78000000,0.01773000,1709334655999,1108.58210010,3,0.00207000,129.42838530,0
1709334656000,62525.79000000,62525.79000000,62525.78000000,62525.78000000,0.00067000,1709334656999,41.89227470,3,0.00021000,13.13041590,0
1709334657000,62525.79000000,62525.79000000,62525.78000000,62525.79000000,0.24228000,1709334657999,15148.74625680,7,0.02784000,1740.71799360,0
1709334658000,62525.78000000,62525.78000000,62525.78000000,62525.78000000,0.01063000,1709334658999,664.64904140,2,0.00000000,0.00000000,0
1709334659000,62525.78000000,62525.78000000,62521.67000000,62521.68000000,0.37540000,1709334659999,23471.99594220,50,0.02830000,1769.36354400,0
1709334660000,62521.68000000,62521.68000000,62521.67000000,62521.68000000,0.01957000,1709334660999,1223.54917460,20,0.00927000,579.57597360,0
1709334661000,62521.67000000,62521.68000000,62521.67000000,62521.68000000,0.01530000,1709334661999,956.58155200,4,0.00010000,6.25216800,0
1709334662000,62521.68000000,62521.68000000,62521.67000000,62521.68000000,0.03038000,1709334662999,1899.40862840,4,0.02938000,1836.88695840,0
1709334663000,62521.68000000,62521.68000000,62521.67000000,62521.68000000,0.50293000,1709334663999,31444.02849950,4,0.50064000,31300.85387520,0
1709334664000,62521.67000000,62521.67000000,62519.17000000,62519.17000000,1.10537000,1709334664999,69108.84078560,37,0.09067000,5668.61405060,0
1709334665000,62519.18000000,62519.18000000,62519.17000000,62519.17000000,0.36594000,1709334665999,22878.26841410,5,0.33443000,20908.28936740,0
1709334666000,62519.17000000,62519.17000000,62519.17000000,62519.17000000,0.00000000,1709334666999,0.00000000,0,0.00000000,0.00000000,0
1709334667000,62519.17000000,62519.17000000,62519.17000000,62519.17000000,0.00000000,1709334667999,0.00000000,0,0.00000000,0.00000000,0
1709334668000,62519.18000000,62519.18000000,62519.18000000,62519.18000000,0.00511000,1709334668999,319.47300980,3,0.00511000,319.47300980,0
1709334669000,62519.17000000,62519.17000000,62519.17000000,62519.17000000,0.00158000,1709334669999,98.78028860,1,0.00000000,0.00000000,0
1709334670000,62519.18000000,62519.18000000,62519.17000000,62519.17000000,0.42108000,1709334670999,26325.57620200,13,0.40984000,25622.86073120,0
1709334671000,62519.17000000,62519.18000000,62519.17000000,62519.18000000,0.06022000,1709334671999,3764.90450280,3,0.00854000,533.91379720,0
1709334672000,62519.17000000,62519.23000000,62519.17000000,62519.23000000,0.09671000,1709334672999,6046.23027940,7,0.04454000,2784.60491470,0
1709334673000,62519.24000000,62525.78000000,62519.24000000,62525.78000000,0.52512000,1709334673999,32830.78544190,22,0.52397000,32758.88174020,0
1709334674000,62525.78000000,62525.79000000,62525.78000000,62525.79000000,0.04225000,1709334674999,2641.71448650,6,0.02815000,1760.10098850,0
1709334675000,62525.79000000,62525.79000000,62525.79000000,62525.79000000,0.00159000,1709334675999,99.41600610,1,0.00159000,99.41600610,0
1709334676000,62525.78000000,62525.78000000,62525.78000000,62525.78000000,0.00012000,1709334676999,7.50309360,1,0.00000000,0.00000000,0
1709334677000,62525.78000000,62525.79000000,62525.78000000,62525.79000000,0.00124000,1709334677999,77.53197190,2,0.00047000,29.38712130,0
1709334678000,62525.79000000,62525.79000000,62525.78000000,62525.78000000,0.00885000,1709334678999,553.35316900,3,0.00160000,100.04126400,0
1709334679000,62525.79000000,62525.79000000,62525.78000000,62525.78000000,0.06251000,1709334679999,3908.48712570,5,0.06179000,3863.46856410,0
1709334680000,62525.79000000,62525.79000000,62525.79000000,62525.79000000,0.00330000,1709334680999,206.33510700,4,0.00330000,206.33510700,0
1709334681000,62525.78000000,62525.79000000,62525.78000000,62525.79000000,0.35906000,1709334681999,22450.50985680,9,0.32900000,20570.98491000,0
1709334682000,62525.79000000,62525.79000000,62525.78000000,62525.79000000,0.01873000,1709334682999,1171.10802540,5,0.01660000,1037.92811400,0
1709334683000,62525.79000000,62525.79000000,62525.78000000,62525.79000000,0.50675000,1709334683999,31684.94407630,10,0.50613000,31646.17809270,0
1709334684000,62525.78000000,62525.79000000,62525.78000000,62525.79000000,0.00121000,1709334684999,75.65619890,3,0.00051000,31.88815290,0
1709334685000,62525.78000000,62525.79000000,62525.78000000,62525.78000000,0.02241000,1709334685999,1401.20273100,4,0.00012000,7.50309480,0
1709334686000,62525.78000000,62525.78000000,62525.78000000,62525.78000000,0.00000000,1709334686999,0.00000000,0,0.00000000,0.00000000,0
1709334687000,62525.79000000,62525.79000000,62525.79000000,62525.79000000,0.00024000,1709334687999,15.00618960,1,0.00024000,15.00618960,0
1709334688000,62525.79000000,62525.79000000,62525.78000000,62525.78000000,0.34246000,1709334688999,21412.58204000,6,0.34212000,21391.32327480,0
1709334689000,62525.78000000,62525.78000000,62525.78000000,62525.78000000,0.00121000,1709334689999,75.65619380,1,0.00000000,0.00000000,0
1709334690000,62525.79000000,62541.09000000,62525.79000000,62541.09000000,3.64414000,1709334690999,227863.05042990,89,3.63901000,227542.24077900,0
1709334691000,62541.10000000,62545.43000000,62541.10000000,62545.42000000,0.03563000,1709334691999,2228.35444020,10,0.03342000,2090.12906200,0
1709334692000,62545.43000000,62545.43000000,62545.42000000,62545.42000000,0.01809000,1709334692999,1131.44668330,6,0.00355000,222.03627650,0
1709334693000,62545.42000000,62545.43000000,62545.42000000,62545.43000000,0.50100000,1709334693999,31335.26042150,5,0.50015000,31282.09681450,0
1709334694000,62545.42000000,62545.42000000,62545.42000000,62545.42000000,0.02324000,1709334694999,1453.55556080,3,0.00000000,0.00000000,0
1709334695000,62545.42000000,62545.42000000,62545.42000000,62545.42000000,0.00168000,1709334695999,105.07630560,2,0.00000000,0.00000000,0
1709334696000,62545.42000000,62545.42000000,62545.42000000,62545.42000000,0.03245000,1709334696999,2029.59887900,2,0.00000000,0.00000000,0
1709334697000,62545.43000000,62545.43000000,62545.42000000,62545.42000000,0.00455000,1709334697999,284.58170270,2,0.00417000,260.81444310,0
1709334698000,62545.43000000,62545.43000000,62545.43000000,62545.43000000,0.00567000,1709334698999,354.63258810,1,0.00567000,354.63258810,0
1709334699000,62545.42000000,62545.43000000,62545.42000000,62545.43000000,0.02051000,1709334699999,1282.80659650,4,0.00323000,202.02173890,0
1709334700000,62545.42000000,62545.43000000,62545.42000000,62545.43000000,0.42013000,1709334700999,26277.21145550,10,0.41509000,25961.98253870,0
1709334701000,62545.43000000,62545.43000000,62545.42000000,62545.43000000,0.04913000,1709334701999,3072.85693680,8,0.04522000,2828.30434460,0
1709334702000,62545.43000000,62545.43000000,62545.42000000,62545.43000000,0.06188000,1709334702999,3870.31093310,3,0.03435000,2148.43552050,0
1709334703000,62545.42000000,62545.43000000,62545.42000000,62545.42000000,0.77326000,1709334703999,48363.87866530,13,0.71961000,45008.31688230,0
1709334704000,62545.42000000,62545.43000000,62545.42000000,62545.42000000,0.00887000,1709334704999,554.77787640,6,0.00010000,6.25454300,0
1709334705000,62545.42000000,62545.43000000,62545.42000000,62545.42000000,0.01850000,1709334705999,1157.09028810,5,0.00181000,113.20722830,0
1709334706000,62545.42000000,62545.42000000,62545.42000000,62545.42000000,0.00000000,1709334706999,0.00000000,0,0.00000000,0.00000000,0
1709334707000,62545.43000000,62545.43000000,62545.43000000,62545.43000000,0.23807000,1709334707999,14890.19052010,6,0.23807000,14890.19052010,0
1709334708000,62545.43000000,62545.43000000,62545.43000000,62545.43000000,0.11298000,1709334708999,7066.38268140,2,0.11298000,7066.38268140,0
1709334709000,62545.43000000,62545.43000000,62545.42000000,62545.42000000,0.01117000,1709334709999,698.63235140,6,0.00100000,62.54543000,0
1709334710000,62545.42000000,62545.42000000,62545.42000000,62545.42000000,0.00000000,1709334710999,0.00000000,0,0.00000000,0.00000000,0
1709334711000,62545.42000000,62545.43000000,62545.42000000,62545.43000000,0.01956000,1709334711999,1223.38860840,4,0.01932000,1208.37770760,0
1709334712000,62545.42000000,62545.42000000,62545.42000000,62545.42000000,0.00032000,1709334712999,20.01453440,1,0.00000000,0.00000000,0
1709334713000,62545.43000000,62545.43000000,62545.42000000,62545.43000000,0.64110000,1709334713999,40097.87397820,17,0.52162000,32624.94719660,0
1709334714000,62545.42000000,62545.43000000,62545.42000000,62545.43000000,0.12679000,1709334714999,7930.13490550,5,0.11037000,6903.13910910,0
1709334715000,62545.43000000,62545.43000000,62545.42000000,62545.42000000,0.03069000,1709334715999,1919.51915300,3,0.02132000,1333.46856760,0
1709334716000,62545.42000000,62545.43000000,62545.42000000,62545.42000000,0.07435000,1709334716999,4650.25197890,7,0.00019000,11.88363170,0
1709334717000,62545.42000000,62545.43000000,62545.42000000,62545.43000000,0.00241000,1709334717999,150.73446440,2,0.00022000,13.75999460,0
1709334718000,62545.43000000,62545.43000000,62545.42000000,62545.42000000,0.34664000,1709334718999,21680.74778590,10,0.33971000,21247.30802530,0
1709334719000,62545.42000000,62545.42000000,62544.55000000,62544.55000000,1.80155000,1709334719999,112678.62560370,77,0.01205000,753.66194800,0
1709334720000,62544.55000000,62544.56000000,62544.55000000,62544.55000000,0.06508000,1709334720999,4070.39955540,32,0.02414000,1509.82567840,0
1709334721000,62544.56000000,62544.56000000,62544.55000000,62544.56000000,0.15565000,1709334721999,9735.05976250,6,0.05550000,3471.22308000,0
1709334722000,62544.56000000,62544.56000000,62544.56000000,62544.56000000,0.00116000,1709334722999,72.55168960,4,0.00116000,72.55168960,0
1709334723000,62544.56000000,62544.56000000,62544.55000000,62544.55000000,0.78695000,1709334723999,49219.44147550,14,0.78530000,49116.24296800,0
1709334724000,62544.56000000,62544.56000000,62544.56000000,62544.56000000,0.00050000,1709334724999,31.27228000,2,0.00050000,31.27228000,0
1709334725000,62544.56000000,62544.56000000,62544.55000000,62544.56000000,0.70554000,1709334725999,44127.68685900,18,0.50520000,31597.51171200,0
1709334726000,62544.55000000,62544.56000000,62544.55000000,62544.56000000,0.00251000,1709334726999,156.98682370,2,0.00032000,20.01425920,0
1709334727000,62544.56000000,62544.56000000,62544.56000000,62544.56000000,0.52863000,1709334727999,33062.93075280,14,0.52863000,33062.93075280,0
1709334728000,62544.56000000,62544.56000000,62544.55000000,62544.56000000,0.04879000,1709334728999,3051.54907400,31,0.04795000,2999.01165200,0
1709334729000,62544.56000000,62551.00000000,62544.56000000,62550.99000000,2.31409000,1709334729999,144735.82239710,92,2.26146000,141443.80158340,0
1709334730000,62550.99000000,62550.99000000,62550.99000000,62550.99000000,0.00259000,1709334730999,162.00706410,3,0.00000000,0.00000000,0
1709334731000,62550.99000000,62550.99000000,62550.99000000,62550.99000000,0.00419000,1709334731999,262.08864810,2,0.00000000,0.00000000,0
1709334732000,62551.00000000,62551.00000000,62550.99000000,62550.99000000,0.30187000,1709334732999,18882.26773980,7,0.03885000,2430.10635000,0
1709334733000,62551.00000000,62551.31000000,62551.00000000,62551.31000000,0.51666000,1709334733999,32317.64518520,9,0.51666000,32317.64518520,0
1709334734000,62551.31000000,62553.72000000,62551.30000000,62553.72000000,0.05219000,1709334734999,3264.60881420,7,0.02748000,1718.90999880,0
1709334735000,62553.72000000,62553.72000000,62553.72000000,62553.72000000,0.00078000,1709334735999,48.79190160,1,0.00000000,0.00000000,0
1709334736000,62553.73000000,62553.73000000,62553.72000000,62553.73000000,0.03330000,1709334736999,2083.03913750,6,0.02615000,1635.78003950,0
1709334737000,62553.72000000,62553.73000000,62553.72000000,62553.73000000,0.00833000,1709334737999,521.07252090,3,0.00333000,208.30392090,0
1709334738000,62553.73000000,62555.05000000,62553.73000000,62555.05000000,0.97300000,1709334738999,60865.03053690,18,0.96733000,60510.34346010,0
1709334739000,62555.05000000,62563.20000000,62555.05000000,62563.20000000,0.31171000,1709334739999,19500.00038360,24,0.31137000,19478.72961300,0
1709334740000,62564.92000000,62566.00000000,62564.92000000,62565.99000000,0.08871000,1709334740999,5550.22939680,10,0.08451000,5287.45223880,0
1709334741000,62565.99000000,62566.00000000,62565.99000000,62566.00000000,0.00084000,1709334741999,52.55543320,2,0.00016000,10.01056000,0
1709334742000,62566.00000000,62566.00000000,62565.99000000,62565.99000000,0.02299000,1709334742999,1438.39224180,4,0.01317000,823.99422000,0
1709334743000,62565.99000000,62570.05000000,62565.99000000,62570.05000000,0.98145000,1709334743999,61406.05734100,25,0.89616000,56069.69205790,0
1709334744000,62571.10000000,62571.10000000,62571.09000000,62571.09000000,0.06460000,1709334744999,4042.09247880,7,0.00648000,405.46072800,0
1709334745000,62571.09000000,62571.10000000,62571.09000000,62571.10000000,0.60713000,1709334745999,37988.78621980,17,0.03481000,2178.09999100,0
1709334746000,62571.09000000,62573.52000000,62571.09000000,62573.52000000,0.16941000,1709334746999,10600.24891220,12,0.11549000,7226.41573940,0
1709334747000,62573.51000000,62573.51000000,62573.51000000,62573.51000000,0.07352000,1709334747999,4600.40445520,13,0.00000000,0.00000000,0
1709334748000,62573.51000000,62573.51000000,62573.51000000,62573.51000000,0.85129000,1709334748999,53268.20332790,3,0.00000000,0.00000000,0
1709334749000,62573.51000000,62573.52000000,62573.51000000,62573.52000000,0.03734000,1709334749999,2336.49494460,6,0.00812000,508.09698240,0
1709334750000,62573.52000000,62573.52000000,62573.52000000,62573.52000000,0.00000000,1709334750999,0.00000000,0,0.00000000,0.00000000,0
1709334751000,62573.51000000,62573.51000000,62573.51000000,62573.51000000,0.00286000,1709334751999,178.96023860,2,0.00000000,0.00000000,0
1709334752000,62573.52000000,62573.52000000,62573.52000000,62573.52000000,0.00305000,1709334752999,190.84923600,5,0.00305000,190.84923600,0
1709334753000,62573.52000000,62573.52000000,62573.51000000,62573.51000000,0.55521000,1709334753999,34741.44388530,15,0.53982000,33778.43756640,0
1709334754000,62573.51000000,62573.51000000,62573.51000000,62573.51000000,0.00000000,1709334754999,0.00000000,0,0.00000000,0.00000000,0
1709334755000,62573.51000000,62573.52000000,62573.51000000,62573.51000000,0.24933000,1709334755999,15601.45325980,5,0.00115000,71.95954800,0
1709334756000,62573.52000000,62573.52000000,62573.52000000,62573.52000000,0.00907000,1709334756999,567.54182640,3,0.00907000,567.54182640,0
1709334757000,62573.52000000,62573.52000000,62573.51000000,62573.52000000,0.06938000,1709334757999,4341.35073930,3,0.06155000,3851.40015600,0
1709334758000,62573.52000000,62573.52000000,62573.52000000,62573.52000000,0.00207000,1709334758999,129.52718640,9,0.00207000,129.52718640,0
1709334759000,62573.52000000,62573.52000000,62573.52000000,62573.52000000,0.00176000,1709334759999,110.12939520,2,0.00176000,110.12939520,0
1709334760000,62573.52000000,62573.52000000,62573.51000000,62573.51000000,0.00383000,1709334760999,239.65655100,4,0.00077000,48.18161040,0
1709334761000,62573.52000000,62573.57000000,62573.52000000,62573.57000000,0.50785000,1709334761999,31777.96292950,13,0.50465000,31577.72750550,0
1709334762000,62573.57000000,62577.99000000,62573.57000000,62577.98000000,0.07423000,1709334762999,4645.10345490,12,0.01325000,829.10171840,0
1709334763000,62577.98000000,62578.00000000,62577.98000000,62578.00000000,0.55003000,1709334763999,34419.77309240,9,0.51743000,32379.73093810,0
1709334764000,62577.99000000,62578.00000000,62577.99000000,62577.99000000,0.04788000,1709334764999,2996.23428500,8,0.01238000,774.71564000,0
1709334765000,62578.00000000,62578.00000000,62578.00000000,62578.00000000,0.00175000,1709334765999,109.51150000,2,0.00175000,109.51150000,0
1709334766000,62577.99000000,62577.99000000,62577.99000000,62577.99000000,0.00068000,1709334766999,42.55303320,1,0.00000000,0.00000000,0
1709334767000,62577.99000000,62580.70000000,62577.99000000,62580.70000000,1.26524000,1709334767999,79176.52162590,21,1.25976000,78833.59424070,0
1709334768000,62581.10000000,62589.39000000,62581.10000000,62589.38000000,0.12822000,1709334768999,8024.60450550,20,0.11296000,7069.54433720,0
1709334769000,62589.99000000,62589.99000000,62589.99000000,62589.99000000,0.03737000,1709334769999,2338.98792630,10,0.00000000,0.00000000,0
1709334770000,62590.00000000,62594.77000000,62590.00000000,62594.76000000,0.15835000,1709334770999,9911.50856630,18,0.13180000,8249.62474790,0
1709334771000,62594.76000000,62594.76000000,62589.99000000,62590.00000000,4.92138000,1709334771999,308051.38813670,65,0.06375000,3990.11250000,0
1709334772000,62590.00000000,62590.00000000,62589.99000000,62590.00000000,0.44326000,1709334772999,27743.64338050,6,0.44131000,27621.59290000,0
1709334773000,62590.00000000,62590.00000000,62589.99000000,62589.99000000,1.15244000,1709334773999,72131.21320920,13,0.51336000,32131.20240000,0
1709334774000,62589.99000000,62589.99000000,62589.99000000,62589.99000000,0.05339000,1709334774999,3341.67956610,5,0.00000000,0.00000000,0
1709334775000,62589.99000000,62594.77000000,62589.99000000,62594.77000000,2.89490000,1709334775999,181192.42715650,36,2.88961000,180861.32610940,0
1709334776000,62594.76000000,62594.76000000,62594.76000000,62594.76000000,0.28516000,1709334776999,17849.52176160,10,0.00000000,0.00000000,0
1709334777000,62594.76000000,62594.76000000,62594.76000000,62594.76000000,0.00701000,1709334777999,438.78926760,1,0.00000000,0.00000000,0
1709334778000,62594.76000000,62594.77000000,62591.60000000,62594.77000000,8.77114000,1709334778999,549014.63127360,87,6.37900000,399279.40952960,0
1709334779000,62594.77000000,62600.00000000,62594.77000000,62599.99000000,0.98101000,1709334779999,61409.03157500,96,0.52544000,32890.35413070,0
1709334780000,62600.00000000,62600.00000000,62599.99000000,62600.00000000,0.04767000,1709334780999,2984.14184240,29,0.03191000,1997.56600000,0
1709334781000,62599.99000000,62599.99000000,62599.99000000,62599.99000000,0.00174000,1709334781999,108.92398260,1,0.00000000,0.00000000,0
1709334782000,62600.00000000,62600.00000000,62599.99000000,62599.99000000,0.16114000,1709334782999,10087.36366980,11,0.12812000,8020.31200000,0
1709334783000,62599.99000000,62600.00000000,62599.99000000,62599.99000000,0.52306000,1709334783999,32743.55586530,14,0.50959000,31900.33400000,0
1709334784000,62599.99000000,62600.04000000,62599.99000000,62600.04000000,0.68487000,1709334784999,42872.86233570,13,0.68427000,42835.30234170,0
1709334785000,62600.50000000,62600.50000000,62600.50000000,62600.50000000,0.07710000,1709334785999,4826.49855000,7,0.00000000,0.00000000,0
1709334786000,62600.50000000,62600.50000000,62600.50000000,62600.50000000,0.00569000,1709334786999,356.19684500,2,0.00000000,0.00000000,0
1709334787000,62600.50000000,62600.50000000,62600.50000000,62600.50000000,0.00281000,1709334787999,175.90740500,3,0.00000000,0.00000000,0
1709334788000,62600.51000000,62600.51000000,62600.50000000,62600.50000000,0.00402000,1709334788999,251.65401160,2,0.00016000,10.01608160,0
1709334789000,62600.50000000,62600.50000000,62600.50000000,62600.50000000,0.07403000,1709334789999,4634.31501500,3,0.00000000,0.00000000,0
1709334790000,62600.50000000,62605.50000000,62600.50000000,62605.49000000,1.52427000,1709334790999,95420.14714210,40,1.51525000,94855.48344650,0
1709334791000,62605.49000000,62609.99000000,62605.49000000,62609.99000000,0.05533000,1709334791999,3464.06574970,15,0.04914000,3076.53705030,0
1709334792000,62609.99000000,62610.38000000,62609.99000000,62610.38000000,0.23138000,1709334792999,14486.76687940,17,0.22156000,13871.93502200,0
1709334793000,62610.37000000,62617.31000000,62610.37000000,62617.31000000,0.57750000,1709334793999,36157.86529400,56,0.53560000,33534.35065700,0
1709334794000,62617.32000000,62617.32000000,62617.31000000,62617.31000000,0.01167000,1709334794999,730.74401360,12,0.00059000,36.94421880,0
1709334795000,62617.31000000,62621.09000000,62617.31000000,62621.09000000,0.23738000,1709334795999,14864.25578030,42,0.22252000,13933.72855190,0
1709334796000,62621.10000000,62625.99000000,62621.10000000,62625.99000000,0.10630000,1709334796999,6656.71034090,57,0.10279000,6436.89734720,0
1709334797000,62625.99000000,62626.00000000,62625.99000000,62626.00000000,0.03478000,1709334797999,2178.13193490,5,0.00027000,16.90902000,0
1709334798000,62625.99000000,62626.00000000,62625.99000000,62625.99000000,0.12284000,1709334798999,7692.97725190,40,0.06403000,4009.94278000,0
1709334799000,62625.99000000,62626.00000000,62625.99000000,62625.99000000,0.03120000,1709334799999,1953.93088940,4,0.00014000,8.76764000,0
1709334800000,62625.99000000,62625.99000000,62625.99000000,62625.99000000,0.00036000,1709334800999,22.54535640,1,0.00000000,0.00000000,0
1709334801000,62625.99000000,62625.99000000,62625.99000000,62625.99000000,0.02405000,1709334801999,1506.15505950,3,0.00000000,0.00000000,0
1709334802000,62625.99000000,62625.99000000,62625.99000000,62625.99000000,0.00089000,1709334802999,55.73713110,2,0.00000000,0.00000000,0
1709334803000,62625.99000000,62626.00000000,62625.99000000,62626.00000000,0.51360000,1709334803999,32164.71351590,10,0.50519000,31638.02894000,0
1709334804000,62625.99000000,62626.00000000,62625.99000000,62626.00000000,0.01294000,1709334804999,810.38042750,2,0.01169000,732.09794000,0
1709334805000,62625.99000000,62637.50000000,62625.99000000,62637.50000000,9.48402000,1709334805999,594003.54592610,139,9.47339000,593337.83165240,0
1709334806000,62636.92000000,62646.06000000,62636.92000000,62639.37000000,0.58949000,1709334806999,36925.46950410,83,0.46877000,29363.64475770,0
1709334807000,62639.38000000,62639.38000000,62639.37000000,62639.37000000,0.20218000,1709334807999,12664.42783630,7,0.00097000,60.76019860,0
1709334808000,62639.37000000,62639.38000000,62639.37000000,62639.37000000,0.82407000,1709334808999,51619.22595530,22,0.03194000,2000.70179720,0
1709334809000,62639.37000000,62639.38000000,62639.37000000,62639.37000000,0.58873000,1709334809999,36877.67661950,26,0.03194000,2000.70179720,0
1709334810000,62639.37000000,62639.37000000,62639.37000000,62639.37000000,0.20258000,1709334810999,12689.48357460,9,0.00000000,0.00000000,0
1709334811000,62639.38000000,62639.38000000,62631.10000000,62631.10000000,1.58328000,1709334811999,99174.78610270,37,0.49086000,30747.16606680,0
1709334812000,62631.11000000,62631.11000000,62617.78000000,62617.79000000,3.77697000,1709334812999,236544.50236050,49,0.03775000,2363.89123610,0
1709334813000,62617.78000000,62617.79000000,62617.78000000,62617.79000000,0.61488000,1709334813999,38502.42586710,14,0.53007000,33191.81194530,0
1709334814000,62617.79000000,62618.41000000,62617.78000000,62618.40000000,0.78585000,1709334814999,49208.19970630,16,0.78483000,49144.32927930,0
1709334815000,62618.40000000,62618.41000000,62618.40000000,62618.41000000,0.03036000,1709334815999,1901.09492390,4,0.02999000,1877.92611590,0
1709334816000,62618.40000000,62618.41000000,62618.40000000,62618.41000000,0.01759000,1709334816999,1101.45782630,6,0.01703000,1066.39152230,0
1709334817000,62618.40000000,62618.40000000,62618.40000000,62618.40000000,0.00139000,1709334817999,87.03957600,2,0.00000000,0.00000000,0
1709334818000,62618.41000000,62618.41000000,62618.41000000,62618.41000000,0.02596000,1709334818999,1625.57392360,4,0.02596000,1625.57392360,0
1709334819000,62618.41000000,62618.41000000,62618.40000000,62618.40000000,0.02568000,1709334819999,1608.04060510,4,0.00931000,582.97739710,0
1709334820000,62618.41000000,62618.41000000,62618.40000000,62618.40000000,0.00195000,1709334820999,122.10588150,2,0.00015000,9.39276150,0
1709334821000,62618.41000000,62618.41000000,62618.41000000,62618.41000000,0.00994000,1709334821999,622.42699540,4,0.00994000,622.42699540,0
1709334822000,62618.40000000,62618.40000000,62618.40000000,62618.40000000,0.00014000,1709334822999,8.76657600,1,0.00000000,0.00000000,0
1709334823000,62618.41000000,62618.41000000,62618.40000000,62618.40000000,0.60599000,1709334823999,37946.13002400,21,0.58080000,36368.77252800,0
1709334824000,62618.40000000,62618.40000000,62608.13000000,62608.13000000,6.75400000,1709334824999,422914.50393750,66,0.00555000,347.47512150,0
1709334825000,62608.13000000,62608.13000000,62608.12000000,62608.12000000,0.09836000,1709334825999,6158.13566010,6,0.09769000,6116.18821970,0
1709334826000,62608.13000000,62608.13000000,62608.12000000,62608.12000000,0.01052000,1709334826999,658.63743730,3,0.00149000,93.28611370,0
1709334827000,62608.13000000,62608.13000000,62608.13000000,62608.13000000,0.00159000,1709334827999,99.54692670,2,0.00159000,99.54692670,0
1709334828000,62608.12000000,62608.13000000,62608.12000000,62608.12000000,0.02649000,1709334828999,1658.48910330,4,0.00045000,28.17365850,0
1709334829000,62608.12000000,62608.12000000,62608.12000000,62608.12000000,0.06014000,1709334829999,3765.25233680,2,0.00000000,0.00000000,0
1709334830000,62608.12000000,62608.13000000,62608.12000000,62608.12000000,0.00946000,1709334830999,592.27285930,6,0.00441000,276.10185330,0
1709334831000,62608.12000000,62608.13000000,62608.12000000,62608.13000000,0.00161000,1709334831999,100.79908120,2,0.00080000,50.08650400,0
1709334832000,62608.13000000,62608.13000000,62608.13000000,62608.13000000,0.00224000,1709334832999,140.24221120,3,0.00224000,140.24221120,0
1709334833000,62608.12000000,62608.13000000,62608.12000000,62608.12000000,0.59955000,1709334833999,37536.70433750,8,0.59915000,37511.66108950,0
1709334834000,62608.12000000,62608.13000000,62608.12000000,62608.13000000,0.01028000,1709334834999,643.61148730,4,0.00137000,85.77313810,0
1709334835000,62608.13000000,62608.13000000,62608.12000000,62608.12000000,0.00900000,1709334835999,563.47308300,4,0.00030000,18.78243900,0
1709334836000,62608.12000000,62608.13000000,62608.12000000,62608.12000000,0.02020000,1709334836999,1264.68410350,3,0.00795000,497.73463350,0
1709334837000,62608.13000000,62608.13000000,62608.13000000,62608.13000000,0.00024000,1709334837999,15.02595120,1,0.00024000,15.02595120,0
1709334838000,62608.13000000,62608.13000000,62608.13000000,62608.13000000,0.00196000,1709334838999,122.71193480,1,0.00196000,122.71193480,0
1709334839000,62608.13000000,62608.13000000,62608.12000000,62608.12000000,0.12703000,1709334839999,7953.11033700,24,0.08534000,5342.97781420,0
1709334840000,62608.13000000,62608.13000000,62608.12000000,62608.12000000,0.06699000,1709334840999,4194.11843030,37,0.04715000,2951.97332950,0
1709334841000,62608.12000000,62608.13000000,62608.12000000,62608.12000000,0.37131000,1709334841999,23247.02104810,10,0.00109000,68.24286170,0
1709334842000,62608.13000000,62608.13000000,62608.13000000,62608.13000000,0.32101000,1709334842999,20097.83581130,7,0.32101000,20097.83581130,0
1709334843000,62608.12000000,62626.87000000,62608.12000000,62626.87000000,9.31581000,1709334843999,583275.17107700,112,6.83878000,428192.97453090,0
1709334844000,62626.87000000,62626.87000000,62626.87000000,62626.87000000,0.00658000,1709334844999,412.08480460,3,0.00000000,0.00000000,0
1709334845000,62626.87000000,62626.88000000,62626.87000000,62626.87000000,0.03636000,1709334845999,2277.11332240,7,0.03292000,2061.67688960,0
1709334846000,62626.88000000,62643.92000000,62626.88000000,62639.40000000,6.25751000,1709334846999,391939.82189390,135,6.16994000,386454.48963590,0
1709334847000,62639.41000000,62639.41000000,62639.40000000,62639.41000000,0.16555000,1709334847999,10369.95269470,130,0.00247000,154.71934270,0
1709334848000,62639.41000000,62639.41000000,62639.40000000,62639.41000000,0.00193000,1709334848999,120.89405300,4,0.00110000,68.90335100,0
1709334849000,62639.40000000,62639.41000000,62639.40000000,62639.41000000,0.12112000,1709334849999,7586.88533450,4,0.12065000,7557.44481650,0
1709334850000,62639.41000000,62639.41000000,62639.40000000,62639.40000000,0.04155000,1709334850999,2602.66707210,3,0.00021000,13.15427610,0
1709334851000,62639.40000000,62639.41000000,62639.40000000,62639.41000000,0.02970000,1709334851999,1860.39043920,2,0.02592000,1623.61350720,0
1709334852000,62639.40000000,62639.41000000,62639.40000000,62639.40000000,0.00902000,1709334852999,565.00739490,8,0.00069000,43.22119290,0
1709334853000,62639.40000000,62639.41000000,62639.40000000,62639.40000000,0.54255000,1709334853999,33985.01147370,33,0.50037000,31342.88158170,0
1709334854000,62639.41000000,62639.41000000,62632.82000000,62632.82000000,0.99150000,1709334854999,62106.49880740,47,0.04316000,2703.51693560,0
1709334855000,62632.82000000,62632.83000000,62632.82000000,62632.82000000,0.19730000,1709334855999,12357.45539940,167,0.00134000,83.92799220,0
1709334856000,62632.82000000,62632.82000000,62632.82000000,62632.82000000,0.00000000,1709334856999,0.00000000,0,0.00000000,0.00000000,0
1709334857000,62632.83000000,62636.04000000,62632.83000000,62636.03000000,0.28578000,1709334857999,17899.69374550,20,0.13652000,8550.63990770,0
1709334858000,62636.03000000,62636.48000000,62636.03000000,62636.47000000,0.83963000,1709334858999,52591.18720570,39,0.81650000,51142.41533460,0
1709334859000,62636.48000000,62636.48000000,62636.47000000,62636.47000000,0.00129000,1709334859999,80.80105820,3,0.00119000,74.53741120,0
1709334860000,62636.47000000,62636.47000000,62636.47000000,62636.47000000,0.00000000,1709334860999,0.00000000,0,0.00000000,0.00000000,0
1709334861000,62636.47000000,62636.47000000,62636.47000000,62636.47000000,0.00127000,1709334861999,79.54831690,1,0.00000000,0.00000000,0
1709334862000,62636.47000000,62639.20000000,62636.47000000,62639.20000000,0.95143000,1709334862999,59594.58005010,27,0.92825000,58142.61207550,0
1709334863000,62639.21000000,62639.21000000,62639.20000000,62639.21000000,0.86777000,1709334863999,54356.42725940,10,0.86754000,54342.02024340,0
1709334864000,62639.20000000,62639.20000000,62639.20000000,62639.20000000,0.00050000,1709334864999,31.31960000,1,0.00000000,0.00000000,0
1709334865000,62639.20000000,62639.20000000,62639.20000000,62639.20000000,0.00000000,1709334865999,0.00000000,0,0.00000000,0.00000000,0
1709334866000,62639.21000000,62639.21000000,62639.20000000,62639.20000000,0.00070000,1709334866999,43.84744150,3,0.00015000,9.39588150,0
1709334867000,62639.21000000,62639.21000000,62639.20000000,62639.21000000,0.10412000,1709334867999,6521.99449050,10,0.09865000,6179.35806650,0
1709334868000,62639.20000000,62639.20000000,62639.20000000,62639.20000000,0.00174000,1709334868999,108.99220800,2,0.00000000,0.00000000,0
1709334869000,62639.21000000,62639.21000000,62639.20000000,62639.21000000,0.40338000,1709334869999,25267.40452260,8,0.40266000,25222.30429860,0
1709334870000,62639.21000000,62639.21000000,62639.21000000,62639.21000000,0.15609000,1709334870999,9777.35428890,2,0.15609000,9777.35428890,0
1709334871000,62639.21000000,62639.21000000,62639.21000000,62639.21000000,0.01962000,1709334871999,1228.98130020,4,0.01962000,1228.98130020,0
1709334872000,62639.20000000,62639.21000000,62639.20000000,62639.21000000,0.02562000,1709334872999,1604.81638660,7,0.00826000,517.39987460,0
1709334873000,62639.21000000,62639.21000000,62639.20000000,62639.21000000,0.50324000,1709334873999,31522.55603670,11,0.50287000,31499.37953270,0
1709334874000,62639.20000000,62639.20000000,62639.20000000,62639.20000000,0.38494000,1709334874999,24112.33364800,79,0.00000000,0.00000000,0
1709334875000,62639.20000000,62639.21000000,62639.20000000,62639.21000000,0.10713000,1709334875999,6710.53762740,56,0.01314000,823.07921940,0
1709334876000,62639.20000000,62639.20000000,62639.20000000,62639.20000000,0.00117000,1709334876999,73.28786400,4,0.00000000,0.00000000,0
1709334877000,62639.21000000,62639.21000000,62639.20000000,62639.21000000,0.00849000,1709334877999,531.80684810,3,0.00401000,251.18323210,0
1709334878000,62639.20000000,62650.00000000,62639.20000000,62649.40000000,2.04788000,1709334878999,128282.51496800,90,2.04711000,128234.27870400,0
1709334879000,62649.40000000,62649.56000000,62649.40000000,62649.56000000,0.09596000,1709334879999,6011.84069130,16,0.07025000,4401.12105250,0
1709334880000,62649.56000000,62649.57000000,62649.56000000,62649.57000000,0.02555000,1709334880999,1600.69636700,4,0.01090000,682.88031300,0
1709334881000,62649.57000000,62649.99000000,62649.56000000,62649.99000000,0.02895000,1709334881999,1813.70671150,10,0.02295000,1437.80763150,0
1709334882000,62649.99000000,62651.10000000,62649.99000000,62651.10000000,0.15856000,1709334882999,9933.85275460,18,0.15381000,9636.26512610,0
1709334883000,62651.10000000,62651.10000000,62651.09000000,62651.09000000,0.56529000,1709334883999,35416.03990630,22,0.52402000,32830.42942200,0
1709334884000,62651.09000000,62651.10000000,62651.09000000,62651.09000000,0.36878000,1709334884999,23104.47216640,13,0.31962000,20024.54458200,0
1709334885000,62651.10000000,62651.10000000,62651.10000000,62651.10000000,0.41262000,1709334885999,25851.09688200,11,0.41262000,25851.09688200,0
1709334886000,62651.09000000,62659.98000000,62651.09000000,62659.97000000,1.15291000,1709334886999,72231.47424890,123,1.12916000,70743.34436140,0
1709334887000,62659.97000000,62659.97000000,62659.97000000,62659.97000000,0.00295000,1709334887999,184.84691150,3,0.00000000,0.00000000,0
1709334888000,62659.98000000,62661.09000000,62659.98000000,62661.09000000,0.13702000,1709334888999,8585.68048810,22,0.13065000,8186.52934480,0
1709334889000,62661.09000000,62661.10000000,62661.09000000,62661.09000000,0.01520000,1709334889999,952.44869840,3,0.01304000,817.10074400,0
1709334890000,62661.10000000,62661.10000000,62661.09000000,62661.09000000,0.01659000,1709334890999,1039.54748530,6,0.00022000,13.78544200,0
1709334891000,62661.09000000,62661.10000000,62661.09000000,62661.10000000,0.00176000,1709334891999,110.28353230,5,0.00139000,87.09892900,0
1709334892000,62661.09000000,62661.10000000,62661.09000000,62661.10000000,0.00773000,1709334892999,484.37028590,3,0.00602000,377.21982200,0
1709334893000,62661.09000000,62661.10000000,62661.09000000,62661.09000000,0.52667000,1709334893999,33001.72142850,20,0.51582000,32321.84860200,0
1709334894000,62661.09000000,62661.09000000,62651.63000000,62651.64000000,2.21176000,1709334894999,138587.41645620,57,0.30067000,18837.46859880,0
1709334895000,62651.63000000,62651.64000000,62651.63000000,62651.64000000,0.44339000,1709334895999,27779.11061460,6,0.43889000,27497.17827960,0
1709334896000,62651.63000000,62651.64000000,62651.63000000,62651.63000000,0.04530000,1709334896999,2838.11885070,6,0.00117000,73.30241880,0
1709334897000,62651.63000000,62651.64000000,62651.63000000,62651.63000000,0.01997000,1709334897999,1251.15313140,3,0.00803000,503.09266920,0
1709334898000,62651.63000000,62661.08000000,62651.63000000,62661.08000000,4.53309000,1709334898999,284011.02613810,55,4.46546000,279773.61611420,0
1709334899000,62661.09000000,62661.09000000,62661.08000000,62661.08000000,0.04625000,1709334899999,2898.07528560,31,0.03356000,2102.90618040,0
1709334900000,62661.09000000,62661.09000000,62661.08000000,62661.09000000,0.01764000,1709334900999,1105.34154830,23,0.00971000,608.43918390,0
1709334901000,62661.08000000,62708.49000000,62661.08000000,62705.37000000,7.23857000,1709334901999,453746.43231270,603,6.94416000,435285.68116620,0
1709334902000,62705.37000000,62705.37000000,62703.44000000,62703.44000000,1.24347000,1709334902999,77971.94713780,46,0.09286000,5822.64236700,0
1709334903000,62703.45000000,62725.92000000,62703.45000000,62722.97000000,6.60572000,1709334903999,414271.57918190,274,5.75579000,360961.05013760,0
1709334904000,62722.97000000,62722.98000000,62722.34000000,62722.34000000,0.84343000,1709334904999,52902.40524980,265,0.00081000,50.80561380,0
1709334905000,62722.35000000,62722.35000000,62714.00000000,62714.00000000,0.47355000,1709334905999,29700.10872150,42,0.04406000,2763.44891160,0
1709334906000,62709.66000000,62709.67000000,62704.25000000,62704.25000000,0.86647000,1709334906999,54336.03205420,146,0.00015000,9.40645050,0
1709334907000,62704.25000000,62704.26000000,62696.73000000,62696.74000000,1.31861000,1709334907999,82677.88572750,77,0.39972000,25061.44652560,0
1709334908000,62696.73000000,62696.74000000,62693.84000000,62693.84000000,0.37641000,1709334908999,23599.00671370,36,0.12407000,7778.49310520,0
1709334909000,62693.84000000,62693.84000000,62693.83000000,62693.83000000,0.03459000,1709334909999,2168.57986990,10,0.02902000,1819.37523680,0
1709334910000,62693.83000000,62693.84000000,62693.83000000,62693.83000000,0.71152000,1709334910999,44607.91412050,121,0.01989000,1246.98047760,0
1709334911000,62693.84000000,62693.84000000,62693.83000000,62693.83000000,0.00893000,1709334911999,559.85598970,3,0.00878000,550.45191520,0
1709334912000,62693.83000000,62693.83000000,62685.45000000,62685.45000000,0.39307000,1709334912999,24641.57968620,135,0.00000000,0.00000000,0
1709334913000,62680.01000000,62693.20000000,62678.30000000,62693.19000000,3.93723000,1709334913999,246782.31443740,139,3.80628000,238574.52594770,0
1709334914000,62693.19000000,62693.20000000,62693.19000000,62693.19000000,0.03529000,1709334914999,2212.44270520,4,0.00301000,188.70653200,0
1709334915000,62693.20000000,62693.20000000,62693.19000000,62693.20000000,0.18014000,1709334915999,11293.55125220,4,0.00056000,35.10819200,0
1709334916000,62693.19000000,62693.20000000,62693.19000000,62693.20000000,0.15425000,1709334916999,9670.42609000,5,0.15325000,9607.73290000,0
1709334917000,62693.19000000,62693.19000000,62693.19000000,62693.19000000,0.31880000,1709334917999,19986.58897200,3,0.00000000,0.00000000,0
1709334918000,62693.20000000,62693.20000000,62693.20000000,62693.20000000,0.00014000,1709334918999,8.77704800,1,0.00014000,8.77704800,0
1709334919000,62693.20000000,62693.20000000,62693.19000000,62693.19000000,0.00611000,1709334919999,383.05539940,3,0.00085000,53.28922000,0
1709334920000,62693.20000000,62693.20000000,62693.19000000,62693.19000000,0.02482000,1709334920999,1556.04499160,4,0.00158000,99.05525600,0
1709334921000,62693.20000000,62693.20000000,62693.19000000,62693.19000000,0.06618000,1709334921999,4149.03577990,6,0.04657000,2919.62232400,0
1709334922000,62693.19000000,62693.20000000,62693.19000000,62693.19000000,0.00303000,1709334922999,189.96037050,3,0.00048000,30.09273600,0
1709334923000,62693.20000000,62693.20000000,62693.19000000,62693.19000000,0.55034000,1709334923999,34502.57567140,14,0.54868000,34398.50497600,0
1709334924000,62693.20000000,62693.20000000,62693.19000000,62693.20000000,0.13300000,1709334924999,8338.19521370,33,0.09437000,5916.35728400,0
1709334925000,62693.19000000,62693.20000000,62693.19000000,62693.20000000,0.00925000,1709334925999,579.91201590,5,0.00084000,52.66228800,0
1709334926000,62693.19000000,62693.19000000,62693.19000000,62693.19000000,0.03000000,1709334926999,1880.79570000,1,0.00000000,0.00000000,0
1709334927000,62693.20000000,62693.20000000,62693.19000000,62693.20000000,0.01753000,1709334927999,1099.01178600,4,0.01653000,1036.31859600,0
1709334928000,62693.19000000,62693.20000000,62693.19000000,62693.20000000,0.00931000,1709334928999,583.67360200,2,0.00031000,19.43489200,0
1709334929000,62693.20000000,62693.20000000,62693.19000000,62693.19000000,0.17825000,1709334929999,11175.06287760,11,0.17601000,11034.63013200,0
1709334930000,62693.20000000,62693.22000000,62693.20000000,62693.21000000,1.61884000,1709334930999,101490.26037430,30,1.57113000,98499.16732520,0
1709334931000,62693.22000000,62693.22000000,62693.21000000,62693.22000000,0.11626000,1709334931999,7288.71261680,5,0.00222000,139.17894840,0
1709334932000,62693.21000000,62693.22000000,62693.21000000,62693.21000000,0.00469000,1709334932999,294.03115800,4,0.00031000,19.43489820,0
1709334933000,62693.22000000,62693.22000000,62693.22000000,62693.22000000,0.51677000,1709334933999,32397.97529940,5,0.51677000,32397.97529940,0
1709334934000,62693.22000000,62693.22000000,62693.21000000,62693.21000000,0.60650000,1709334934999,38023.43790580,6,0.60408000,37871.72033760,0
1709334935000,62693.21000000,62693.21000000,62693.21000000,62693.21000000,0.00637000,1709334935999,399.35574770,2,0.00000000,0.00000000,0
1709334936000,62693.21000000,62693.22000000,62693.21000000,62693.21000000,0.06221000,1709334936999,3900.14476600,10,0.01719000,1077.69645180,0
1709334937000,62693.21000000,62693.22000000,62693.21000000,62693.22000000,0.33503000,1709334937999,21004.10932310,11,0.31768000,19916.38212960,0
1709334938000,62693.21000000,62693.22000000,62693.21000000,62693.22000000,0.00144000,1709334938999,90.27822510,10,0.00027000,16.92716940,0
1709334939000,62693.22000000,62693.22000000,62693.22000000,62693.22000000,0.00000000,1709334939999,0.00000000,0,0.00000000,0.00000000,0
1709334940000,62693.21000000,62693.22000000,62693.21000000,62693.22000000,0.33712000,1709334940999,21135.13826840,9,0.33132000,20771.51765040,0
1709334941000,62693.22000000,62693.22000000,62693.21000000,62693.21000000,0.02658000,1709334941999,1666.38578390,3,0.02621000,1643.18929620,0
1709334942000,62693.21000000,62693.21000000,62693.21000000,62693.21000000,0.00823000,1709334942999,515.96511830,7,0.00000000,0.00000000,0
1709334943000,62693.22000000,62693.23000000,62693.22000000,62693.22000000,3.42352000,1709334943999,214631.49844690,36,3.42000000,214410.81831250,0
1709334944000,62693.23000000,62693.23000000,62693.23000000,62693.23000000,0.00150000,1709334944999,94.03984500,2,0.00150000,94.03984500,0
1709334945000,62693.23000000,62693.23000000,62690.56000000,62690.56000000,7.94186000,1709334945999,497898.46278890,94,0.07012000,4396.04928760,0
1709334946000,62690.56000000,62690.57000000,62690.56000000,62690.56000000,0.03437000,1709334946999,2154.67486630,3,0.03191000,2000.45608870,0
1709334947000,62690.56000000,62690.57000000,62690.56000000,62690.56000000,0.41054000,1709334947999,25736.98616480,8,0.36624000,22959.79435680,0
1709334948000,62690.57000000,62690.57000000,62690.56000000,62690.56000000,0.15307000,1709334948999,9596.04404220,129,0.00230000,144.18831100,0
1709334949000,62690.56000000,62690.57000000,62690.56000000,62690.56000000,0.44869000,1709334949999,28128.63114790,53,0.37815000,23706.43904550,0
1709334950000,62690.56000000,62690.56000000,62679.38000000,62679.38000000,3.65860000,1709334950999,229353.41987380,147,0.00000000,0.00000000,0
1709334951000,62679.38000000,62679.39000000,62679.38000000,62679.38000000,0.24756000,1709334951999,15516.90731450,49,0.00017000,10.65549630,0
1709334952000,62678.31000000,62678.31000000,62675.60000000,62675.61000000,0.29677000,1709334952999,18601.01677070,156,0.00537000,336.57023970,0
1709334953000,62675.61000000,62675.61000000,62675.61000000,62675.61000000,0.50860000,1709334953999,31876.81524600,5,0.50860000,31876.81524600,0
1709334954000,62675.61000000,62675.61000000,62675.61000000,62675.61000000,0.00762000,1709334954999,477.58814820,1,0.00762000,477.58814820,0
1709334955000,62675.60000000,62675.61000000,62675.60000000,62675.60000000,0.00274000,1709334955999,171.73114560,3,0.00016000,10.02809760,0
1709334956000,62675.60000000,62675.61000000,62675.60000000,62675.60000000,0.63226000,1709334956999,39627.27490200,16,0.00460000,288.30780600,0
1709334957000,62675.10000000,62675.10000000,62675.09000000,62675.09000000,0.58261000,1709334957999,36515.13746620,16,0.32813000,20565.58056300,0
1709334958000,62675.09000000,62675.10000000,62675.09000000,62675.10000000,0.16523000,1709334958999,10355.80512860,10,0.00079000,49.51332900,0
1709334959000,62675.09000000,62675.10000000,62675.09000000,62675.09000000,0.05580000,1709334959999,3497.27035110,45,0.03291000,2062.63754100,0
1709334960000,62675.10000000,62675.10000000,62675.09000000,62675.09000000,0.04557000,1709334960999,2856.10400730,32,0.01560000,977.73156000,0
1709334961000,62675.10000000,62675.10000000,62672.99000000,62672.99000000,0.16791000,1709334961999,10523.77282760,39,0.01177000,737.68592700,0
1709334962000,62672.99000000,62672.99000000,62667.69000000,62667.70000000,0.70516000,1709334962999,44192.51033700,118,0.29717000,18622.96040900,0
1709334963000,62667.69000000,62667.69000000,62661.10000000,62661.10000000,0.79847000,1709334963999,50035.79545120,94,0.50000000,31331.59500000,0
1709334964000,62661.10000000,62661.10000000,62654.02000000,62654.02000000,0.13695000,1709334964999,8581.29784280,58,0.03678000,2304.60995610,0
1709334965000,62654.02000000,62654.02000000,62653.67000000,62653.68000000,0.02529000,1709334965999,1584.51646480,6,0.01831000,1147.19352520,0
1709334966000,62653.68000000,62653.68000000,62647.84000000,62647.84000000,1.25322000,1709334966999,78514.65942000,90,0.00046000,28.82006890,0
1709334967000,62647.85000000,62647.85000000,62636.47000000,62636.48000000,1.19043000,1709334967999,74574.81434920,42,0.00327000,204.85483110,0
1709334968000,62636.48000000,62636.48000000,62636.47000000,62636.47000000,0.00584000,1709334968999,365.79703490,6,0.00501000,313.80876480,0
1709334969000,62636.48000000,62637.99000000,62636.48000000,62637.98000000,1.54862000,1709334969999,97000.24096810,35,1.54588000,96828.61290290,0
1709334970000,62637.98000000,62637.99000000,62637.98000000,62637.99000000,0.00983000,1709334970999,615.73134600,4,0.00026000,16.28587740,0
1709334971000,62637.99000000,62637.99000000,62637.98000000,62637.98000000,1.20737000,1709334971999,75627.22992670,22,1.20141000,75253.90756590,0
1709334972000,62637.98000000,62641.97000000,62637.98000000,62641.97000000,0.51970000,1709334972999,32553.19261140,35,0.49236000,30840.67023820,0
1709334973000,62641.97000000,62641.97000000,62641.96000000,62641.96000000,0.50447000,1709334973999,31600.99459730,15,0.50361000,31547.12251170,0
1709334974000,62641.97000000,62641.97000000,62641.96000000,62641.96000000,0.06158000,1709334974999,3857.49234640,3,0.04496000,2816.38297120,0
1709334975000,62641.96000000,62641.96000000,62641.96000000,62641.96000000,0.00000000,1709334975999,0.00000000,0,0.00000000,0.00000000,0
1709334976000,62641.97000000,62641.97000000,62641.96000000,62641.97000000,0.01704000,1709334976999,1067.41903240,4,0.00340000,212.98269800,0
1709334977000,62641.96000000,62641.97000000,62641.96000000,62641.96000000,0.05694000,1709334977999,3566.83320800,8,0.00056000,35.07950320,0
1709334978000,62641.97000000,62641.97000000,62641.96000000,62641.97000000,0.02979000,1709334978999,1866.10405850,5,0.00701000,439.12020970,0
1709334979000,62641.96000000,62641.97000000,62641.96000000,62641.97000000,0.01878000,1709334979999,1176.41619430,8,0.01855000,1162.00854350,0
1709334980000,62641.97000000,62658.00000000,62641.96000000,62657.99000000,3.49318000,1709334980999,218833.48087770,70,3.47317000,217579.80189880,0
1709334981000,62657.99000000,62658.00000000,62657.99000000,62657.99000000,0.16103000,1709334981999,10089.81773270,6,0.16030000,10044.07740000,0
1709334982000,62657.99000000,62658.00000000,62657.99000000,62658.00000000,0.23567000,1709334982999,14766.61085890,3,0.23556000,14759.71848000,0
1709334983000,62657.99000000,62658.00000000,62657.99000000,62658.00000000,0.64866000,1709334983999,40643.73824740,11,0.64540000,40439.47320000,0
1709334984000,62658.00000000,62658.00000000,62657.99000000,62657.99000000,0.00290000,1709334984999,181.70818590,6,0.00149000,93.36042000,0
1709334985000,62657.99000000,62658.00000000,62657.99000000,62657.99000000,0.24077000,1709334985999,15086.16435190,130,0.00996000,624.07368000,0
1709334986000,62657.99000000,62658.00000000,62657.99000000,62658.00000000,0.08472000,1709334986999,5308.38543030,9,0.05175000,3242.55150000,0
1709334987000,62658.00000000,62658.00000000,62648.60000000,62648.60000000,1.00452000,1709334987999,62940.18741210,118,0.06902000,4324.65516000,0
1709334988000,62648.61000000,62648.61000000,62648.60000000,62648.60000000,0.03960000,1709334988999,2480.88493460,6,0.03746000,2346.81693060,0
1709334989000,62648.60000000,62648.61000000,62647.78000000,62647.78000000,0.41403000,1709334989999,25938.38239270,20,0.00335000,209.87284350,0
1709334990000,62647.78000000,62647.79000000,62647.78000000,62647.78000000,0.01603000,1709334990999,1004.24393680,7,0.00234000,146.59582860,0
1709334991000,62647.78000000,62647.78000000,62647.78000000,62647.78000000,0.14352000,1709334991999,8991.20938560,41,0.00000000,0.00000000,0
1709334992000,62647.78000000,62647.78000000,62647.78000000,62647.78000000,0.70731000,1709334992999,44311.40127180,115,0.00000000,0.00000000,0
1709334993000,62647.78000000,62647.78000000,62646.91000000,62646.91000000,0.83439000,1709334993999,52272.37099580,72,0.58710000,36780.28266900,0
1709334994000,62646.91000000,62646.91000000,62642.20000000,62642.20000000,0.78076000,1709334994999,48911.25898440,47,0.02722000,1705.12095620,0
1709334995000,62642.20000000,62642.20000000,62642.20000000,62642.20000000,0.01111000,1709334995999,695.95484200,9,0.00000000,0.00000000,0
1709334996000,62642.20000000,62642.21000000,62642.20000000,62642.21000000,0.00146000,1709334996999,91.45761560,4,0.00036000,22.55119560,0
1709334997000,62642.20000000,62642.20000000,62642.20000000,62642.20000000,0.07382000,1709334997999,4624.24720400,5,0.00000000,0.00000000,0
1709334998000,62642.20000000,62646.80000000,62642.20000000,62646.79000000,2.25755000,1709334998999,141418.67211910,54,2.12697000,133238.37541100,0
1709334999000,62646.79000000,62646.80000000,62646.79000000,62646.80000000,0.03888000,1709334999999,2435.70722700,6,0.00318000,199.21682400,0
1709335000000,62646.79000000,62646.80000000,62646.79000000,62646.79000000,0.09441000,1709335000999,5914.48344890,17,0.00050000,31.32340000,0
1709335001000,62646.79000000,62646.80000000,62646.79000000,62646.80000000,0.07485000,1709335001999,4689.11224080,7,0.00093000,58.26152400,0
1709335002000,62646.79000000,62646.80000000,62646.79000000,62646.80000000,0.01898000,1709335002999,1189.03610590,7,0.00317000,198.59035600,0
1709335003000,62646.80000000,62646.80000000,62646.79000000,62646.79000000,0.54596000,1709335003999,34202.64677370,17,0.53053000,33236.00680400,0
1709335004000,62646.80000000,62646.80000000,62642.41000000,62642.41000000,0.20578000,1709335004999,12891.43000200,50,0.06123000,3835.86356400,0
1709335005000,62642.28000000,62642.28000000,62642.27000000,62642.28000000,0.08024000,1709335005999,5026.41638340,16,0.06386000,4000.33600080,0
1709335006000,62642.27000000,62642.27000000,62620.00000000,62620.00000000,7.82304000,1709335006999,489980.45878420,137,0.00228000,142.77362280,0
1709335007000,62620.00000000,62620.00000000,62617.55000000,62617.55000000,0.42603000,1709335007999,26677.39876250,25,0.00000000,0.00000000,0
1709335008000,62617.31000000,62617.32000000,62617.31000000,62617.32000000,0.12267000,1709335008999,7681.26546440,7,0.00467000,292.42288440,0
1709335009000,62617.32000000,62617.32000000,62617.31000000,62617.31000000,0.03806000,1709335009999,2383.21481960,2,0.00010000,6.26173200,0
1709335010000,62617.31000000,62623.70000000,62617.31000000,62623.70000000,5.05731000,1709335010999,316683.45689030,72,5.05673000,316647.13757450,0
1709335011000,62623.70000000,62623.70000000,62623.69000000,62623.69000000,0.02880000,1709335011999,1803.56230090,5,0.00289000,180.98249300,0
1709335012000,62623.69000000,62623.70000000,62623.69000000,62623.69000000,0.08325000,1709335012999,5213.42255410,13,0.03616000,2264.47299200,0
1709335013000,62623.70000000,62623.70000000,62623.69000000,62623.70000000,0.56289000,1709335013999,35250.25407490,35,0.52108000,32631.95759600,0
1709335014000,62623.69000000,62623.69000000,62623.69000000,62623.69000000,0.01161000,1709335014999,727.06104090,6,0.00000000,0.00000000,0
1709335015000,62623.69000000,62623.70000000,62623.69000000,62623.70000000,0.25608000,1709335015999,16036.67455080,30,0.00156000,97.69297200,0
1709335016000,62623.69000000,62623.69000000,62619.99000000,62619.99000000,0.02562000,1709335016999,1604.37913640,21,0.00150000,93.93000000,0
1709335017000,62620.00000000,62620.00000000,62610.00000000,62610.00000000,1.68382000,1709335017999,105434.07669880,43,0.17658000,11057.43960000,0
1709335018000,62610.00000000,62610.00000000,62606.71000000,62606.71000000,0.63875000,1709335018999,39990.08777310,38,0.58631000,36706.94600320,0
1709335019000,62606.71000000,62606.71000000,62600.00000000,62600.01000000,1.12955000,1709335019999,70711.23071270,75,0.01650000,1032.90016500,0
1709335020000,62600.01000000,62600.01000000,62592.32000000,62592.32000000,0.90612000,1709335020999,56719.73167170,65,0.02897000,1813.43992450,0
1709335021000,62592.32000000,62592.33000000,62592.32000000,62592.33000000,0.00736000,1709335021999,460.67948280,3,0.00076000,47.57017080,0
1709335022000,62592.32000000,62592.32000000,62591.10000000,62591.11000000,0.02288000,1709335022999,1432.10255920,12,0.00254000,158.98141940,0
1709335023000,62591.10000000,62591.11000000,62591.10000000,62591.11000000,0.76767000,1709335023999,48049.31474330,9,0.50063000,31334.98739930,0
1709335024000,62591.10000000,62591.10000000,62590.91000000,62590.91000000,0.10178000,1709335024999,6370.50925230,11,0.00029000,18.15136680,0
1709335025000,62590.01000000,62590.01000000,62590.01000000,62590.01000000,0.00253000,1709335025999,158.35272530,5,0.00253000,158.35272530,0
1709335026000,62590.00000000,62590.01000000,62590.00000000,62590.00000000,0.02954000,1709335026999,1848.90878580,7,0.01858000,1162.92238580,0
1709335027000,62590.01000000,62590.01000000,62582.11000000,62582.12000000,0.09049000,1709335027999,5663.72617180,20,0.01136000,710.98393150,0
1709335028000,62582.12000000,62582.12000000,62582.11000000,62582.11000000,0.02131000,1709335028999,1333.62478490,3,0.00208000,130.17080960,0
1709335029000,62582.11000000,62582.12000000,62582.11000000,62582.12000000,0.00749000,1709335029999,468.74007080,4,0.00669000,418.67438280,0
1709335030000,62582.11000000,62582.11000000,62582.11000000,62582.11000000,0.00062000,1709335030999,38.80090820,1,0.00000000,0.00000000,0
1709335031000,62582.11000000,62582.11000000,62582.11000000,62582.11000000,0.00176000,1709335031999,110.14451360,1,0.00000000,0.00000000,0
1709335032000,62582.11000000,62582.12000000,62582.11000000,62582.12000000,0.20038000,1709335032999,12540.20518440,28,0.19826000,12407.53111120,0
1709335033000,62582.11000000,62582.12000000,62582.11000000,62582.12000000,0.50159000,1709335033999,31390.56555490,9,0.50000000,31291.06000000,0
1709335034000,62582.11000000,62585.08000000,62582.11000000,62585.08000000,1.20557000,1709335034999,75447.34757640,26,1.19953000,75069.35163200,0
1709335035000,62585.07000000,62590.01000000,62585.07000000,62590.01000000,0.36715000,1709335035999,22978.42551120,10,0.32035000,20049.27094570,0
1709335036000,62590.01000000,62609.33000000,62590.00000000,62609.33000000,0.60185000,1709335036999,37672.81670270,32,0.59444000,37209.02480270,0
1709335037000,62611.09000000,62611.10000000,62611.09000000,62611.09000000,0.23462000,1709335037999,14689.81442940,9,0.04936000,3090.48389600,0
1709335038000,62611.09000000,62611.10000000,62611.09000000,62611.09000000,0.01656000,1709335038999,1036.83965520,3,0.00048000,30.05332800,0
1709335039000,62611.09000000,62611.09000000,62611.09000000,62611.09000000,0.00000000,1709335039999,0.00000000,0,0.00000000,0.00000000,0
1709335040000,62611.09000000,62611.09000000,62611.09000000,62611.09000000,0.02396000,1709335040999,1500.16171640,2,0.00000000,0.00000000,0
1709335041000,62611.10000000,62611.10000000,62611.09000000,62611.09000000,0.00217000,1709335041999,135.86608010,2,0.00148000,92.66442800,0
1709335042000,62611.10000000,62611.10000000,62611.09000000,62611.09000000,0.00162000,1709335042999,101.42997570,3,0.00099000,61.98498900,0
1709335043000,62611.09000000,62611.10000000,62611.09000000,62611.09000000,0.52044000,1709335043999,32585.32072330,17,0.50437000,31579.16050700,0
1709335044000,62611.09000000,62611.10000000,62611.09000000,62611.10000000,0.02125000,1709335044999,1330.48571040,5,0.00479000,299.90716900,0
1709335045000,62611.09000000,62611.09000000,62604.00000000,62604.00000000,0.39847000,1709335045999,24948.61703800,26,0.00000000,0.00000000,0
1709335046000,62604.00000000,62604.00000000,62604.00000000,62604.00000000,0.00560000,1709335046999,350.58240000,4,0.00000000,0.00000000,0
1709335047000,62604.01000000,62604.01000000,62604.00000000,62604.01000000,0.00578000,1709335047999,361.85117670,4,0.00567000,354.96473670,0
1709335048000,62604.01000000,62604.01000000,62604.00000000,62604.01000000,0.00211000,1709335048999,132.09445950,3,0.00195000,122.07781950,0
1709335049000,62604.00000000,62604.01000000,62604.00000000,62604.01000000,0.02016000,1709335049999,1262.09664880,5,0.00088000,55.09152880,0
1709335050000,62604.00000000,62604.00000000,62604.00000000,62604.00000000,0.05831000,1709335050999,3650.43924000,7,0.00000000,0.00000000,0
1709335051000,62604.01000000,62604.01000000,62604.01000000,62604.01000000,0.00987000,1709335051999,617.90157870,1,0.00987000,617.90157870,0
1709335052000,62604.01000000,62604.01000000,62604.01000000,62604.01000000,0.01108000,1709335052999,693.65243080,3,0.01108000,693.65243080,0
1709335053000,62604.00000000,62604.01000000,62604.00000000,62604.01000000,0.50041000,1709335053999,31327.67264000,3,0.50000000,31302.00500000,0
1709335054000,62604.00000000,62604.00000000,62604.00000000,62604.00000000,0.00644000,1709335054999,403.16976000,4,0.00000000,0.00000000,0
1709335055000,62604.01000000,62604.01000000,62602.73000000,62602.73000000,0.65911000,1709335055999,41262.92017580,15,0.00599000,374.99801990,0
1709335056000,62602.73000000,62602.73000000,62602.73000000,62602.73000000,0.00512000,1709335056999,320.52597760,5,0.00000000,0.00000000,0
1709335057000,62602.74000000,62602.74000000,62602.66000000,62602.66000000,0.20167000,1709335057999,12625.09242980,11,0.00044000,27.54520560,0
1709335058000,62601.10000000,62601.10000000,62601.10000000,62601.10000000,0.00090000,1709335058999,56.34099000,1,0.00000000,0.00000000,0
1709335059000,62601.11000000,62601.11000000,62601.11000000,62601.11000000,0.00167000,1709335059999,104.54385370,2,0.00167000,104.54385370,0
1709335060000,62601.10000000,62601.10000000,62595.83000000,62595.84000000,0.11625000,1709335060999,7277.36767020,13,0.00112000,70.10734080,0
1709335061000,62595.84000000,62595.84000000,62595.84000000,62595.84000000,0.00000000,1709335061999,0.00000000,0,0.00000000,0.00000000,0
1709335062000,62595.83000000,62595.84000000,62595.83000000,62595.84000000,0.00221000,1709335062999,138.33678620,2,0.00019000,11.89320960,0
1709335063000,62595.84000000,62595.84000000,62595.84000000,62595.84000000,0.50000000,1709335063999,31297.92000000,3,0.50000000,31297.92000000,0
1709335064000,62595.84000000,62595.84000000,62595.84000000,62595.84000000,0.00000000,1709335064999,0.00000000,0,0.00000000,0.00000000,0
1709335065000,62595.83000000,62595.83000000,62595.83000000,62595.83000000,0.00065000,1709335065999,40.68728950,1,0.00000000,0.00000000,0
1709335066000,62595.83000000,62595.84000000,62591.10000000,62591.10000000,0.60380000,1709335066999,37794.84580710,25,0.02141000,1340.17693440,0
1709335067000,62591.11000000,62591.11000000,62579.80000000,62579.80000000,0.73891000,1709335067999,46243.34975750,37,0.00167000,104.52136190,0
1709335068000,62579.11000000,62579.11000000,62575.81000000,62575.81000000,0.10029000,1709335068999,6275.75046850,21,0.01674000,1047.51922680,0
1709335069000,62575.82000000,62575.82000000,62575.81000000,62575.81000000,0.03946000,1709335069999,2469.24146800,4,0.00054000,33.79094280,0
1709335070000,62575.82000000,62575.82000000,62575.82000000,62575.82000000,0.00030000,1709335070999,18.77274600,1,0.00030000,18.77274600,0
1709335071000,62575.82000000,62575.82000000,62575.81000000,62575.81000000,0.01062000,1709335071999,664.55516460,3,0.00624000,390.47311680,0
1709335072000,62575.82000000,62575.82000000,62575.81000000,62575.81000000,0.01417000,1709335072999,886.69927620,4,0.00485000,303.49272700,0
1709335073000,62575.81000000,62575.82000000,62575.81000000,62575.82000000,0.50488000,1709335073999,31593.27995410,13,0.50013000,31296.04485660,0
1709335074000,62575.81000000,62575.82000000,62575.81000000,62575.82000000,0.00934000,1709335074999,584.45806630,5,0.00009000,5.63182380,0
1709335075000,62575.81000000,62578.00000000,62575.81000000,62578.00000000,1.25635000,1709335075999,78617.18351770,36,1.25464000,78510.17888260,0
1709335076000,62578.90000000,62585.20000000,62578.90000000,62585.20000000,0.16100000,1709335076999,10075.52171700,9,0.12322000,7711.05323880,0
1709335077000,62585.19000000,62585.20000000,62585.19000000,62585.19000000,0.03992000,1709335077999,2498.40110440,3,0.03196000,2000.22299200,0
1709335078000,62585.19000000,62585.19000000,62585.19000000,62585.19000000,0.00030000,1709335078999,18.77555700,1,0.00000000,0.00000000,0
1709335079000,62585.20000000,62585.20000000,62585.19000000,62585.19000000,0.02710000,1709335079999,1696.05879710,28,0.01481000,926.88681200,0
1709335080000,62585.20000000,62585.20000000,62585.19000000,62585.19000000,0.02681000,1709335080999,1677.90907060,29,0.01267000,792.95448400,0
1709335081000,62585.19000000,62585.20000000,62585.19000000,62585.20000000,0.00046000,1709335081999,28.78918830,2,0.00009000,5.63266800,0
1709335082000,62585.20000000,62585.20000000,62585.20000000,62585.20000000,0.00029000,1709335082999,18.14970800,1,0.00029000,18.14970800,0
1709335083000,62585.20000000,62585.20000000,62585.20000000,62585.20000000,0.51355000,1709335083999,32140.62946000,17,0.51355000,32140.62946000,0
1709335084000,62585.19000000,62585.20000000,62585.19000000,62585.20000000,0.00045000,1709335084999,28.16333650,2,0.00010000,6.25852000,0
1709335085000,62585.19000000,62585.19000000,62585.19000000,62585.19000000,0.00942000,1709335085999,589.55248980,3,0.00000000,0.00000000,0
1709335086000,62585.19000000,62585.20000000,62585.19000000,62585.19000000,0.13390000,1709335086999,8380.15694620,10,0.00052000,32.54430400,0
1709335087000,62585.19000000,62585.20000000,62585.19000000,62585.20000000,0.01122000,1709335087999,702.20583560,3,0.00038000,23.78237600,0
1709335088000,62585.20000000,62585.20000000,62585.20000000,62585.20000000,0.00808000,1709335088999,505.68841600,2,0.00808000,505.68841600,0
1709335089000,62585.19000000,62585.20000000,62585.19000000,62585.19000000,0.18896000,1709335089999,11826.09907540,8,0.15730000,9844.65196000,0
1709335090000,62585.20000000,62585.20000000,62583.25000000,62583.25000000,0.29071000,1709335090999,18194.04756860,17,0.00067000,41.93208400,0
1709335091000,62583.25000000,62583.26000000,62583.25000000,62583.26000000,0.17124000,1709335091999,10716.75734490,6,0.16149000,10106.57065740,0
1709335092000,62583.25000000,62583.26000000,62581.29000000,62581.29000000,0.22527000,1709335092999,14098.12308560,12,0.02090000,1307.98428310,0
1709335093000,62581.28000000,62581.28000000,62578.47000000,62578.47000000,0.64122000,1709335093999,40126.81969850,31,0.55118000,34492.00660640,0
1709335094000,62578.47000000,62578.47000000,62578.47000000,62578.47000000,0.00236000,1709335094999,147.68518920,1,0.00000000,0.00000000,0
1709335095000,62578.47000000,62578.47000000,62578.47000000,62578.47000000,0.00000000,1709335095999,0.00000000,0,0.00000000,0.00000000,0
1709335096000,62578.48000000,62578.48000000,62573.52000000,62573.52000000,0.77881000,1709335096999,48736.13170830,48,0.00118000,73.84260640,0
1709335097000,62573.52000000,62573.52000000,62573.51000000,62573.51000000,0.29643000,1709335097999,18548.66844290,4,0.28736000,17981.12670720,0
1709335098000,62573.51000000,62573.52000000,62573.51000000,62573.52000000,0.04231000,1709335098999,2647.48525600,3,0.00479000,299.72716080,0
1709335099000,62573.52000000,62573.52000000,62573.51000000,62573.52000000,0.00608000,1709335099999,380.44695910,3,0.00183000,114.50954160,0
1709335100000,62573.52000000,62573.52000000,62573.51000000,62573.51000000,0.01279000,1709335100999,800.31530060,4,0.01077000,673.91681040,0
1709335101000,62573.51000000,62573.51000000,62573.51000000,62573.51000000,0.00557000,1709335101999,348.53445070,1,0.00000000,0.00000000,0
1709335102000,62573.52000000,62573.52000000,62573.51000000,62573.52000000,0.00410000,1709335102999,256.55140840,3,0.00174000,108.87792480,0
1709335103000,62573.51000000,62573.52000000,62573.51000000,62573.52000000,0.50180000,1709335103999,31399.39231800,5,0.50000000,31286.76000000,0
1709335104000,62573.52000000,62573.52000000,62573.51000000,62573.51000000,0.00633000,1709335104999,396.09032660,2,0.00083000,51.93602160,0
1709335105000,62573.51000000,62573.51000000,62573.51000000,62573.51000000,0.08733000,1709335105999,5464.54462830,2,0.00000000,0.00000000,0
1709335106000,62573.51000000,62573.52000000,62573.51000000,62573.51000000,0.00547000,1709335106999,342.27710100,3,0.00013000,8.13455760,0
1709335107000,62573.52000000,62573.52000000,62573.52000000,62573.52000000,0.00107000,1709335107999,66.95366640,1,0.00107000,66.95366640,0
1709335108000,62573.51000000,62573.52000000,62573.51000000,62573.52000000,0.02349000,1709335108999,1469.85177030,5,0.00204000,127.64998080,0
1709335109000,62573.51000000,62573.52000000,62573.51000000,62573.51000000,0.05584000,1709335109999,3494.10485220,5,0.00538000,336.64553760,0
1709335110000,62573.51000000,62573.52000000,62573.51000000,62573.51000000,0.13916000,1709335110999,8707.72971040,8,0.00588000,367.93229760,0
1709335111000,62573.52000000,62573.52000000,62573.51000000,62573.51000000,0.10580000,1709335111999,6620.27747140,10,0.01134000,709.58371680,0
1709335112000,62573.51000000,62573.52000000,62573.51000000,62573.52000000,0.05389000,1709335112999,3372.08670380,3,0.02499000,1563.71226480,0
1709335113000,62573.51000000,62573.52000000,62573.51000000,62573.51000000,0.50308000,1709335113999,31479.48643670,14,0.50259000,31448.82541680,0
1709335114000,62573.52000000,62573.52000000,62573.52000000,62573.52000000,0.07464000,1709335114999,4670.48753280,6,0.07464000,4670.48753280,0
1709335115000,62573.51000000,62573.51000000,62573.51000000,62573.51000000,0.00031000,1709335115999,19.39778810,1,0.00000000,0.00000000,0
1709335116000,62573.51000000,62573.52000000,62573.51000000,62573.52000000,0.00280000,1709335116999,175.20583030,2,0.00023000,14.39190960,0
1709335117000,62573.52000000,62573.52000000,62573.52000000,62573.52000000,0.00110000,1709335117999,68.83087200,1,0.00110000,68.83087200,0
1709335118000,62573.52000000,62573.52000000,62573.52000000,62573.52000000,0.00590000,1709335118999,369.18376800,6,0.00590000,369.18376800,0
1709335119000,62573.52000000,62573.52000000,62573.52000000,62573.52000000,0.00000000,1709335119999,0.00000000,0,0.00000000,0.00000000,0
1709335120000,62573.52000000,62573.52000000,62573.51000000,62573.51000000,0.01189000,1709335120999,743.99911250,4,0.00786000,491.82786720,0
1709335121000,62573.51000000,62573.52000000,62573.51000000,62573.51000000,0.02310000,1709335121999,1445.44822000,9,0.01390000,869.77192800,0
1709335122000,62573.52000000,62573.52000000,62573.51000000,62573.51000000,0.11330000,1709335122999,7089.57886280,6,0.01798000,1125.07188960,0
1709335123000,62573.51000000,62573.52000000,62573.51000000,62573.52000000,0.50035000,1709335123999,31308.66073070,3,0.50022000,31300.52617440,0
1709335124000,62573.51000000,62573.52000000,62573.51000000,62573.52000000,0.04911000,1709335124999,3072.98513500,5,0.00589000,368.55803280,0
1709335125000,62573.51000000,62573.51000000,62573.51000000,62573.51000000,0.00120000,1709335125999,75.08821200,2,0.00000000,0.00000000,0
1709335126000,62573.52000000,62573.52000000,62573.51000000,62573.51000000,0.00246000,1709335126999,153.93083890,3,0.00043000,26.90661360,0
1709335127000,62573.52000000,62573.52000000,62573.52000000,62573.52000000,0.00017000,1709335127999,10.63749840,1,0.00017000,10.63749840,0
1709335128000,62573.51000000,62573.52000000,62573.51000000,62573.51000000,0.26153000,1709335128999,16364.85012750,5,0.00572000,357.92053440,0
1709335129000,62573.51000000,62573.52000000,62573.51000000,62573.52000000,0.12449000,1709335129999,7789.77713600,8,0.08761000,5482.06608720,0
1709335130000,62573.52000000,62573.52000000,62573.51000000,62573.51000000,0.15782000,1709335130999,9875.35292540,6,0.15772000,9869.09557440,0
1709335131000,62573.52000000,62573.52000000,62573.52000000,62573.52000000,0.00256000,1709335131999,160.18821120,3,0.00256000,160.18821120,0
1709335132000,62573.52000000,62573.52000000,62573.51000000,62573.51000000,0.03877000,1709335132999,2425.97498860,4,0.00059000,36.91837680,0
1709335133000,62573.52000000,62573.52000000,62573.52000000,62573.52000000,0.50040000,1709335133999,31311.78940800,12,0.50040000,31311.78940800,0
1709335134000,62573.52000000,62573.52000000,62573.51000000,62573.51000000,0.03693000,1709335134999,2310.84007600,7,0.03517000,2200.71069840,0
1709335135000,62573.52000000,62573.52000000,62573.51000000,62573.52000000,0.02679000,1709335135999,1676.34458730,4,0.02544000,1591.87034880,0
1709335136000,62573.52000000,62573.52000000,62573.51000000,62573.51000000,0.03673000,1709335136999,2298.32502340,6,0.00011000,6.88308720,0
1709335137000,62573.51000000,62573.52000000,62573.51000000,62573.52000000,0.02073000,1709335137999,1297.14896930,8,0.01070000,669.53666400,0
1709335138000,62573.52000000,62573.52000000,62573.51000000,62573.51000000,0.00487000,1709335138999,304.73299460,2,0.00009000,5.63161680,0
1709335139000,62573.52000000,62573.52000000,62573.51000000,62573.51000000,0.03457000,1709335139999,2163.16638480,33,0.01441000,901.68442320,0
1709335140000,62573.51000000,62573.52000000,62573.51000000,62573.52000000,0.02860000,1709335140999,1789.60256270,28,0.01767000,1105.67409840,0
1709335141000,62573.51000000,62573.52000000,62573.51000000,62573.52000000,0.00548000,1709335141999,342.90283670,5,0.00019000,11.88896880,0
1709335142000,62573.51000000,62573.52000000,62573.51000000,62573.52000000,0.01196000,1709335142999,748.37919650,3,0.00169000,105.74924880,0
1709335143000,62573.52000000,62573.52000000,62573.51000000,62573.52000000,0.50745000,1709335143999,31752.93271470,15,0.50652000,31694.73935040,0
1709335144000,62573.52000000,62591.56000000,62573.52000000,62591.56000000,6.88614000,1709335144999,430925.90801650,80,6.88614000,430925.90801650,0
1709335145000,62595.32000000,62604.22000000,62595.32000000,62604.22000000,1.27451000,1709335145999,79783.12877300,23,1.24080000,77673.04053580,0
1709335146000,62605.00000000,62605.01000000,62605.00000000,62605.00000000,0.05918000,1709335146999,3704.96436880,5,0.04688000,2934.92286880,0
1709335147000,62605.00000000,62605.00000000,62605.00000000,62605.00000000,0.00396000,1709335147999,247.91580000,3,0.00000000,0.00000000,0
1709335148000,62605.01000000,62605.01000000,62605.01000000,62605.01000000,0.20749000,1709335148999,12989.91352490,3,0.20749000,12989.91352490,0
1709335149000,62605.01000000,62605.01000000,62605.00000000,62605.00000000,0.02636000,1709335149999,1650.26804690,3,0.02469000,1545.71769690,0
1709335150000,62605.01000000,62605.01000000,62605.00000000,62605.00000000,0.01505000,1709335150999,942.20525650,5,0.00065000,40.69325650,0
1709335151000,62605.00000000,62605.01000000,62605.00000000,62605.00000000,0.02811000,1709335151999,1759.82674660,6,0.01966000,1230.81449660,0
1709335152000,62605.00000000,62605.01000000,62605.00000000,62605.01000000,0.01135000,1709335152999,710.56681570,7,0.00657000,411.31491570,0
1709335153000,62605.00000000,62605.01000000,62605.00000000,62605.00000000,0.52877000,1709335153999,33103.65085000,8,0.50000000,31302.50500000,0
1709335154000,62605.00000000,62605.01000000,62605.00000000,62605.01000000,0.00210000,1709335154999,131.47051870,2,0.00187000,117.07136870,0
1709335155000,62605.01000000,62618.00000000,62605.01000000,62618.00000000,3.23848000,1709335155999,202752.35293420,48,3.21673000,201390.50021490,0
1709335156000,62618.00000000,62618.00000000,62617.99000000,62617.99000000,0.11124000,1709335156999,6965.62530230,5,0.00947000,592.99246000,0
1709335157000,62617.99000000,62618.00000000,62617.99000000,62617.99000000,0.27512000,1709335157999,17227.46385630,9,0.24475000,15325.75550000,0
1709335158000,62617.99000000,62618.00000000,62617.99000000,62618.00000000,0.01683000,1709335158999,1053.86077370,3,0.00020000,12.52360000,0
1709335159000,62617.99000000,62618.00000000,62617.99000000,62618.00000000,0.15990000,1709335159999,10012.61666270,18,0.00617000,386.35306000,0
1709335160000,62617.99000000,62617.99000000,62614.77000000,62614.77000000,1.58925000,1709335160999,99514.55882680,49,0.00000000,0.00000000,0
1709335161000,62614.77000000,62614.78000000,62607.63000000,62607.63000000,0.50103000,1709335161999,31371.19645390,21,0.00169000,105.81726460,0
1709335162000,62607.64000000,62607.64000000,62607.63000000,62607.63000000,0.11271000,1709335162999,7056.50650530,7,0.05280000,3305.68339200,0
1709335163000,62607.63000000,62607.64000000,62607.63000000,62607.63000000,0.50754000,1709335163999,31775.88153020,12,0.50000000,31303.82000000,0
1709335164000,62607.63000000,62607.64000000,62607.63000000,62607.64000000,0.05450000,1709335164999,3412.11630010,12,0.04651000,2911.88133640,0
1709335165000,62607.64000000,62607.64000000,62601.11000000,62601.11000000,0.77580000,1709335165999,48569.07778490,26,0.00167000,104.55475880,0
1709335166000,62601.11000000,62601.11000000,62601.10000000,62601.10000000,0.21129000,1709335166999,13226.98734970,10,0.09307000,5826.28530770,0
1709335167000,62597.63000000,62597.64000000,62597.63000000,62597.64000000,0.00974000,1709335167999,609.70098680,3,0.00706000,441.93933840,0
1709335168000,62597.63000000,62597.63000000,62597.63000000,62597.63000000,0.00465000,1709335168999,291.07897950,3,0.00000000,0.00000000,0
1709335169000,62597.63000000,62597.64000000,62597.63000000,62597.63000000,0.03594000,1709335169999,2249.75896420,10,0.01420000,888.88648800,0
1709335170000,62597.63000000,62597.64000000,62597.63000000,62597.63000000,0.04197000,1709335170999,2627.22273430,5,0.02032000,1271.98404480,0
1709335171000,62597.63000000,62597.64000000,62597.63000000,62597.64000000,0.23012000,1709335171999,14404.96828930,12,0.16737000,10476.96700680,0
1709335172000,62597.64000000,62601.10000000,62597.64000000,62601.10000000,0.11014000,1709335172999,6894.50729330,13,0.10944000,6850.68652330,0
1709335173000,62601.10000000,62610.00000000,62601.10000000,62610.00000000,0.88274000,1709335173999,55261.06470810,14,0.88263000,55254.17858710,0
1709335174000,62609.99000000,62610.00000000,62609.99000000,62609.99000000,0.01677000,1709335174999,1049.96969200,3,0.01597000,999.88170000,0
1709335175000,62609.99000000,62610.00000000,62609.99000000,62609.99000000,0.05812000,1709335175999,3638.89263950,5,0.00207000,129.60270000,0
1709335176000,62609.99000000,62610.00000000,62609.99000000,62609.99000000,0.01723000,1709335176999,1078.77028310,3,0.01554000,972.95940000,0
1709335177000,62609.99000000,62610.00000000,62609.99000000,62610.00000000,0.12649000,1709335177999,7919.53764070,6,0.00056000,35.06160000,0
1709335178000,62610.00000000,62610.00000000,62609.99000000,62609.99000000,0.01638000,1709335178999,1025.55178230,2,0.01461000,914.73210000,0
1709335179000,62609.99000000,62609.99000000,62606.70000000,62606.70000000,0.40183000,1709335179999,25158.54766420,19,0.03195000,2000.36937150,0
1709335180000,62605.35000000,62605.35000000,62601.11000000,62601.11000000,0.21462000,1709335180999,13436.24061110,19,0.00000000,0.00000000,0
1709335181000,62598.33000000,62598.34000000,62598.33000000,62598.34000000,0.40289000,1709335181999,25220.24119680,8,0.00231000,144.60216540,0
1709335182000,62598.33000000,62598.33000000,62592.01000000,62592.01000000,0.57879000,1709335182999,36229.93066580,21,0.00000000,0.00000000,0
1709335183000,62592.01000000,62592.02000000,62592.01000000,62592.01000000,0.53941000,1709335183999,33762.76111410,6,0.50000000,31296.01000000,0
1709335184000,62592.01000000,62592.01000000,62589.34000000,62589.34000000,0.14550000,1709335184999,9107.07553720,13,0.00059000,36.92771650,0
1709335185000,62589.35000000,62589.35000000,62584.56000000,62584.57000000,0.46930000,1709335185999,29372.30918610,9,0.14539000,9099.17268770,0
1709335186000,62584.57000000,62584.57000000,62584.57000000,62584.57000000,0.00213000,1709335186999,133.30513410,3,0.00213000,133.30513410,0
1709335187000,62584.57000000,62584.57000000,62584.56000000,62584.56000000,0.00302000,1709335187999,189.00539840,3,0.00272000,170.23003040,0
1709335188000,62584.56000000,62584.56000000,62584.56000000,62584.56000000,0.00000000,1709335188999,0.00000000,0,0.00000000,0.00000000,0
1709335189000,62584.57000000,62584.57000000,62584.56000000,62584.56000000,0.00717000,1709335189999,448.73130790,5,0.00127000,79.48240390,0
1709335190000,62584.56000000,62584.57000000,62584.56000000,62584.56000000,0.00875000,1709335190999,547.61490950,6,0.00095000,59.45534150,0
1709335191000,62584.56000000,62584.56000000,62584.56000000,62584.56000000,0.02301000,1709335191999,1440.07072560,5,0.00000000,0.00000000,0
1709335192000,62584.57000000,62584.57000000,62584.57000000,62584.57000000,0.01927000,1709335192999,1206.00466390,2,0.01927000,1206.00466390,0
1709335193000,62584.56000000,62584.57000000,62584.56000000,62584.56000000,1.03945000,1709335193999,65053.53112800,14,1.02360000,64061.56585200,0
1709335194000,62584.56000000,62584.57000000,62584.56000000,62584.57000000,0.16060000,1709335194999,10051.08033980,4,0.00038000,23.78213660,0
1709335195000,62584.57000000,62584.57000000,62584.56000000,62584.57000000,0.34208000,1709335195999,21408.92960470,9,0.33199000,20777.45139430,0
1709335196000,62584.56000000,62584.57000000,62584.56000000,62584.56000000,0.02954000,1709335196999,1848.74791520,3,0.00128000,80.10824960,0
1709335197000,62584.57000000,62584.57000000,62584.56000000,62584.56000000,0.00385000,1709335197999,240.95055780,3,0.00018000,11.26522260,0
1709335198000,62584.56000000,62584.56000000,62584.56000000,62584.56000000,0.01124000,1709335198999,703.45045440,3,0.00000000,0.00000000,0
1709335199000,62584.56000000,62584.57000000,62584.56000000,62584.57000000,0.04573000,1709335199999,2861.99209050,42,0.01617000,1011.99249690,0
1709335200000,62584.57000000,62584.57000000,62576.55000000,62576.55000000,1.95674000,1709335200999,122460.40342710,78,0.21027000,13159.65753390,0
1709335201000,62576.57000000,62576.57000000,62574.15000000,62574.16000000,0.15028000,1709335201999,9403.74757950,16,0.10561000,6608.45703760,0
1709335202000,62574.15000000,62574.16000000,62574.15000000,62574.16000000,0.00637000,1709335202999,398.59739610,3,0.00606000,379.19940960,0
1709335203000,62574.15000000,62581.11000000,62574.15000000,62581.11000000,0.86820000,1709335203999,54329.09818840,25,0.85222000,53329.16327140,0
1709335204000,62584.57000000,62584.57000000,62584.56000000,62584.56000000,0.03947000,1709335204999,2470.21264210,5,0.00589000,368.62311730,0
1709335205000,62584.57000000,62584.57000000,62584.56000000,62584.57000000,0.02747000,1709335205999,1719.19795880,7,0.00956000,598.30848920,0
1709335206000,62584.56000000,62584.57000000,62584.56000000,62584.57000000,0.02291000,1709335206999,1433.81247870,4,0.02091000,1308.64335870,0
1709335207000,62584.57000000,62584.57000000,62584.57000000,62584.57000000,0.01954000,1709335207999,1222.90249780,3,0.01954000,1222.90249780,0
1709335208000,62584.57000000,62584.57000000,62584.57000000,62584.57000000,0.06384000,1709335208999,3995.39894880,2,0.06384000,3995.39894880,0
1709335209000,62584.57000000,62584.57000000,62584.57000000,62584.57000000,0.00010000,1709335209999,6.25845700,1,0.00010000,6.25845700,0
1709335210000,62584.57000000,62591.07000000,62584.57000000,62591.07000000,1.03567000,1709335210999,64817.28223790,54,1.03408000,64717.76410190,0
1709335211000,62591.08000000,62591.08000000,62591.07000000,62591.08000000,0.08136000,1709335211999,5092.40994730,7,0.04921000,3080.10704680,0
1709335212000,62591.07000000,62591.08000000,62591.07000000,62591.08000000,0.00374000,1709335212999,234.09060740,3,0.00056000,35.05100480,0
1709335213000,62591.07000000,62594.39000000,62591.07000000,62594.38000000,0.57742000,1709335213999,36142.22306350,25,0.50087000,31350.62658450,0
1709335214000,62594.38000000,62603.76000000,62594.38000000,62603.75000000,0.50000000,1709335214999,31298.13518810,33,0.33737000,21117.87833220,0
1709335215000,62603.76000000,62603.76000000,62603.76000000,62603.76000000,0.05206000,1709335215999,3259.15174560,1,0.05206000,3259.15174560,0
1709335216000,62603.76000000,62603.76000000,62603.75000000,62603.75000000,0.01940000,1709335216999,1214.51294030,2,0.01903000,1191.34955280,0
1709335217000,62603.75000000,62603.76000000,62603.75000000,62603.76000000,0.05715000,1709335217999,3577.80484580,8,0.05333000,3338.65852080,0
1709335218000,62603.76000000,62603.76000000,62603.75000000,62603.76000000,0.93755000,1709335218999,58694.14583570,3,0.00232000,145.24072320,0
1709335219000,62603.75000000,62609.35000000,62603.75000000,62609.35000000,0.28807000,1709335219999,18034.27937090,16,0.25290000,15832.50027540,0
1709335220000,62609.36000000,62609.36000000,62609.35000000,62609.35000000,0.00208000,1709335220999,130.22744950,4,0.00015000,9.39140400,0
1709335221000,62609.35000000,62609.35000000,62609.35000000,62609.35000000,0.00000000,1709335221999,0.00000000,0,0.00000000,0.00000000,0
1709335222000,62609.36000000,62620.00000000,62609.36000000,62620.00000000,0.84757000,1709335222999,53067.59810230,30,0.84757000,53067.59810230,0
1709335223000,62621.10000000,62627.15000000,62621.10000000,62627.14000000,0.60875000,1709335223999,38122.49490360,18,0.53549000,33534.80431120,0
1709335224000,62627.14000000,62627.15000000,62627.14000000,62627.15000000,0.08862000,1709335224999,5550.01779370,7,0.06469000,4051.35033350,0
1709335225000,62627.14000000,62627.15000000,62627.14000000,62627.14000000,0.03054000,1709335225999,1912.63311350,3,0.02579000,1615.15419850,0
1709335226000,62627.15000000,62627.15000000,62627.14000000,62627.15000000,0.03951000,1709335226999,2474.39869550,3,0.03941000,2468.13598150,0
1709335227000,62627.14000000,62627.15000000,62627.14000000,62627.15000000,0.00313000,1709335227999,196.02295120,3,0.00030000,18.78814500,0
1709335228000,62627.14000000,62627.14000000,62627.14000000,62627.14000000,0.04379000,1709335228999,2742.44246060,2,0.00000000,0.00000000,0
1709335229000,62627.14000000,62627.14000000,62627.14000000,62627.14000000,0.00322000,1709335229999,201.65939080,1,0.00000000,0.00000000,0
1709335230000,62627.14000000,62627.15000000,62627.14000000,62627.15000000,0.02785000,1709335230999,1744.16586060,5,0.00116000,72.64749400,0
1709335231000,62627.14000000,62627.14000000,62627.14000000,62627.14000000,0.05742000,1709335231999,3596.05037880,4,0.00000000,0.00000000,0
1709335232000,62627.15000000,62627.15000000,62627.14000000,62627.15000000,0.10557000,1709335232999,6611.54820650,6,0.10367000,6492.55664050,0
1709335233000,62627.14000000,62627.15000000,62627.14000000,62627.15000000,0.51362000,1709335233999,32166.55668850,7,0.50417000,31574.73021550,0
1709335234000,62627.15000000,62627.15000000,62627.14000000,62627.14000000,1.40139000,1709335234999,87765.06161280,13,1.38882000,86977.83846300,0
1709335235000,62627.15000000,62627.15000000,62627.15000000,62627.15000000,0.17725000,1709335235999,11100.66233750,2,0.17725000,11100.66233750,0
1709335236000,62627.14000000,62627.15000000,62627.14000000,62627.15000000,0.00447000,1709335236999,279.94332590,4,0.00101000,63.25342150,0
1709335237000,62627.15000000,62627.15000000,62627.14000000,62627.14000000,0.00569000,1709335237999,356.34845660,3,0.00300000,187.88145000,0
1709335238000,62627.14000000,62627.14000000,62627.14000000,62627.14000000,0.00170000,1709335238999,106.46613800,1,0.00000000,0.00000000,0
1709335239000,62627.15000000,62627.15000000,62627.14000000,62627.14000000,0.00681000,1709335239999,426.49085850,2,0.00351000,219.82129650,0
1709335240000,62627.14000000,62627.14000000,62627.14000000,62627.14000000,0.00718000,1709335240999,449.66286520,2,0.00000000,0.00000000,0
1709335241000,62627.14000000,62627.14000000,62627.14000000,62627.14000000,0.00103000,1709335241999,64.50595420,2,0.00000000,0.00000000,0
1709335242000,62627.15000000,62627.15000000,62627.14000000,62627.15000000,0.04526000,1709335242999,2834.50473070,9,0.03743000,2344.13422450,0
1709335243000,62627.15000000,62627.16000000,62627.15000000,62627.16000000,0.50072000,1709335243999,31358.66657610,11,0.50072000,31358.66657610,0
1709335244000,62627.15000000,62627.16000000,62627.15000000,62627.16000000,0.03432000,1709335244999,2149.36412600,5,0.03380000,2116.79800800,0
1709335245000,62627.16000000,62627.16000000,62627.16000000,62627.16000000,0.00012000,1709335245999,7.51525920,1,0.00012000,7.51525920,0
1709335246000,62627.15000000,62627.16000000,62627.15000000,62627.16000000,0.00144000,1709335246999,90.18310560,3,0.00096000,60.12207360,0
1709335247000,62627.15000000,62627.16000000,62627.15000000,62627.16000000,0.00037000,1709335247999,23.17204770,2,0.00022000,13.77797520,0
1709335248000,62627.16000000,62627.16000000,62627.16000000,62627.16000000,0.26115000,1709335248999,16355.08283400,9,0.26115000,16355.08283400,0
1709335249000,62627.16000000,62627.16000000,62627.15000000,62627.15000000,0.29814000,1709335249999,18671.66090400,11,0.24030000,15049.30654800,0
1709335250000,62627.15000000,62627.16000000,62627.15000000,62627.16000000,0.17805000,1709335250999,11150.76565390,7,0.15964000,9997.79982240,0
1709335251000,62627.16000000,62627.16000000,62627.15000000,62627.16000000,0.16325000,1709335251999,10223.88383310,5,0.15956000,9992.78964960,0
1709335252000,62627.15000000,62627.16000000,62610.72000000,62611.84000000,6.84554000,1709335252999,428697.34237070,109,0.24319000,15227.82072400,0
1709335253000,62611.84000000,62627.16000000,62611.84000000,62627.16000000,1.85087000,1709335253999,115898.56768430,47,1.70102000,106514.36850200,0
1709335254000,62627.16000000,62640.00000000,62627.16000000,62640.00000000,1.50095000,1709335254999,94003.69875230,72,1.46037000,91461.93636510,0
1709335255000,62641.10000000,62645.95000000,62641.10000000,62645.95000000,0.36348000,1709335255999,22770.39149230,14,0.36130000,22633.82334310,0
1709335256000,62645.95000000,62645.95000000,62645.95000000,62645.95000000,0.25146000,1709335256999,15752.95058700,12,0.25146000,15752.95058700,0
1709335257000,62645.95000000,62648.75000000,62645.95000000,62648.75000000,0.47190000,1709335257999,29563.37074300,17,0.44945000,28156.90653000,0
1709335258000,62648.74000000,62649.21000000,62648.74000000,62649.20000000,0.54256000,1709335258999,33990.93734670,36,0.26483000,16591.37963070,0
1709335259000,62649.21000000,62649.21000000,62649.20000000,62649.21000000,0.45516000,1709335259999,28515.41352340,43,0.36514000,22875.73253940,0
1709335260000,62649.21000000,62649.21000000,62649.20000000,62649.20000000,0.81312000,1709335260999,50941.32037230,99,0.28683000,17969.67290430,0
1709335261000,62649.20000000,62649.21000000,62644.76000000,62644.77000000,2.33134000,1709335261999,146054.53874320,226,0.24174000,15144.45570220,0
1709335262000,62644.78000000,62647.03000000,62644.78000000,62647.02000000,1.45986000,1709335262999,91453.80043840,30,1.45488000,91141.81827880,0
1709335263000,62647.03000000,62666.63000000,62647.03000000,62666.62000000,1.97391000,1709335263999,123678.59412400,86,1.87719000,117617.92479010,0
1709335264000,62666.62000000,62668.73000000,62666.62000000,62668.73000000,0.37194000,1709335264999,23308.28572920,25,0.30252000,18957.96896880,0
1709335265000,62668.80000000,62675.10000000,62668.80000000,62675.10000000,0.35205000,1709335265999,22063.91721570,32,0.35108000,22003.12405840,0
1709335266000,62675.09000000,62675.10000000,62675.09000000,62675.10000000,0.34413000,1709335266999,21568.38172770,11,0.30060000,18840.13506000,0
1709335267000,62675.10000000,62675.28000000,62675.10000000,62675.28000000,0.23916000,1709335267999,14989.38331500,11,0.23916000,14989.38331500,0
1709335268000,62675.28000000,62675.99000000,62675.27000000,62675.99000000,0.50527000,1709335268999,31667.93822980,28,0.43193000,27071.33381280,0
1709335269000,62675.99000000,62677.31000000,62675.99000000,62677.30000000,0.52667000,1709335269999,33010.07821740,47,0.24102000,15106.37876260,0
1709335270000,62677.31000000,62678.30000000,62677.30000000,62678.30000000,2.10547000,1709335270999,131966.20859010,137,1.02449000,64212.68777860,0
1709335271000,62678.30000000,62678.30000000,62678.29000000,62678.30000000,0.32689000,1709335271999,20488.90941080,8,0.31927000,20011.30084100,0
1709335272000,62678.30000000,62684.60000000,62678.29000000,62684.60000000,0.57255000,1709335272999,35887.80370160,46,0.56902000,35666.54111340,0
1709335273000,62684.59000000,62697.56000000,62684.59000000,62697.56000000,1.24776000,1709335273999,78223.99408800,64,1.21798000,76357.15812580,0
1709335274000,62697.56000000,62699.70000000,62697.56000000,62699.70000000,0.17205000,1709335274999,10787.45650310,16,0.17050000,10690.27243200,0
1709335275000,62699.70000000,62699.70000000,62699.70000000,62699.70000000,0.15938000,1709335275999,9993.07818600,5,0.15938000,9993.07818600,0
1709335276000,62699.69000000,62699.70000000,62699.69000000,62699.70000000,0.55345000,1709335276999,34701.14584030,51,0.24098000,15109.37370600,0
1709335277000,62699.69000000,62699.69000000,62698.74000000,62698.75000000,0.48275000,1709335277999,30268.08375100,52,0.15938000,9992.92677500,0
1709335278000,62698.75000000,62698.75000000,62698.74000000,62698.75000000,0.45522000,1709335278999,28541.72281460,36,0.23918000,14996.28702500,0
1709335279000,62698.74000000,62698.75000000,62698.74000000,62698.75000000,0.24627000,1709335279999,15440.82109380,9,0.23940000,15010.08075000,0
1709335280000,62698.74000000,62698.74000000,62693.53000000,62693.54000000,0.55222000,1709335280999,34621.58330900,42,0.36003000,22571.55520620,0
1709335281000,62693.54000000,62693.54000000,62693.53000000,62693.53000000,0.51712000,1709335281999,32420.08088200,45,0.26484000,16603.75713360,0
1709335282000,62693.53000000,62693.54000000,62693.53000000,62693.54000000,0.60242000,1709335282999,37767.83952150,63,0.31789000,19929.64943060,0
1709335283000,62693.53000000,62696.14000000,62693.53000000,62696.13000000,1.05365000,1709335283999,66058.42224240,41,0.89754000,56271.28332610,0
1709335284000,62696.13000000,62699.73000000,62696.13000000,62699.73000000,1.25715000,1709335284999,78819.96060270,42,1.25592000,78742.84368070,0
1709335285000,62699.72000000,62699.73000000,62699.72000000,62699.73000000,0.27575000,1709335285999,17289.45026470,19,0.24747000,15516.30218310,0
1709335286000,62699.73000000,62699.73000000,62699.73000000,62699.73000000,0.23907000,1709335286999,14989.62445110,17,0.23907000,14989.62445110,0
1709335287000,62699.73000000,62699.73000000,62699.72000000,62699.73000000,0.86167000,1709335287999,54026.47092000,80,0.31876000,19986.16593480,0
1709335288000,62699.72000000,62699.72000000,62697.00000000,62697.01000000,0.52169000,1709335288999,32709.06674500,54,0.25589000,16043.53788890,0
1709335289000,62697.01000000,62697.01000000,62697.00000000,62697.00000000,0.25498000,1709335289999,15986.48360300,8,0.25430000,15943.84964300,0
1709335290000,62697.01000000,62697.01000000,62697.00000000,62697.01000000,0.25021000,1709335290999,15687.41877210,12,0.24021000,15060.44877210,0
1709335291000,62697.01000000,62697.55000000,62697.01000000,62697.55000000,0.32530000,1709335291999,20395.34421100,15,0.32530000,20395.34421100,0
1709335292000,62697.55000000,62698.21000000,62697.55000000,62698.21000000,0.24306000,1709335292999,15239.34520800,9,0.24306000,15239.34520800,0
1709335293000,62698.21000000,62699.73000000,62698.21000000,62699.72000000,0.77254000,1709335293999,48437.43965320,20,0.74006000,46400.98919010,0
1709335294000,62699.73000000,62699.73000000,62699.72000000,62699.72000000,0.27446000,1709335294999,17208.56756250,48,0.24113000,15118.78589490,0
1709335295000,62699.73000000,62699.73000000,62699.73000000,62699.73000000,0.25353000,1709335295999,15896.26254690,80,0.25353000,15896.26254690,0
1709335296000,62699.73000000,62699.73000000,62699.72000000,62699.73000000,0.34285000,1709335296999,21496.60218960,12,0.31876000,19986.16593480,0
1709335297000,62699.72000000,62699.73000000,62699.72000000,62699.72000000,0.44339000,1709335297999,27800.43124150,69,0.23907000,14989.62445110,0
1709335298000,62699.72000000,62699.73000000,62699.72000000,62699.72000000,0.29910000,1709335298999,18753.48864270,21,0.23907000,14989.62445110,0
1709335299000,62699.73000000,62699.73000000,62699.72000000,62699.72000000,0.58036000,1709335299999,36388.41269550,56,0.31963000,20040.71469990,0
1709335300000,62699.73000000,62699.73000000,62699.72000000,62699.73000000,0.25608000,1709335300999,16056.14668990,7,0.23923000,14999.65640790,0
1709335301000,62699.72000000,62699.73000000,62699.72000000,62699.73000000,0.56880000,1709335301999,35663.60362060,16,0.28846000,18086.36411580,0
1709335302000,62699.72000000,62699.73000000,62699.72000000,62699.72000000,0.26804000,1709335302999,16806.03537130,27,0.24225000,15189.00959250,0
1709335303000,62699.73000000,62699.73000000,62699.72000000,62699.73000000,0.74021000,1709335303999,46410.96713190,47,0.73907000,46339.48945110,0
1709335304000,62699.73000000,62699.73000000,62698.75000000,62698.75000000,0.86384000,1709335304999,54162.52868000,61,0.31893000,19996.82488890,0
1709335305000,62697.66000000,62697.67000000,62697.66000000,62697.67000000,0.37636000,1709335305999,23596.89370830,14,0.23907000,14989.13196690,0
1709335306000,62697.66000000,62697.66000000,62690.13000000,62690.13000000,1.38588000,1709335306999,86886.41046840,55,0.22899000,14355.41565420,0
1709335307000,62690.13000000,62690.14000000,62690.13000000,62690.13000000,0.30124000,1709335307999,18884.77747120,14,0.27100000,16989.02794000,0
1709335308000,62690.14000000,62690.14000000,62690.13000000,62690.13000000,0.29985000,1709335308999,18797.63798780,53,0.25073000,15718.29880220,0
1709335309000,62690.13000000,62690.13000000,62688.19000000,62688.19000000,0.52650000,1709335309999,33005.93107660,46,0.23910000,14988.86498200,0
1709335310000,62688.20000000,62688.20000000,62688.20000000,62688.20000000,0.23910000,1709335310999,14988.74862000,3,0.23910000,14988.74862000,0
1709335311000,62688.19000000,62688.20000000,62688.19000000,62688.20000000,0.60545000,1709335311999,37954.56862100,11,0.39855000,24984.38211000,0
1709335312000,62688.20000000,62688.20000000,62688.19000000,62688.20000000,0.25421000,1709335312999,15935.96730890,7,0.25290000,15853.84578000,0
1709335313000,62688.20000000,62688.20000000,62688.19000000,62688.20000000,0.83237000,1709335313999,52179.77635160,35,0.76413000,47901.93426600,0
1709335314000,62688.20000000,62688.20000000,62688.19000000,62688.19000000,0.27405000,1709335314999,17179.70100710,12,0.25376000,15907.75763200,0
1709335315000,62688.19000000,62688.20000000,62688.19000000,62688.19000000,0.28946000,1709335315999,18145.72612440,12,0.26470000,16593.56654000,0
1709335316000,62688.20000000,62688.20000000,62688.19000000,62688.20000000,0.23999000,1709335316999,15044.54111090,6,0.23928000,15000.03249600,0
1709335317000,62688.20000000,62688.20000000,62688.19000000,62688.20000000,0.32942000,1709335317999,20650.74601580,20,0.24660000,15458.91012000,0
1709335318000,62688.20000000,62688.20000000,62688.19000000,62688.20000000,0.31951000,1709335318999,20029.50677490,11,0.31880000,19984.99816000,0
1709335319000,62688.20000000,62688.20000000,62688.19000000,62688.19000000,0.19836000,1709335319999,12434.83115790,38,0.17895000,11218.05339000,0
1709335320000,62688.19000000,62688.20000000,62688.19000000,62688.19000000,0.26445000,1709335320999,16577.89433800,35,0.24925000,15625.03385000,0
1709335321000,62688.20000000,62688.20000000,62688.19000000,62688.20000000,0.27372000,1709335321999,17159.01375780,11,0.23910000,14988.74862000,0
1709335322000,62688.20000000,62688.20000000,62688.19000000,62688.20000000,0.38615000,1709335322999,24207.04805210,18,0.34836000,21838.06135200,0
1709335323000,62688.20000000,62690.14000000,62688.19000000,62690.13000000,1.62334000,1709335323999,101764.43311810,86,1.61854000,101463.52923190,0
1709335324000,62690.14000000,62690.15000000,62690.13000000,62690.15000000,0.29234000,1709335324999,18326.83662430,45,0.26935000,16885.59053560,0
1709335325000,62690.15000000,62690.15000000,62690.14000000,62690.15000000,0.35701000,1709335325999,22381.01026680,21,0.33854000,21223.12338100,0
1709335326000,62690.15000000,62691.30000000,62690.15000000,62691.30000000,0.50433000,1709335326999,31616.55724890,14,0.50433000,31616.55724890,0
1709335327000,62691.29000000,62691.30000000,62691.29000000,62691.30000000,0.29913000,1709335327999,18752.84843660,14,0.28589000,17922.81575700,0
1709335328000,62691.29000000,62691.30000000,62691.29000000,62691.30000000,0.44866000,1709335328999,28127.07658240,10,0.24110000,15114.87243000,0
1709335329000,62691.30000000,62691.30000000,62691.29000000,62691.30000000,0.28247000,1709335329999,17708.41111060,8,0.24243000,15198.25185900,0
1709335330000,62691.30000000,62691.30000000,62691.29000000,62691.29000000,0.31955000,1709335330999,20033.00490750,7,0.31880000,19985.98644000,0
1709335331000,62691.29000000,62691.30000000,62691.29000000,62691.30000000,0.17608000,1709335331999,11038.68393720,5,0.15940000,9992.99322000,0
1709335332000,62691.30000000,62691.30000000,62691.29000000,62691.30000000,0.53706000,1709335332999,33668.98668300,9,0.24756000,15519.85822800,0
1709335333000,62691.30000000,62691.30000000,62691.29000000,62691.30000000,0.77656000,1709335333999,48683.55555340,9,0.73910000,46335.13983000,0
1709335334000,62691.30000000,62691.30000000,62691.29000000,62691.30000000,0.24345000,1709335334999,15262.19697200,9,0.24215000,15180.69829500,0
1709335335000,62691.30000000,62691.30000000,62691.29000000,62691.30000000,0.17325000,1709335335999,10861.26769200,6,0.16995000,10654.38643500,0
1709335336000,62691.29000000,62691.30000000,62691.29000000,62691.30000000,0.08619000,1709335336999,5403.36308290,4,0.07978000,5001.51191400,0
1709335337000,62691.29000000,62691.30000000,62691.29000000,62691.30000000,0.34807000,1709335337999,21820.95890430,5,0.15940000,9992.99322000,0
1709335338000,62691.30000000,62691.30000000,62691.29000000,62691.29000000,0.15173000,1709335338999,9512.15092010,8,0.14884000,9330.97309200,0
1709335339000,62691.29000000,62691.30000000,62691.29000000,62691.30000000,0.24986000,1709335339999,15664.04787610,10,0.21567000,13520.63267100,0
1709335340000,62691.30000000,62691.30000000,62691.29000000,62691.30000000,0.63174000,1709335340999,39604.59831810,16,0.27735000,17387.43205500,0
1709335341000,62691.29000000,62699.80000000,62691.29000000,62699.80000000,1.67408000,1709335341999,104951.50763310,40,1.65392000,103687.65122670,0
1709335342000,62699.80000000,62706.55000000,62699.80000000,62706.54000000,0.71725000,1709335342999,44973.99344490,45,0.44063000,27628.12368010,0
1709335343000,62706.54000000,62709.27000000,62706.54000000,62709.27000000,0.87685000,1709335343999,54985.13370730,17,0.68851000,43174.88857330,0
1709335344000,62709.27000000,62709.27000000,62709.26000000,62709.27000000,0.24526000,1709335344999,15380.07554670,9,0.24391000,15295.41804570,0
1709335345000,62709.27000000,62709.27000000,62709.26000000,62709.27000000,0.33146000,1709335345999,20785.61450790,8,0.31883000,19993.59655410,0
1709335346000,62709.27000000,62724.00000000,62709.27000000,62723.99000000,4.70273000,1709335346999,294930.76189600,198,3.84085000,240870.65151760,0
1709335347000,62723.99000000,62723.99000000,62711.22000000,62711.22000000,2.85641000,1709335347999,179146.58884450,363,0.01788000,1121.47579680,0
1709335348000,62711.22000000,62711.22000000,62706.13000000,62706.13000000,0.82339000,1709335348999,51633.95158110,72,0.07978000,5002.82512520,0
1709335349000,62706.13000000,62706.13000000,62705.12000000,62705.12000000,0.99473000,1709335349999,62375.66524660,85,0.00000000,0.00000000,0
1709335350000,62703.65000000,62703.65000000,62699.79000000,62699.80000000,0.28382000,1709335350999,17795.63625560,21,0.08207000,5145.77258600,0
1709335351000,62699.79000000,62699.80000000,62699.79000000,62699.79000000,0.12910000,1709335351999,8094.54370800,10,0.08190000,5135.11362000,0
1709335352000,62699.79000000,62699.79000000,62698.03000000,62698.03000000,0.36302000,1709335352999,22761.10037710,59,0.00047000,29.46835140,0
1709335353000,62698.02000000,62698.02000000,62688.00000000,62688.01000000,1.21191000,1709335353999,75976.65117380,70,0.69285000,43434.25070550,0
1709335354000,62688.01000000,62688.01000000,62688.00000000,62688.00000000,0.11748000,1709335354999,7364.58634360,13,0.01036000,649.44778360,0
1709335355000,62688.01000000,62688.01000000,62676.01000000,62676.01000000,1.28196000,1709335355999,80359.79869220,84,0.03134000,1964.29669930,0
1709335356000,62676.00000000,62676.00000000,62674.17000000,62674.17000000,1.28857000,1709335356999,80760.82122510,44,1.08473000,67984.98172570,0
1709335357000,62674.17000000,62674.17000000,62664.91000000,62664.92000000,0.76310000,1709335357999,47824.14916230,39,0.20338000,12745.57805250,0
1709335358000,62664.92000000,62664.92000000,62664.91000000,62664.91000000,0.34256000,1709335358999,21466.49316420,7,0.15946000,9992.54814320,0
1709335359000,62664.91000000,62664.92000000,62664.91000000,62664.92000000,0.29502000,1709335359999,18487.40424080,19,0.24926000,15619.85795920,0
1709335360000,62664.91000000,62664.92000000,62664.91000000,62664.91000000,0.35533000,1709335360999,22266.72497420,14,0.25039000,15690.66931880,0
1709335361000,62664.92000000,62664.92000000,62664.92000000,62664.92000000,0.17558000,1709335361999,11002.70665360,8,0.17558000,11002.70665360,0
1709335362000,62664.91000000,62664.92000000,62664.91000000,62664.91000000,0.34760000,1709335362999,21782.32594210,14,0.32261000,20216.32984120,0
1709335363000,62664.91000000,62664.92000000,62664.91000000,62664.92000000,0.84582000,1709335363999,53003.24156900,11,0.73928000,46326.92205760,0
1709335364000,62664.92000000,62664.92000000,62664.92000000,62664.92000000,0.00365000,1709335364999,228.72695800,1,0.00365000,228.72695800,0
1709335365000,62664.92000000,62664.92000000,62664.92000000,62664.92000000,0.24716000,1709335365999,15488.26162720,7,0.24716000,15488.26162720,0
1709335366000,62664.92000000,62664.92000000,62664.91000000,62664.92000000,0.26078000,1709335366999,16341.75763760,8,0.24078000,15088.45943760,0
1709335367000,62664.92000000,62664.92000000,62664.91000000,62664.92000000,0.28862000,1709335367999,18086.34900010,7,0.26759000,16768.50594280,0
1709335368000,62664.92000000,62664.92000000,62664.91000000,62664.92000000,0.32042000,1709335368999,20079.09366460,10,0.32024000,20067.81398080,0
1709335369000,62664.92000000,62664.92000000,62664.91000000,62664.92000000,0.25720000,1709335369999,16117.41741790,10,0.25659000,16079.19182280,0
1709335370000,62664.92000000,62664.92000000,62664.91000000,62664.92000000,0.24451000,1709335370999,15322.19956950,7,0.24254000,15198.74969680,0
1709335371000,62664.91000000,62664.92000000,62664.91000000,62664.91000000,0.28074000,1709335371999,17592.54922530,7,0.23919000,14988.82221480,0
1709335372000,62664.92000000,62664.92000000,62651.71000000,62651.71000000,1.10860000,1709335372999,69468.05805900,75,0.16028000,10043.37009310,0
1709335373000,62651.71000000,62651.72000000,62648.01000000,62648.02000000,1.19420000,1709335373999,74816.11531620,72,0.58285000,36514.58693500,0
1709335374000,62648.01000000,62648.02000000,62648.01000000,62648.02000000,0.10145000,1709335374999,6355.64073740,8,0.01229000,769.94416580,0
1709335375000,62648.01000000,62648.02000000,62648.01000000,62648.02000000,0.28181000,1709335375999,17654.83821680,12,0.25187000,15779.15679740,0
1709335376000,62648.02000000,62648.02000000,62648.01000000,62648.01000000,0.23961000,1709335376999,15011.09207050,5,0.23944000,15000.44190880,0
1709335377000,62648.02000000,62648.02000000,62648.01000000,62648.02000000,0.32141000,1709335377999,20135.70010690,7,0.32128000,20127.55586560,0
1709335378000,62648.01000000,62648.02000000,62648.01000000,62648.02000000,0.24744000,1709335378999,15501.62604240,7,0.24480000,15336.23529600,0
1709335379000,62648.02000000,62648.02000000,62648.01000000,62648.02000000,0.27001000,1709335379999,16915.59170520,35,0.25251000,15819.25153020,0
1709335380000,62648.02000000,62650.71000000,62648.01000000,62650.70000000,0.95495000,1709335380999,59826.11260190,63,0.93899000,58826.24955530,0
1709335381000,62650.70000000,62650.71000000,62650.70000000,62650.71000000,0.08727000,1709335381999,5467.52739400,6,0.08050000,5043.38215500,0
1709335382000,62650.71000000,62650.71000000,62650.71000000,62650.71000000,0.16229000,1709335382999,10167.58372590,7,0.16229000,10167.58372590,0
1709335383000,62650.71000000,62654.95000000,62650.70000000,62654.95000000,0.98910000,1709335383999,61968.85956600,27,0.90519000,56711.83575140,0
1709335384000,62654.94000000,62656.61000000,62654.94000000,62656.61000000,0.11168000,1709335384999,6997.30891230,3,0.07975000,4996.73667810,0
1709335385000,62656.61000000,62656.61000000,62656.60000000,62656.60000000,0.19143000,1709335385999,11994.35453290,4,0.15949000,9993.10272890,0
1709335386000,62656.61000000,62656.61000000,62656.60000000,62656.61000000,0.24935000,1709335386999,15623.42560350,7,0.23935000,14996.85960350,0
1709335387000,62656.60000000,62656.61000000,62656.60000000,62656.61000000,0.08523000,1709335387999,5340.22284350,5,0.08255000,5172.30315550,0
1709335388000,62656.61000000,62664.29000000,62656.61000000,62664.29000000,1.55979000,1709335388999,97731.44738790,33,1.55269000,97286.55172890,0
1709335389000,62664.30000000,62664.92000000,62664.30000000,62664.92000000,1.20448000,1709335389999,75478.59339290,16,1.20349000,75416.55513200,0
1709335390000,62664.92000000,62671.10000000,62664.91000000,62671.10000000,0.90471000,1709335390999,56694.65928270,44,0.89345000,55988.99059610,0
1709335391000,62671.10000000,62671.10000000,62671.09000000,62671.09000000,0.20387000,1709335391999,12776.75623480,17,0.11165000,6997.22831500,0
1709335392000,62671.09000000,62671.10000000,62666.66000000,62666.66000000,1.29985000,1709335392999,81461.94740180,125,0.27110000,16989.78200610,0
1709335393000,62666.67000000,62666.67000000,62666.66000000,62666.66000000,0.50627000,1709335393999,31726.25498180,8,0.50236000,31481.22834120,0
1709335394000,62666.67000000,62666.67000000,62664.91000000,62664.91000000,0.26033000,1709335394999,16313.82925130,27,0.00016000,10.02666720,0
1709335395000,62664.91000000,62664.92000000,62664.91000000,62664.92000000,0.00030000,1709335395999,18.79947490,2,0.00019000,11.90633480,0
1709335396000,62664.92000000,62664.92000000,62664.92000000,62664.92000000,0.00804000,1709335396999,503.82595680,2,0.00804000,503.82595680,0
1709335397000,62664.91000000,62664.92000000,62658.92000000,62658.92000000,0.76110000,1709335397999,47693.97488350,63,0.00031000,19.42612520,0
1709335398000,62658.00000000,62658.01000000,62658.00000000,62658.00000000,0.03803000,1709335398999,2382.88375520,6,0.00152000,95.24017520,0
1709335399000,62658.01000000,62658.01000000,62658.00000000,62658.01000000,0.56747000,1709335399999,35556.54084930,12,0.55893000,35021.44152930,0
1709335400000,62658.00000000,62658.00000000,62658.00000000,62658.00000000,0.00023000,1709335400999,14.41134000,1,0.00000000,0.00000000,0
1709335401000,62658.00000000,62658.01000000,62658.00000000,62658.01000000,0.08118000,1709335401999,5086.57724360,7,0.08036000,5035.19768360,0
1709335402000,62658.01000000,62658.01000000,62658.00000000,62658.00000000,0.26789000,1709335402999,16785.45402130,10,0.24013000,15046.06794130,0
1709335403000,62658.01000000,62658.01000000,62658.00000000,62658.01000000,0.73946000,1709335403999,46333.09207220,13,0.73922000,46318.05415220,0
1709335404000,62658.01000000,62675.91000000,62658.01000000,62675.91000000,4.69270000,1709335404999,294069.92933100,63,4.64382000,291006.44997020,0
1709335405000,62675.91000000,62681.10000000,62675.91000000,62681.09000000,0.35891000,1709335405999,22495.45856530,8,0.35253000,22095.55321110,0
1709335406000,62681.10000000,62681.20000000,62681.10000000,62681.20000000,0.20024000,1709335406999,12551.26363000,6,0.19858000,12447.21283800,0
1709335407000,62681.21000000,62681.24000000,62681.20000000,62681.24000000,0.26857000,1709335407999,16834.29306290,10,0.26757000,16771.61186290,0
1709335408000,62683.53000000,62683.53000000,62683.52000000,62683.52000000,0.14671000,1709335408999,9196.30036000,9,0.11408000,7150.93710240,0
1709335409000,62683.53000000,62683.53000000,62683.52000000,62683.52000000,0.00447000,1709335409999,280.19537350,2,0.00391000,245.09260230,0
1709335410000,62683.52000000,62684.81000000,62683.52000000,62684.81000000,0.34346000,1709335410999,21529.40807250,11,0.32261000,20222.43092690,0
1709335411000,62685.10000000,62685.10000000,62685.10000000,62685.10000000,0.04405000,1709335411999,2761.27865500,5,0.00000000,0.00000000,0
1709335412000,62685.10000000,62685.11000000,62685.10000000,62685.11000000,0.01216000,1709335412999,762.25081760,3,0.00016000,10.02961760,0
1709335413000,62685.11000000,62685.11000000,62685.10000000,62685.10000000,0.50496000,1709335413999,31653.47309980,11,0.50038000,31366.37534180,0
1709335414000,62685.11000000,62689.99000000,62685.11000000,62689.99000000,0.56344000,1709335414999,35319.37752680,13,0.55133000,34560.20174790,0
1709335415000,62690.00000000,62690.00000000,62689.99000000,62690.00000000,0.03229000,1709335415999,2024.26009620,5,0.03191000,2000.43790000,0
1709335416000,62689.99000000,62698.61000000,62689.99000000,62698.60000000,0.21955000,1709335416999,13765.16192180,22,0.12553000,7870.24850420,0
1709335417000,62698.60000000,62698.60000000,62698.60000000,62698.60000000,0.08464000,1709335417999,5306.80950400,3,0.00000000,0.00000000,0
1709335418000,62698.60000000,62698.61000000,62698.60000000,62698.61000000,0.00130000,1709335418999,81.50818900,4,0.00090000,56.42874900,0
1709335419000,62699.99000000,62700.00000000,62699.99000000,62700.00000000,0.00329000,1709335419999,206.28296930,2,0.00022000,13.79400000,0
1709335420000,62699.99000000,62700.00000000,62699.99000000,62700.00000000,0.00107000,1709335420999,67.08899570,2,0.00064000,40.12800000,0
1709335421000,62700.00000000,62700.00000000,62699.99000000,62699.99000000,0.02868000,1709335421999,1798.23582850,8,0.01153000,722.93100000,0
1709335422000,62699.99000000,62700.00000000,62699.99000000,62699.99000000,0.01034000,1709335422999,648.31791050,4,0.00139000,87.15300000,0
1709335423000,62699.99000000,62700.00000000,62699.99000000,62700.00000000,0.53678000,1709335423999,33656.10595130,15,0.53191000,33350.75700000,0
1709335424000,62699.99000000,62700.00000000,62699.99000000,62700.00000000,0.01578000,1709335424999,989.40585500,4,0.00128000,80.25600000,0
1709335425000,62699.99000000,62699.99000000,62692.20000000,62692.20000000,0.50768000,1709335425999,31831.32047740,28,0.00000000,0.00000000,0
1709335426000,62692.21000000,62692.21000000,62692.20000000,62692.20000000,0.00233000,1709335426999,146.07282930,2,0.00033000,20.68842930,0
1709335427000,62692.20000000,62692.21000000,62692.20000000,62692.21000000,0.26307000,1709335427999,16492.43965730,4,0.26033000,16320.66302930,0
1709335428000,62692.20000000,62692.20000000,62692.20000000,62692.20000000,0.03417000,1709335428999,2142.19247400,3,0.00000000,0.00000000,0
1709335429000,62692.20000000,62692.21000000,62692.20000000,62692.21000000,0.04924000,1709335429999,3086.96428500,6,0.03570000,2238.11189700,0
1709335430000,62692.20000000,62692.20000000,62692.20000000,62692.20000000,0.00892000,1709335430999,559.21442400,3,0.00000000,0.00000000,0
1709335431000,62692.21000000,62692.21000000,62692.20000000,62692.21000000,0.02763000,1709335431999,1732.18574150,7,0.02555000,1601.78596550,0
1709335432000,62692.20000000,62692.20000000,62686.99000000,62686.99000000,1.29953000,1709335432999,81469.59938420,23,0.00000000,0.00000000,0
1709335433000,62686.39000000,62686.40000000,62686.39000000,62686.40000000,0.70583000,1709335433999,44245.93969800,8,0.50443000,31620.90075200,0
1709335434000,62686.39000000,62686.40000000,62686.39000000,62686.39000000,0.39558000,1709335434999,24797.48583620,16,0.36800000,23068.59520000,0
1709335435000,62686.40000000,62686.40000000,62686.40000000,62686.40000000,0.00032000,1709335435999,20.05964800,1,0.00032000,20.05964800,0
1709335436000,62686.40000000,62686.40000000,62686.39000000,62686.39000000,0.08463000,1709335436999,5305.14920540,7,0.00197000,123.49220800,0
1709335437000,62686.40000000,62689.48000000,62686.40000000,62689.48000000,0.65974000,1709335437999,41356.72730480,25,0.65974000,41356.72730480,0
1709335438000,62691.88000000,62691.88000000,62691.88000000,62691.88000000,0.00178000,1709335438999,111.59154640,2,0.00178000,111.59154640,0
1709335439000,62691.88000000,62691.88000000,62691.87000000,62691.88000000,0.29827000,1709335439999,18699.10566760,45,0.16027000,10047.62760760,0
1709335440000,62691.88000000,62691.88000000,62691.87000000,62691.87000000,0.03759000,1709335440999,2356.58752590,22,0.01326000,831.29432880,0
1709335441000,62691.88000000,62691.88000000,62691.87000000,62691.87000000,0.04600000,1709335441999,2883.82608870,7,0.00687000,430.69321560,0
1709335442000,62691.87000000,62691.87000000,62691.87000000,62691.87000000,0.00000000,1709335442999,0.00000000,0,0.00000000,0.00000000,0
1709335443000,62691.88000000,62691.88000000,62691.87000000,62691.88000000,0.50059000,1709335443999,31382.92820820,3,0.50049000,31376.65902120,0
1709335444000,62691.88000000,62692.20000000,62691.87000000,62692.20000000,0.40125000,1709335444999,25155.11862130,21,0.39763000,24928.17364470,0
1709335445000,62692.20000000,62692.20000000,62692.20000000,62692.20000000,0.00000000,1709335445999,0.00000000,0,0.00000000,0.00000000,0
1709335446000,62692.19000000,62692.20000000,62692.19000000,62692.20000000,0.03703000,1709335446999,2321.49183600,3,0.00403000,252.64956600,0
1709335447000,62692.19000000,62692.20000000,62692.19000000,62692.19000000,0.07425000,1709335447999,4654.89512340,4,0.00159000,99.68059800,0
1709335448000,62692.19000000,62692.20000000,62692.19000000,62692.19000000,0.03513000,1709335448999,2202.37670500,8,0.00703000,440.72616600,0
1709335449000,62692.20000000,62692.20000000,62692.19000000,62692.20000000,0.35386000,1709335449999,22184.26188100,8,0.35276000,22115.30047200,0
1709335450000,62692.19000000,62692.20000000,62692.19000000,62692.20000000,0.01402000,1709335450999,878.94460890,7,0.01051000,658.89502200,0
1709335451000,62692.20000000,62692.20000000,62692.20000000,62692.20000000,0.01703000,1709335451999,1067.64816600,1,0.01703000,1067.64816600,0
1709335452000,62692.20000000,62692.20000000,62692.19000000,62692.19000000,0.00211000,1709335452999,132.28052490,3,0.00040000,25.07688000,0
1709335453000,62692.19000000,62692.20000000,62692.19000000,62692.19000000,0.73001000,1709335453999,45765.93149430,29,0.58724000,36815.36752800,0
1709335454000,62692.19000000,62692.20000000,62692.19000000,62692.20000000,0.27025000,1709335454999,16942.56435740,4,0.00099000,62.06527800,0
1709335455000,62692.20000000,62692.20000000,62692.19000000,62692.19000000,0.01176000,1709335455999,737.26020810,4,0.00537000,336.65711400,0
1709335456000,62692.19000000,62692.19000000,62692.19000000,62692.19000000,0.00128000,1709335456999,80.24600320,2,0.00000000,0.00000000,0
1709335457000,62692.20000000,62692.20000000,62692.19000000,62692.19000000,0.00497000,1709335457999,311.58018670,4,0.00024000,15.04612800,0
1709335458000,62692.19000000,62692.20000000,62692.19000000,62692.20000000,0.00449000,1709335458999,281.48794240,7,0.00093000,58.30374600,0
1709335459000,62692.20000000,62692.20000000,62692.19000000,62692.20000000,0.26632000,1709335459999,16696.18666530,8,0.26245000,16453.56789000,0
1709335460000,62692.19000000,62692.20000000,62692.19000000,62692.19000000,0.02179000,1709335460999,1366.06300560,4,0.01855000,1162.94031000,0
1709335461000,62692.19000000,62692.19000000,62692.19000000,62692.19000000,0.12687000,1709335461999,7953.75814530,7,0.00000000,0.00000000,0
1709335462000,62692.19000000,62692.19000000,62692.19000000,62692.19000000,0.01402000,1709335462999,878.94450380,5,0.00000000,0.00000000,0
1709335463000,62692.20000000,62692.20000000,62686.39000000,62686.40000000,1.75000000,1709335463999,109706.76195790,55,0.53217000,33359.82299600,0
1709335464000,62686.39000000,62686.40000000,62686.39000000,62686.40000000,0.01265000,1709335464999,792.98289580,3,0.00623000,390.53627200,0
1709335465000,62686.40000000,62686.40000000,62686.40000000,62686.40000000,0.00023000,1709335465999,14.41787200,1,0.00023000,14.41787200,0
1709335466000,62686.39000000,62686.39000000,62686.39000000,62686.39000000,0.00232000,1709335466999,145.43242480,1,0.00000000,0.00000000,0
1709335467000,62686.40000000,62686.40000000,62674.54000000,62674.54000000,0.81578000,1709335467999,51134.66188970,69,0.00011000,6.89550400,0
1709335468000,62674.54000000,62674.55000000,62674.54000000,62674.54000000,0.03438000,1709335468999,2154.75069730,6,0.00121000,75.83620550,0
1709335469000,62674.55000000,62674.55000000,62674.54000000,62674.54000000,0.23329000,1709335469999,14621.34575680,7,0.23202000,14541.74909100,0
1709335470000,62674.55000000,62674.55000000,62674.54000000,62674.54000000,0.01185000,1709335470999,742.69341650,4,0.01175000,736.42596250,0
1709335471000,62674.55000000,62674.55000000,62674.54000000,62674.54000000,0.01134000,1709335471999,710.72929150,4,0.00079000,49.51289450,0
1709335472000,62674.54000000,62674.54000000,62674.54000000,62674.54000000,0.00131000,1709335472999,82.10364740,2,0.00000000,0.00000000,0
1709335473000,62674.54000000,62674.55000000,62674.54000000,62674.54000000,0.50135000,1709335473999,31421.88562900,20,0.50000000,31337.27500000,0
1709335474000,62674.54000000,62674.55000000,62674.54000000,62674.54000000,0.34548000,1709335474999,21652.80323650,5,0.31573000,19788.23567150,0
1709335475000,62674.55000000,62674.55000000,62674.55000000,62674.55000000,0.03119000,1709335475999,1954.81921450,1,0.03119000,1954.81921450,0
1709335476000,62674.54000000,62674.55000000,62674.54000000,62674.55000000,0.01206000,1709335476999,755.85495640,2,0.00040000,25.06982000,0
1709335477000,62674.54000000,62674.55000000,62674.54000000,62674.55000000,0.02569000,1709335477999,1610.10913380,4,0.02012000,1261.01194600,0
1709335478000,62674.55000000,62674.55000000,62674.54000000,62674.54000000,0.08999000,1709335478999,5640.08187570,4,0.00211000,132.24330050,0
1709335479000,62674.55000000,62674.55000000,62674.55000000,62674.55000000,0.02971000,1709335479999,1862.06088050,2,0.02971000,1862.06088050,0
1709335480000,62674.55000000,62674.55000000,62674.54000000,62674.55000000,0.07177000,1709335480999,4498.15174250,5,0.00067000,41.99194850,0
1709335481000,62674.54000000,62674.55000000,62674.54000000,62674.55000000,0.04019000,1709335481999,2518.88978540,3,0.00228000,142.89797400,0
1709335482000,62674.55000000,62674.55000000,62674.54000000,62674.54000000,0.01096000,1709335482999,686.91306580,4,0.01074000,673.12466700,0
1709335483000,62674.55000000,62674.55000000,62674.55000000,62674.55000000,0.50000000,1709335483999,31337.27500000,6,0.50000000,31337.27500000,0
1709335484000,62674.54000000,62674.55000000,62674.54000000,62674.55000000,0.37488000,1709335484999,23495.43522870,15,0.36735000,23023.49594250,0
1709335485000,62674.54000000,62674.55000000,62674.54000000,62674.55000000,0.01031000,1709335485999,646.17455620,4,0.00488000,305.85180400,0
1709335486000,62674.54000000,62684.21000000,62674.54000000,62684.21000000,3.38572000,1709335486999,212207.63537540,66,3.38273000,212020.23405260,0
1709335487000,62684.22000000,62684.22000000,62684.22000000,62684.22000000,0.42483000,1709335487999,26630.13718260,13,0.42483000,26630.13718260,0
1709335488000,62684.21000000,62684.22000000,62684.21000000,62684.21000000,0.00848000,1709335488999,531.56210260,5,0.00018000,11.28315960,0
1709335489000,62684.22000000,62684.22000000,62684.21000000,62684.21000000,0.00836000,1709335489999,524.04006110,6,0.00655000,410.58164100,0
1709335490000,62684.21000000,62684.21000000,62684.21000000,62684.21000000,0.01701000,1709335490999,1066.25841210,4,0.00000000,0.00000000,0
1709335491000,62684.22000000,62684.22000000,62684.22000000,62684.22000000,0.04159000,1709335491999,2607.03670980,1,0.04159000,2607.03670980,0
1709335492000,62684.22000000,62684.22000000,62684.22000000,62684.22000000,0.00000000,1709335492999,0.00000000,0,0.00000000,0.00000000,0
1709335493000,62684.22000000,62684.22000000,62684.21000000,62684.21000000,0.53675000,1709335493999,33645.75471980,8,0.50023000,31356.52737060,0
1709335494000,62684.22000000,62684.22000000,62684.21000000,62684.22000000,0.29389000,1709335494999,18422.26537670,5,0.28998000,18177.17011560,0
1709335495000,62684.21000000,62684.22000000,62684.21000000,62684.21000000,0.02556000,1709335495999,1602.20840900,4,0.00014000,8.77579080,0
1709335496000,62684.21000000,62684.22000000,62684.21000000,62684.22000000,0.00806000,1709335496999,505.23476700,3,0.00344000,215.63371680,0
1709335497000,62684.22000000,62684.22000000,62684.21000000,62684.21000000,0.01256000,1709335497999,787.31372340,5,0.00458000,287.09372760,0
1709335498000,62684.21000000,62684.22000000,62684.21000000,62684.22000000,0.45341000,1709335498999,28421.65128140,8,0.36253000,22724.91027660,0
1709335499000,62684.22000000,62684.22000000,62684.21000000,62684.22000000,1.32998000,1709335499999,83368.75877760,46,1.31618000,82503.71667960,0
1709335500000,62684.22000000,62684.22000000,62684.21000000,62684.22000000,0.03739000,1709335500999,2343.76277540,33,0.01635000,1024.88699700,0
1709335501000,62684.21000000,62684.21000000,62684.21000000,62684.21000000,0.00074000,1709335501999,46.38631540,2,0.00000000,0.00000000,0
1709335502000,62684.22000000,62684.22000000,62676.19000000,62676.19000000,0.59834000,1709335502999,37505.64527610,26,0.00050000,31.34211000,0
1709335503000,62676.00000000,62676.01000000,62676.00000000,62676.00000000,0.62945000,1709335503999,39451.41353700,15,0.53370000,33450.18653700,0
1709335504000,62676.00000000,62676.00000000,62675.00000000,62675.00000000,0.29203000,1709335504999,18303.14581000,13,0.00000000,0.00000000,0
1709335505000,62675.00000000,62675.01000000,62675.00000000,62675.01000000,0.01044000,1709335505999,654.32704630,5,0.00463000,290.18529630,0
1709335506000,62675.01000000,62675.01000000,62675.00000000,62675.01000000,0.00764000,1709335506999,478.83706500,4,0.00650000,407.38756500,0
1709335507000,62675.01000000,62675.01000000,62675.00000000,62675.00000000,0.00925000,1709335507999,579.74377410,7,0.00241000,151.04677410,0
1709335508000,62675.00000000,62675.01000000,62675.00000000,62675.00000000,0.02912000,1709335508999,1825.09607770,5,0.00777000,486.98482770,0
1709335509000,62675.00000000,62675.01000000,62675.00000000,62675.01000000,0.30243000,1709335509999,18954.80317200,15,0.29220000,18313.63792200,0
1709335510000,62675.01000000,62675.01000000,62675.00000000,62675.00000000,0.03856000,1709335510999,2416.74808630,7,0.00863000,540.88533630,0
1709335511000,62675.01000000,62675.01000000,62675.00000000,62675.00000000,0.00844000,1709335511999,528.97701850,6,0.00185000,115.94876850,0
1709335512000,62675.00000000,62675.01000000,62672.00000000,62672.00000000,0.58213000,1709335512999,36484.97581740,30,0.00319000,199.93328190,0
1709335513000,62672.00000000,62672.01000000,62663.11000000,62663.11000000,1.16543000,1709335513999,73036.93033490,34,0.50724000,31789.73441520,0
1709335514000,62661.40000000,62661.40000000,62661.39000000,62661.39000000,0.05383000,1709335514999,3373.06315810,8,0.05344000,3348.62521600,0
1709335515000,62661.39000000,62661.40000000,62661.39000000,62661.39000000,0.64483000,1709335515999,40405.94461420,17,0.05005000,3136.20307000,0
1709335516000,62661.40000000,62661.40000000,62661.39000000,62661.39000000,0.00309000,1709335516999,193.62369860,3,0.00035000,21.93149000,0
1709335517000,62661.40000000,62661.40000000,62661.39000000,62661.39000000,1.63923000,1709335517999,102716.44654190,29,1.62122000,101587.91490800,0
1709335518000,62661.40000000,62661.40000000,62661.39000000,62661.39000000,0.16997000,1709335518999,10650.55672590,8,0.02676000,1676.81906400,0
1709335519000,62661.40000000,62661.40000000,62661.39000000,62661.40000000,0.02088000,1709335519999,1308.37001720,6,0.01940000,1215.63116000,0
1709335520000,62661.39000000,62661.39000000,62577.48000000,62598.00000000,20.90422000,1709335520999,1308982.27910730,431,1.32086000,82711.18138990,0
1709335521000,62598.00000000,62598.00000000,62589.62000000,62592.48000000,2.74028000,1709335521999,171522.75076310,105,0.06148000,3848.25570020,0
1709335522000,62592.47000000,62592.48000000,62589.24000000,62592.47000000,5.15627000,1709335522999,322728.46767070,64,5.11417000,320093.40055640,0
1709335523000,62592.48000000,62595.68000000,62592.48000000,62595.67000000,1.65319000,1709335523999,103479.93838790,54,1.58862000,99438.13597600,0
1709335524000,62595.68000000,62595.68000000,62595.67000000,62595.67000000,0.02514000,1709335524999,1573.65538800,6,0.02442000,1528.58650560,0
1709335525000,62595.67000000,62595.68000000,62595.67000000,62595.68000000,0.01864000,1709335525999,1166.78330650,4,0.00177000,110.79435360,0
1709335526000,62595.67000000,62595.68000000,62595.67000000,62595.67000000,0.00327000,1709335526999,204.68784440,4,0.00035000,21.90848800,0
1709335527000,62595.68000000,62595.68000000,62595.67000000,62595.68000000,0.08684000,1709335527999,5435.80882120,7,0.08384000,5248.02181120,0
1709335528000,62595.67000000,62595.67000000,62590.48000000,62590.48000000,0.46367000,1709335528999,29023.63147230,20,0.00025000,15.64762000,0
1709335529000,62590.48000000,62590.48000000,62590.47000000,62590.48000000,0.03178000,1709335529999,1989.12541940,5,0.02828000,1770.05877440,0
1709335530000,62590.47000000,62590.48000000,62590.47000000,62590.47000000,0.38589000,1709335530999,24153.03869490,7,0.22266000,13936.39627680,0
1709335531000,62590.47000000,62590.48000000,62590.47000000,62590.47000000,1.06042000,1709335531999,66372.18673560,16,0.05382000,3368.61963360,0
1709335532000,62590.47000000,62590.48000000,62590.47000000,62590.48000000,0.45181000,1709335532999,28279.00030120,33,0.00505000,316.08192400,0
1709335533000,62590.47000000,62590.48000000,62590.47000000,62590.47000000,0.50898000,1709335533999,31857.30242060,6,0.50000000,31295.24000000,0
1709335534000,62590.47000000,62590.47000000,62589.11000000,62589.12000000,0.35262000,1709335534999,22070.51765300,8,0.09656000,6043.60542720,0
1709335535000,62589.12000000,62589.12000000,62574.01000000,62574.02000000,0.69411000,1709335535999,43440.45206130,81,0.00437000,273.49439670,0
1709335536000,62574.02000000,62574.03000000,62574.02000000,62574.03000000,0.33682000,1709335536999,21076.18157840,10,0.01620000,1013.69928600,0
1709335537000,62574.03000000,62574.03000000,62574.02000000,62574.02000000,0.00902000,1709335537999,564.41773120,3,0.00708000,443.02413240,0
1709335538000,62574.03000000,62574.03000000,62570.09000000,62570.09000000,0.70485000,1709335538999,44105.06609150,30,0.23032000,14412.05058960,0
1709335539000,62570.00000000,62570.00000000,62568.00000000,62568.00000000,0.27007000,1709335539999,16897.82909780,74,0.00199000,124.51033990,0
1709335540000,62568.01000000,62568.01000000,62568.00000000,62568.00000000,0.34960000,1709335540999,21873.77623710,10,0.34371000,21505.25071710,0
1709335541000,62568.01000000,62568.01000000,62568.00000000,62568.00000000,0.01270000,1709335541999,794.61369510,3,0.00951000,595.02177510,0
1709335542000,62568.00000000,62568.01000000,62568.00000000,62568.00000000,0.48019000,1709335542999,30044.52813230,35,0.02123000,1328.31885230,0
1709335543000,62568.00000000,62568.00000000,62564.02000000,62564.03000000,0.37003000,1709335543999,23151.30213750,91,0.01006000,629.39414180,0
1709335544000,62564.02000000,62564.03000000,62564.02000000,62564.03000000,0.15888000,1709335544999,9940.17150170,14,0.00041000,25.65125230,0
1709335545000,62564.02000000,62564.03000000,62561.11000000,62561.11000000,0.69117000,1709335545999,43242.32613590,19,0.00116000,72.57319440,0
1709335546000,62561.11000000,62561.11000000,62561.10000000,62561.10000000,0.00944000,1709335546999,590.57687410,4,0.00901000,563.67560110,0
1709335547000,62561.10000000,62561.11000000,62561.10000000,62561.11000000,0.00980000,1709335547999,613.09887490,2,0.00949000,593.70493390,0
1709335548000,62561.11000000,62561.11000000,62556.50000000,62556.50000000,0.46359000,1709335548999,29001.72113730,27,0.01849000,1156.75492390,0
1709335549000,62556.23000000,62556.23000000,62556.23000000,62556.23000000,0.16725000,1709335549999,10462.52946750,2,0.16725000,10462.52946750,0
1709335550000,62556.22000000,62556.22000000,62551.51000000,62551.51000000,0.36075000,1709335550999,22567.03421530,38,0.00025000,15.63788000,0
1709335551000,62551.51000000,62551.51000000,62550.00000000,62550.00000000,0.45191000,1709335551999,28267.23192570,58,0.00000000,0.00000000,0
1709335552000,62550.01000000,62550.01000000,62550.01000000,62550.01000000,0.00052000,1709335552999,32.52600520,2,0.00052000,32.52600520,0
1709335553000,62550.00000000,62550.00000000,62550.00000000,62550.00000000,0.52020000,1709335553999,32538.51000000,48,0.00000000,0.00000000,0
1709335554000,62550.00000000,62550.01000000,62550.00000000,62550.01000000,0.01726000,1709335554999,1079.61300680,6,0.00068000,42.53400680,0
1709335555000,62550.00000000,62550.00000000,62550.00000000,62550.00000000,0.06536000,1709335555999,4088.26800000,2,0.00000000,0.00000000,0
1709335556000,62550.01000000,62550.01000000,62550.00000000,62550.00000000,0.03294000,1709335556999,2060.39700960,3,0.00096000,60.04800960,0
1709335557000,62550.00000000,62550.01000000,62550.00000000,62550.00000000,0.06999000,1709335557999,4377.87450440,8,0.00044000,27.52200440,0
1709335558000,62550.00000000,62550.00000000,62550.00000000,62550.00000000,0.00677000,1709335558999,423.46350000,3,0.00000000,0.00000000,0
1709335559000,62550.01000000,62550.01000000,62550.00000000,62550.01000000,0.07547000,1709335559999,4720.64863850,28,0.01385000,866.31763850,0
1709335560000,62550.00000000,62550.01000000,62550.00000000,62550.01000000,0.05526000,1709335560999,3456.51322570,37,0.02257000,1411.75372570,0
1709335561000,62550.00000000,62550.00000000,62550.00000000,62550.00000000,0.04421000,1709335561999,2765.33550000,3,0.00000000,0.00000000,0
1709335562000,62550.01000000,62550.01000000,62550.01000000,62550.01000000,0.06526000,1709335562999,4082.01365260,5,0.06526000,4082.01365260,0
1709335563000,62550.01000000,62560.90000000,62550.01000000,62560.89000000,5.06269000,1709335563999,316679.81980100,99,5.05803000,316388.30183820,0
1709335564000,62560.90000000,62567.46000000,62560.90000000,62567.46000000,0.46689000,1709335564999,29209.74081920,94,0.43456000,27187.09449550,0
1709335565000,62567.50000000,62567.50000000,62567.49000000,62567.49000000,0.00705000,1709335565999,441.10084870,6,0.00442000,276.54835000,0
1709335566000,62567.49000000,62569.43000000,62567.49000000,62569.42000000,0.80929000,1709335566999,50635.38226020,57,0.75319000,47125.25848780,0
1709335567000,62569.43000000,62569.43000000,62569.42000000,62569.43000000,0.05878000,1709335567999,3677.83067100,5,0.01634000,1022.38448620,0
1709335568000,62569.43000000,62569.43000000,62569.42000000,62569.42000000,0.03452000,1709335568999,2159.89667970,6,0.03013000,1885.21692590,0
1709335569000,62569.42000000,62569.43000000,62569.42000000,62569.43000000,0.00419000,1709335569999,262.16588650,3,0.00167000,104.49094810,0
1709335570000,62569.43000000,62569.43000000,62569.43000000,62569.43000000,0.00159000,1709335570999,99.48539370,1,0.00159000,99.48539370,0
1709335571000,62569.42000000,62569.43000000,62569.42000000,62569.42000000,0.02484000,1709335571999,1554.22440640,6,0.00136000,85.09442480,0
1709335572000,62569.43000000,62569.43000000,62569.42000000,62569.43000000,0.00578000,1709335572999,361.65130220,3,0.00546000,341.62908780,0
1709335573000,62569.42000000,62569.42000000,62569.42000000,62569.42000000,0.02217000,1709335573999,1387.16404140,2,0.00000000,0.00000000,0
1709335574000,62569.43000000,62581.79000000,62569.42000000,62581.79000000,1.73840000,1709335574999,108771.96835500,54,1.62101000,101426.93931690,0
1709335575000,62581.80000000,62581.80000000,62581.80000000,62581.80000000,0.00639000,1709335575999,399.89770200,2,0.00639000,399.89770200,0
1709335576000,62581.79000000,62581.80000000,62581.79000000,62581.79000000,0.11818000,1709335576999,7395.91595860,9,0.00164000,102.63415200,0
1709335577000,62581.79000000,62582.70000000,62581.79000000,62582.70000000,1.07396000,1709335577999,67210.61036240,95,1.05226000,65852.57064440,0
1709335578000,62582.69000000,62584.70000000,62582.69000000,62584.70000000,0.05076000,1709335578999,3176.78314220,10,0.00482000,301.65046360,0
1709335579000,62584.70000000,62584.70000000,62584.69000000,62584.69000000,0.01807000,1709335579999,1130.90536900,3,0.00207000,129.55032900,0
1709335580000,62584.70000000,62584.70000000,62572.42000000,62573.00000000,3.33734000,1709335580999,208865.03026200,44,0.00034000,21.27879800,0
1709335581000,62573.01000000,62573.01000000,62573.00000000,62573.01000000,0.01879000,1709335581999,1175.74683150,4,0.01615000,1010.55411150,0
1709335582000,62573.00000000,62573.00000000,62573.00000000,62573.00000000,0.00893000,1709335582999,558.77689000,1,0.00000000,0.00000000,0
1709335583000,62573.00000000,62573.00000000,62573.00000000,62573.00000000,0.00100000,1709335583999,62.57300000,1,0.00000000,0.00000000,0
1709335584000,62573.00000000,62573.01000000,62573.00000000,62573.00000000,0.01001000,1709335584999,626.35573420,3,0.00042000,26.28066420,0
1709335585000,62573.00000000,62573.01000000,62573.00000000,62573.01000000,0.00352000,1709335585999,220.25696280,4,0.00028000,17.52044280,0
1709335586000,62573.01000000,62573.01000000,62573.01000000,62573.01000000,0.00483000,1709335586999,302.22763830,2,0.00483000,302.22763830,0
1709335587000,62573.01000000,62573.01000000,62573.00000000,62573.01000000,0.01770000,1709335587999,1107.54211140,7,0.00114000,71.33323140,0
1709335588000,62573.00000000,62573.00000000,62560.89000000,62560.89000000,1.53406000,1709335588999,95981.82204880,132,0.00354000,221.48155140,0
1709335589000,62560.89000000,62560.89000000,62560.89000000,62560.89000000,0.00000000,1709335589999,0.00000000,0,0.00000000,0.00000000,0
1709335590000,62560.89000000,62560.89000000,62560.89000000,62560.89000000,0.00000000,1709335590999,0.00000000,0,0.00000000,0.00000000,0
1709335591000,62560.90000000,62569.00000000,62560.89000000,62569.00000000,3.33268000,1709335591999,208510.23956310,58,3.32194000,207838.32750450,0
1709335592000,62569.00000000,62578.15000000,62569.00000000,62578.15000000,0.34134000,1709335592999,21358.42414170,46,0.34110000,21343.40538570,0
1709335593000,62578.16000000,62578.16000000,62578.15000000,62578.16000000,0.10721000,1709335593999,6709.00442890,6,0.09674000,6053.81119840,0
1709335594000,62578.15000000,62594.00000000,62578.15000000,62594.00000000,1.30148000,1709335594999,81451.68992550,132,1.18828000,74367.58365670,0
1709335595000,62593.99000000,62594.00000000,62593.99000000,62594.00000000,0.04091000,1709335595999,2560.72018650,5,0.00556000,348.02264000,0
1709335596000,62594.00000000,62594.00000000,62593.99000000,62593.99000000,0.05096000,1709335596999,3189.79011880,4,0.03884000,2431.15096000,0
1709335597000,62594.00000000,62594.00000000,62593.99000000,62593.99000000,0.20352000,1709335597999,12739.12885760,11,0.00128000,80.12032000,0
1709335598000,62594.00000000,62594.00000000,62594.00000000,62594.00000000,0.00319000,1709335598999,199.67486000,1,0.00319000,199.67486000,0
1709335599000,62593.99000000,62593.99000000,62593.99000000,62593.99000000,0.03790000,1709335599999,2372.31222100,2,0.00000000,0.00000000,0
1709335600000,62594.00000000,62594.00000000,62593.99000000,62593.99000000,0.00120000,1709335600999,75.11279200,2,0.00040000,25.03760000,0
1709335601000,62593.99000000,62594.00000000,62593.99000000,62593.99000000,0.00439000,1709335601999,274.78763690,5,0.00208000,130.19552000,0
1709335602000,62594.00000000,62594.00000000,62593.99000000,62593.99000000,0.02964000,1709335602999,1855.28605630,4,0.01927000,1206.18638000,0
1709335603000,62594.00000000,62594.00000000,62593.99000000,62593.99000000,0.09112000,1709335603999,5703.56527640,4,0.09076000,5681.03144000,0
1709335604000,62593.99000000,62594.00000000,62591.07000000,62591.08000000,1.13897000,1709335604999,71290.96375390,31,0.51282000,32097.98579440,0
1709335605000,62591.07000000,62591.08000000,62591.07000000,62591.07000000,0.03468000,1709335605999,2170.65830880,5,0.00012000,7.51092960,0
1709335606000,62591.07000000,62591.08000000,62591.07000000,62591.08000000,0.27733000,1709335606999,17358.38406070,17,0.26176000,16383.84110080,0
1709335607000,62591.07000000,62591.08000000,62591.07000000,62591.08000000,0.03982000,1709335607999,2492.37650020,12,0.00928000,580.84522240,0
1709335608000,62591.07000000,62591.07000000,62582.93000000,62582.93000000,3.27705000,1709335608999,205110.25080250,105,0.00382000,239.06683080,0
1709335609000,62582.94000000,62582.94000000,62582.93000000,62582.93000000,0.00048000,1709335609999,30.03980780,2,0.00014000,8.76161160,0
1709335610000,62582.93000000,62600.00000000,62582.93000000,62600.00000000,4.22204000,1709335610999,264253.56548190,80,4.20806000,263378.62046510,0
1709335611000,62600.00000000,62605.68000000,62600.00000000,62605.68000000,0.12540000,1709335611999,7850.28455000,17,0.12540000,7850.28455000,0
1709335612000,62607.99000000,62610.00000000,62607.99000000,62610.00000000,0.81291000,1709335612999,50894.67317160,48,0.79621000,49849.11973860,0
1709335613000,62610.00000000,62613.99000000,62609.99000000,62613.99000000,0.63510000,1709335613999,39763.91746170,38,0.61587000,38559.85783400,0
1709335614000,62613.99000000,62614.00000000,62613.99000000,62614.00000000,0.16024000,1709335614999,10033.26735160,7,0.15940000,9980.67160000,0
1709335615000,62613.99000000,62614.00000000,62613.99000000,62614.00000000,0.28875000,1709335615999,18079.79242620,5,0.28137000,17617.70118000,0
1709335616000,62613.99000000,62613.99000000,62613.99000000,62613.99000000,0.06281000,1709335616999,3932.78471190,2,0.00000000,0.00000000,0
1709335617000,62614.00000000,62614.00000000,62613.99000000,62613.99000000,0.00183000,1709335617999,114.58361530,3,0.00136000,85.15504000,0
1709335618000,62613.99000000,62614.00000000,62613.99000000,62614.00000000,0.00852000,1709335618999,533.47127690,4,0.00821000,514.06094000,0
1709335619000,62613.99000000,62614.00000000,62613.99000000,62614.00000000,0.03738000,1709335619999,2340.51114260,37,0.01964000,1229.73896000,0
1709335620000,62614.00000000,62614.00000000,62604.15000000,62604.15000000,5.16106000,1709335620999,323150.96222660,70,0.01082000,677.48348000,0
1709335621000,62602.21000000,62602.22000000,62602.21000000,62602.22000000,0.23537000,1709335621999,14734.68272950,14,0.05618000,3516.99271960,0
1709335622000,62602.22000000,62606.50000000,62602.22000000,62606.50000000,0.42147000,1709335622999,26386.19347050,18,0.42017000,26304.80503350,0
1709335623000,62606.49000000,62606.49000000,62606.49000000,62606.49000000,0.00051000,1709335623999,31.92930990,2,0.00000000,0.00000000,0
1709335624000,62606.50000000,62606.50000000,62606.50000000,62606.50000000,0.02629000,1709335624999,1645.92488500,4,0.02629000,1645.92488500,0
1709335625000,62606.50000000,62606.50000000,62606.49000000,62606.49000000,0.00448000,1709335625999,280.47711260,4,0.00374000,234.14831000,0
1709335626000,62606.49000000,62606.50000000,62606.49000000,62606.50000000,0.00138000,1709335626999,86.39696250,3,0.00063000,39.44209500,0
1709335627000,62606.50000000,62606.50000000,62606.49000000,62606.49000000,0.00708000,1709335627999,443.25397530,6,0.00261000,163.40296500,0
1709335628000,62606.50000000,62606.50000000,62606.49000000,62606.50000000,0.00176000,1709335628999,110.18743510,5,0.00127000,79.51025500,0
1709335629000,62606.50000000,62606.50000000,62606.49000000,62606.49000000,0.06870000,1709335629999,4301.06612830,4,0.02653000,1660.95044500,0
1709335630000,62606.50000000,62606.50000000,62606.49000000,62606.50000000,0.02280000,1709335630999,1427.42805690,6,0.00849000,531.52918500,0
1709335631000,62606.50000000,62606.50000000,62606.49000000,62606.50000000,0.17058000,1709335631999,10679.41671000,8,0.16458000,10303.77777000,0
1709335632000,62606.49000000,62606.50000000,62606.49000000,62606.50000000,0.11166000,1709335632999,6990.64108810,9,0.04147000,2596.29155500,0
1709335633000,62606.49000000,62606.49000000,62606.49000000,62606.49000000,0.01848000,1709335633999,1156.96793520,3,0.00000000,0.00000000,0
1709335634000,62606.49000000,62606.49000000,62606.49000000,62606.49000000,0.01706000,1709335634999,1068.06671940,9,0.00000000,0.00000000,0
1709335635000,62606.50000000,62606.50000000,62591.16000000,62591.16000000,4.18579000,1709335635999,262029.56835030,114,0.03835000,2400.95753950,0
1709335636000,62591.10000000,62591.10000000,62590.87000000,62590.87000000,0.18453000,1709335636999,11549.90200870,19,0.00000000,0.00000000,0
1709335637000,62590.88000000,62590.88000000,62590.87000000,62590.87000000,0.04317000,1709335637999,2702.04786190,7,0.00040000,25.03635200,0
1709335638000,62590.88000000,62590.88000000,62590.87000000,62590.88000000,0.00185000,1709335638999,115.79311770,3,0.00082000,51.32452160,0
1709335639000,62590.87000000,62590.88000000,62590.87000000,62590.88000000,0.00310000,1709335639999,194.03172440,5,0.00274000,171.49901120,0
1709335640000,62590.87000000,62590.87000000,62590.87000000,62590.87000000,0.33626000,1709335640999,21046.80594620,4,0.00000000,0.00000000,0
1709335641000,62590.88000000,62590.88000000,62590.87000000,62590.88000000,0.00337000,1709335641999,210.93126440,3,0.00325000,203.42036000,0
1709335642000,62590.88000000,62590.88000000,62590.88000000,62590.88000000,0.02820000,1709335642999,1765.06281600,1,0.02820000,1765.06281600,0
1709335643000,62590.88000000,62590.88000000,62590.87000000,62590.87000000,0.02227000,1709335643999,1393.89870570,3,0.00308000,192.77991040,0
1709335644000,62590.87000000,62590.87000000,62590.87000000,62590.87000000,0.00585000,1709335644999,366.15658950,2,0.00000000,0.00000000,0
1709335645000,62590.87000000,62590.88000000,62590.87000000,62590.87000000,0.01167000,1709335645999,730.43546290,3,0.00100000,62.59088000,0
1709335646000,62590.88000000,62590.88000000,62590.87000000,62590.88000000,0.03622000,1709335646999,2267.04167270,5,0.03613000,2261.40849440,0
1709335647000,62590.87000000,62590.88000000,62590.87000000,62590.88000000,0.00177000,1709335647999,110.78585600,3,0.00161000,100.77131680,0
1709335648000,62590.87000000,62590.87000000,62581.11000000,62581.11000000,2.29519000,1709335648999,143655.34491940,50,0.00158000,98.87815380,0
1709335649000,62581.10000000,62581.11000000,62581.10000000,62581.11000000,0.13900000,1709335649999,8698.77409830,14,0.11983000,7499.09441130,0
1709335650000,62581.10000000,62581.10000000,62581.10000000,62581.10000000,0.00214000,1709335650999,133.92355400,3,0.00000000,0.00000000,0
1709335651000,62581.11000000,62581.11000000,62581.10000000,62581.11000000,0.05901000,1709335651999,3692.91125110,4,0.05401000,3380.00575110,0
1709335652000,62581.11000000,62581.11000000,62581.10000000,62581.10000000,0.15949000,1709335652999,9981.05994920,10,0.03102000,1941.26603220,0
1709335653000,62581.10000000,62581.10000000,62578.34000000,62578.35000000,0.25425000,1709335653999,15911.11307150,28,0.03220000,2015.02287000,0
1709335654000,62578.35000000,62578.35000000,62578.34000000,62578.34000000,0.02787000,1709335654999,1744.05857960,7,0.02438000,1525.66017300,0
1709335655000,62578.34000000,62578.34000000,62578.34000000,62578.34000000,0.07669000,1709335655999,4799.13289460,4,0.00000000,0.00000000,0
1709335656000,62578.34000000,62578.35000000,62578.34000000,62578.35000000,0.06024000,1709335656999,3769.71928460,7,0.00830000,519.40030500,0
1709335657000,62578.35000000,62578.35000000,62578.34000000,62578.34000000,0.03140000,1709335657999,1964.96013520,8,0.02592000,1622.03083200,0
1709335658000,62578.34000000,62578.34000000,62578.34000000,62578.34000000,0.00011000,1709335658999,6.88361740,1,0.00000000,0.00000000,0
1709335659000,62578.35000000,62578.35000000,62578.34000000,62578.35000000,0.00222000,1709335659999,138.92393010,5,0.00153000,95.74487550,0
1709335660000,62578.34000000,62578.35000000,62578.34000000,62578.34000000,0.04591000,1709335660999,2872.97165320,6,0.00638000,399.24987300,0
1709335661000,62578.35000000,62578.40000000,62578.35000000,62578.40000000,2.65029000,1709335661999,165850.77530800,27,2.64929000,165788.19691800,0
1709335662000,62578.40000000,62578.40000000,62578.39000000,62578.40000000,0.10899000,1709335662999,6820.41976410,5,0.10380000,6495.63792000,0
1709335663000,62578.40000000,62578.40000000,62578.39000000,62578.40000000,0.07806000,1709335663999,4884.86989590,5,0.07725000,4834.18140000,0
1709335664000,62578.39000000,62578.39000000,62574.32000000,62574.32000000,2.43375000,1709335664999,152300.03464910,32,0.00000000,0.00000000,0
1709335665000,62573.94000000,62573.94000000,62565.87000000,62565.87000000,0.82666000,1709335665999,51724.46723080,138,0.02513000,1572.45056380,0
1709335666000,62565.87000000,62565.88000000,62565.87000000,62565.88000000,0.08826000,1709335666999,5522.06430560,8,0.06194000,3875.33060720,0
1709335667000,62565.87000000,62565.87000000,62565.87000000,62565.87000000,0.06986000,1709335667999,4370.85167820,6,0.00000000,0.00000000,0
1709335668000,62565.87000000,62565.87000000,62565.87000000,62565.87000000,0.00010000,1709335668999,6.25658700,1,0.00000000,0.00000000,0
1709335669000,62565.88000000,62565.88000000,62565.87000000,62565.87000000,0.00321000,1709335669999,200.83646990,2,0.00272000,170.17919360,0
1709335670000,62565.88000000,62565.88000000,62565.87000000,62565.87000000,0.01891000,1709335670999,1183.12063780,5,0.00361000,225.86282680,0
1709335671000,62565.88000000,62565.88000000,62565.87000000,62565.87000000,0.04808000,1709335671999,3008.16735180,7,0.03222000,2015.87265360,0
1709335672000,62565.88000000,62565.88000000,62565.87000000,62565.88000000,0.00539000,1709335672999,337.23005490,6,0.00156000,97.60277280,0
1709335673000,62565.87000000,62565.87000000,62565.87000000,62565.87000000,0.00023000,1709335673999,14.39015010,1,0.00000000,0.00000000,0
1709335674000,62565.88000000,62565.88000000,62565.87000000,62565.88000000,0.07606000,1709335674999,4758.76023780,4,0.01656000,1036.09097280,0
1709335675000,62565.88000000,62565.88000000,62565.88000000,62565.88000000,0.02653000,1709335675999,1659.87279640,3,0.02653000,1659.87279640,0
1709335676000,62565.87000000,62565.88000000,62565.87000000,62565.88000000,0.00645000,1709335676999,403.54992370,3,0.00622000,389.15977360,0
1709335677000,62565.88000000,62565.88000000,62565.88000000,62565.88000000,0.00830000,1709335677999,519.29680400,3,0.00830000,519.29680400,0
1709335678000,62565.87000000,62565.88000000,62565.87000000,62565.88000000,0.01533000,1709335678999,959.13485650,6,0.00694000,434.20720720,0
1709335679000,62565.88000000,62565.88000000,62565.87000000,62565.88000000,0.03466000,1709335679999,2168.53328010,30,0.02259000,1413.36322920,0
1709335680000,62565.88000000,62565.88000000,62565.87000000,62565.88000000,0.03191000,1709335680999,1996.47706600,33,0.01543000,965.39152840,0
1709335681000,62565.87000000,62565.88000000,62565.87000000,62565.88000000,0.09286000,1709335681999,5809.86681770,2,0.01295000,810.22814600,0
1709335682000,62565.88000000,62565.88000000,62565.88000000,62565.88000000,0.00103000,1709335682999,64.44285640,1,0.00103000,64.44285640,0
1709335683000,62565.87000000,62565.88000000,62565.87000000,62565.87000000,0.59521000,1709335683999,37239.83149060,47,0.00079000,49.42704520,0
1709335684000,62565.87000000,62565.87000000,62557.70000000,62557.71000000,0.76567000,1709335684999,47903.29032210,70,0.00045000,28.15151410,0
1709335685000,62557.70000000,62557.71000000,62557.70000000,62557.70000000,0.24560000,1709335685999,15364.17155330,19,0.04333000,2710.62557430,0
1709335686000,62557.71000000,62562.50000000,62557.71000000,62562.49000000,2.44788000,1709335686999,153134.18631790,44,2.41590000,151133.43788770,0
1709335687000,62562.49000000,62563.29000000,62562.49000000,62563.28000000,0.09906000,1709335687999,6197.44800240,12,0.06567000,4108.48533160,0
1709335688000,62563.29000000,62565.88000000,62563.29000000,62565.88000000,0.38947000,1709335688999,24366.99513520,31,0.21759000,13613.17339960,0
1709335689000,62565.88000000,62565.88000000,62556.00000000,62556.00000000,6.25368000,1709335689999,391261.12324060,97,0.00497000,310.93209790,0
1709335690000,62556.01000000,62556.01000000,62556.00000000,62556.01000000,0.06596000,1709335690999,4126.19440840,6,0.06484000,4056.13168840,0
1709335691000,62556.01000000,62556.01000000,62556.00000000,62556.00000000,0.04102000,1709335691999,2566.04713270,3,0.00127000,79.44613270,0
1709335692000,62556.00000000,62556.01000000,62550.00000000,62550.01000000,0.98196000,1709335692999,61426.83845220,104,0.00206000,128.86012560,0
1709335693000,62550.01000000,62550.01000000,62548.81000000,62548.81000000,0.08194000,1709335693999,5125.33596410,69,0.01857000,1161.55346970,0
1709335694000,62548.80000000,62548.81000000,62548.80000000,62548.80000000,0.00193000,1709335694999,120.71919320,3,0.00092000,57.54490520,0
1709335695000,62548.81000000,62548.81000000,62548.81000000,62548.81000000,0.11468000,1709335695999,7173.09753080,4,0.11468000,7173.09753080,0
1709335696000,62548.81000000,62550.93000000,62548.80000000,62550.93000000,4.09290000,1709335696999,256006.10684390,98,3.73585000,233673.05780390,0
1709335697000,62550.99000000,62550.99000000,62550.98000000,62550.98000000,0.10540000,1709335697999,6592.87432210,7,0.10301000,6443.37747990,0
1709335698000,62550.99000000,62550.99000000,62550.99000000,62550.99000000,0.00197000,1709335698999,123.22545030,3,0.00197000,123.22545030,0
1709335699000,62550.98000000,62550.99000000,62550.98000000,62550.98000000,0.01012000,1709335699999,633.01596570,3,0.00481000,300.87026190,0
1709335700000,62550.98000000,62550.99000000,62550.98000000,62550.99000000,0.02625000,1709335700999,1641.96348010,5,0.02551000,1595.67575490,0
1709335701000,62550.98000000,62553.31000000,62550.98000000,62553.31000000,0.23636000,1709335701999,14784.58423600,32,0.22160000,13861.33177120,0
1709335702000,62553.30000000,62553.31000000,62550.99000000,62551.00000000,3.21892000,1709335702999,201353.85769900,40,0.00062000,38.78270570,0
1709335703000,62550.99000000,62551.00000000,62550.99000000,62550.99000000,0.07174000,1709335703999,4487.40866580,8,0.06432000,4023.28032000,0
1709335704000,62550.99000000,62551.00000000,62550.99000000,62551.00000000,0.07113000,1709335704999,4449.25254080,2,0.06221000,3891.29771000,0
1709335705000,62551.00000000,62551.00000000,62550.99000000,62550.99000000,0.02609000,1709335705999,1631.95533020,2,0.00011000,6.88061000,0
1709335706000,62551.00000000,62551.00000000,62551.00000000,62551.00000000,0.00358000,1709335706999,223.93258000,3,0.00358000,223.93258000,0
1709335707000,62551.00000000,62551.00000000,62550.99000000,62550.99000000,0.01042000,1709335707999,651.78133770,6,0.00219000,136.98669000,0
1709335708000,62550.99000000,62551.00000000,62550.99000000,62551.00000000,0.01256000,1709335708999,785.64048890,3,0.00545000,340.90295000,0
1709335709000,62551.00000000,62554.28000000,62551.00000000,62554.28000000,2.72084000,1709335709999,170192.54444470,101,2.72084000,170192.54444470,0
1709335710000,62554.75000000,62554.76000000,62554.75000000,62554.75000000,0.09976000,1709335710999,6240.46203580,5,0.01758000,1099.71268080,0
1709335711000,62554.76000000,62554.76000000,62554.75000000,62554.75000000,0.00994000,1709335711999,621.79421770,4,0.00027000,16.88978520,0
1709335712000,62554.75000000,62554.76000000,62554.75000000,62554.76000000,0.49832000,1709335712999,31172.28305360,6,0.00336000,210.18399360,0
1709335713000,62554.76000000,62561.83000000,62554.76000000,62561.83000000,3.19072000,1709335713999,199603.23135970,34,3.19072000,199603.23135970,0
1709335714000,62560.12000000,62563.98000000,62560.12000000,62563.98000000,2.46369000,1709335714999,154129.73089570,25,2.46325000,154102.20274450,0
1709335715000,62563.98000000,62563.99000000,62563.98000000,62563.99000000,0.03260000,1709335715999,2039.58575400,2,0.00060000,37.53839400,0
1709335716000,62563.98000000,62563.98000000,62563.98000000,62563.98000000,0.00481000,1709335716999,300.93274380,3,0.00000000,0.00000000,0
1709335717000,62563.98000000,62563.99000000,62563.98000000,62563.99000000,0.00099000,1709335717999,61.93834770,2,0.00075000,46.92299250,0
1709335718000,62563.98000000,62563.99000000,62563.98000000,62563.99000000,0.02690000,1709335718999,1682.97106530,3,0.00033000,20.64611670,0
1709335719000,62563.99000000,62563.99000000,62563.98000000,62563.98000000,1.38583000,1709335719999,86703.05420200,19,1.37986000,86329.54724140,0
1709335720000,62563.99000000,62563.99000000,62563.98000000,62563.98000000,0.02559000,1709335720999,1601.01248470,4,0.02365000,1479.63836350,0
1709335721000,62563.99000000,62563.99000000,62563.98000000,62563.98000000,0.04876000,1709335721999,3050.61966790,4,0.00031000,19.39483690,0
1709335722000,62563.98000000,62563.99000000,62563.98000000,62563.98000000,0.05726000,1709335722999,3582.41356550,8,0.00707000,442.32740930,0
1709335723000,62563.98000000,62563.98000000,62563.98000000,62563.98000000,0.04660000,1709335723999,2915.48146800,3,0.00000000,0.00000000,0
1709335724000,62563.98000000,62563.99000000,62563.98000000,62563.98000000,0.66221000,1709335724999,41430.49320750,12,0.00117000,73.19986830,0
1709335725000,62563.98000000,62563.99000000,62563.98000000,62563.98000000,0.07537000,1709335725999,4715.44718540,11,0.00128000,80.08190720,0
1709335726000,62563.99000000,62563.99000000,62563.98000000,62563.98000000,0.40115000,1709335726999,25097.54450370,10,0.39267000,24567.00195330,0
1709335727000,62563.98000000,62563.99000000,62563.98000000,62563.99000000,0.00648000,1709335727999,405.41460650,2,0.00161000,100.72802390,0
1709335728000,62563.99000000,62563.99000000,62563.98000000,62563.99000000,0.03467000,1709335728999,2169.09326830,4,0.00817000,511.14779830,0
1709335729000,62563.99000000,62563.99000000,62563.99000000,62563.99000000,0.14908000,1709335729999,9327.03962920,8,0.14908000,9327.03962920,0
1709335730000,62563.99000000,62563.99000000,62563.98000000,62563.98000000,0.45720000,1709335730999,28604.25184080,3,0.01848000,1156.18253520,0
1709335731000,62563.99000000,62575.49000000,62563.99000000,62575.49000000,2.21964000,1709335731999,138872.09870850,144,2.21809000,138775.10671450,0
1709335732000,62578.08000000,62578.08000000,62578.07000000,62578.08000000,0.16448000,1709335732999,10292.84159500,4,0.06414000,4013.75805120,0
1709335733000,62578.07000000,62578.07000000,62578.07000000,62578.07000000,0.00051000,1709335733999,31.91481570,1,0.00000000,0.00000000,0
1709335734000,62578.07000000,62578.08000000,62578.07000000,62578.08000000,0.02645000,1709335734999,1655.19020990,3,0.02584000,1617.01758720,0
1709335735000,62578.07000000,62578.08000000,62578.07000000,62578.08000000,0.31524000,1709335735999,19727.11390730,4,0.31205000,19527.48986400,0
1709335736000,62578.07000000,62578.07000000,62578.07000000,62578.07000000,0.03560000,1709335736999,2227.77929200,7,0.00000000,0.00000000,0
1709335737000,62578.07000000,62578.07000000,62578.07000000,62578.07000000,0.01576000,1709335737999,986.23038320,2,0.00000000,0.00000000,0
1709335738000,62578.08000000,62585.84000000,62578.08000000,62585.84000000,1.66977000,1709335738999,104497.54354090,105,0.86092000,53874.98685690,0
1709335739000,62585.84000000,62585.85000000,62585.84000000,62585.85000000,0.57579000,1709335739999,36036.30411150,45,0.32979000,20640.18747150,0
1709335740000,62585.85000000,62585.85000000,62580.00000000,62580.23000000,1.30968000,1709335740999,81966.03590560,85,0.08006000,5010.26392060,0
1709335741000,62580.22000000,62580.23000000,62580.22000000,62580.23000000,0.00993000,1709335741999,621.42165940,5,0.00748000,468.10012040,0
1709335742000,62580.22000000,62580.23000000,62572.92000000,62572.92000000,0.73700000,1709335742999,46121.36175020,54,0.01722000,1077.52374900,0
1709335743000,62572.91000000,62572.92000000,62572.91000000,62572.91000000,0.03653000,1709335743999,2285.78847920,10,0.00769000,481.18575480,0
1709335744000,62572.92000000,62572.92000000,62572.91000000,62572.91000000,0.27206000,1709335744999,17023.58730280,28,0.14082000,8811.51859440,0
1709335745000,62572.91000000,62572.91000000,62572.91000000,62572.91000000,0.02683000,1709335745999,1678.83117530,7,0.00000000,0.00000000,0
1709335746000,62571.12000000,62571.12000000,62569.98000000,62569.98000000,0.41062000,1709335746999,25692.94498040,47,0.00099000,61.94540680,0
1709335747000,62569.95000000,62572.92000000,62569.94000000,62569.94000000,11.26376000,1709335747999,704780.90697760,76,10.00478000,626003.45150980,0
1709335748000,62569.94000000,62569.94000000,62561.98000000,62561.98000000,0.98809000,1709335748999,61819.93253670,120,0.24500000,15327.68755000,0
1709335749000,62561.98000000,62561.99000000,62561.98000000,62561.99000000,0.47713000,1709335749999,29850.19783870,32,0.03213000,2010.11673870,0
1709335750000,62561.98000000,62561.99000000,62561.98000000,62561.99000000,0.00189000,1709335750999,118.24214350,3,0.00013000,8.13305870,0
1709335751000,62561.98000000,62561.98000000,62561.98000000,62561.98000000,0.00890000,1709335751999,556.80162200,1,0.00000000,0.00000000,0
1709335752000,62561.99000000,62561.99000000,62552.22000000,62552.22000000,1.76484000,1709335752999,110404.77606850,163,0.01640000,1026.01663600,0
1709335753000,62552.23000000,62552.23000000,62552.22000000,62552.23000000,0.11715000,1709335753999,7327.99258550,5,0.00125000,78.19028750,0
1709335754000,62552.22000000,62552.22000000,62552.22000000,62552.22000000,0.01722000,1709335754999,1077.14922840,2,0.00000000,0.00000000,0
1709335755000,62552.22000000,62552.22000000,62544.55000000,62544.56000000,2.88200000,1709335755999,180267.74767600,151,0.14475000,9054.22235850,0
1709335756000,62544.56000000,62544.56000000,62544.55000000,62544.56000000,0.01797000,1709335756999,1123.92574120,5,0.01777000,1111.41683120,0
1709335757000,62544.56000000,62544.56000000,62544.55000000,62544.55000000,0.34985000,1709335757999,21881.21429550,5,0.34780000,21752.99796800,0
1709335758000,62544.55000000,62544.55000000,62544.55000000,62544.55000000,0.00000000,1709335758999,0.00000000,0,0.00000000,0.00000000,0
1709335759000,62544.56000000,62544.56000000,62544.55000000,62544.55000000,0.79670000,1709335759999,49829.24650200,31,0.35170000,21996.92175200,0
1709335760000,62544.55000000,62544.55000000,62533.44000000,62533.44000000,2.47925000,1709335760999,155051.15531840,94,0.24933000,15591.46508850,0
1709335761000,62533.45000000,62533.45000000,62533.44000000,62533.44000000,0.02134000,1709335761999,1334.46380980,3,0.02002000,1251.91966900,0
1709335762000,62533.44000000,62533.45000000,62533.44000000,62533.45000000,0.52491000,1709335762999,32824.42816330,16,0.01729000,1081.20335050,0
1709335763000,62533.44000000,62533.45000000,62533.44000000,62533.44000000,0.00518000,1709335763999,323.92323670,4,0.00175000,109.43353750,0
1709335764000,62533.44000000,62533.45000000,62533.44000000,62533.44000000,0.02748000,1709335764999,1718.41906310,7,0.01319000,824.81620550,0
1709335765000,62533.45000000,62533.45000000,62533.44000000,62533.45000000,0.01934000,1709335765999,1209.39683590,4,0.01063000,664.73057350,0
1709335766000,62533.45000000,62542.45000000,62533.45000000,62542.44000000,1.75556000,1709335766999,109786.62544310,34,1.70867000,106854.01043150,0
1709335767000,62542.44000000,62542.45000000,62542.44000000,62542.44000000,0.53093000,1709335767999,33205.65771980,7,0.00506000,316.46479700,0
1709335768000,62542.45000000,62549.23000000,62542.45000000,62549.22000000,0.38573000,1709335768999,24124.82915740,43,0.34833000,21785.48832940,0
1709335769000,62549.23000000,62549.23000000,62549.23000000,62549.23000000,0.00671000,1709335769999,419.70533330,3,0.00671000,419.70533330,0
1709335770000,62549.23000000,62549.23000000,62549.22000000,62549.22000000,0.00346000,1709335770999,216.42032080,4,0.00196000,122.59649080,0
1709335771000,62549.22000000,62549.22000000,62549.22000000,62549.22000000,0.00000000,1709335771999,0.00000000,0,0.00000000,0.00000000,0
1709335772000,62549.23000000,62549.23000000,62549.22000000,62549.23000000,0.85735000,1709335772999,53626.57732150,9,0.35545000,22233.12380350,0
1709335773000,62549.22000000,62549.22000000,62549.22000000,62549.22000000,0.04697000,1709335773999,2937.93686340,6,0.00000000,0.00000000,0
1709335774000,62549.23000000,62556.38000000,62549.23000000,62556.37000000,1.91672000,1709335774999,119889.80362570,104,1.87352000,117187.36844170,0
1709335775000,62556.37000000,62556.37000000,62556.37000000,62556.37000000,0.00627000,1709335775999,392.22843990,2,0.00000000,0.00000000,0
1709335776000,62556.38000000,62556.38000000,62545.43000000,62545.43000000,5.91748000,1709335776999,370170.28015950,84,0.13082000,8182.75261960,0
1709335777000,62545.43000000,62545.44000000,62545.43000000,62545.43000000,0.05766000,1709335777999,3606.36982260,5,0.03288000,2056.49406720,0
1709335778000,62545.44000000,62545.44000000,62545.43000000,62545.43000000,0.01001000,1709335778999,626.07980180,2,0.00475000,297.09084000,0
1709335779000,62545.44000000,62545.44000000,62545.43000000,62545.44000000,0.00323000,1709335779999,202.02177020,3,0.00313000,195.76722720,0
1709335780000,62545.44000000,62545.44000000,62545.43000000,62545.43000000,0.07135000,1709335780999,4462.61676910,11,0.03386000,2117.78859840,0
1709335781000,62545.43000000,62545.44000000,62545.43000000,62545.44000000,0.00665000,1709335781999,415.92712640,4,0.00169000,105.70179360,0
1709335782000,62545.43000000,62545.44000000,62545.43000000,62545.44000000,0.50072000,1709335782999,31317.74771350,4,0.00039000,24.39272160,0
1709335783000,62545.43000000,62545.44000000,62545.43000000,62545.44000000,0.00214000,1709335783999,133.84722470,2,0.00045000,28.14544800,0
1709335784000,62545.44000000,62547.46000000,62545.44000000,62547.46000000,1.05114000,1709335784999,65744.39137960,26,1.05114000,65744.39137960,0
1709335785000,62549.00000000,62549.00000000,62548.99000000,62549.00000000,0.00531000,1709335785999,332.13514350,3,0.00066000,41.28234000,0
1709335786000,62548.99000000,62549.00000000,62548.99000000,62549.00000000,0.33616000,1709335786999,21026.46864830,6,0.01699000,1062.70751000,0
1709335787000,62549.00000000,62549.00000000,62548.99000000,62548.99000000,0.06564000,1709335787999,4105.71618060,6,0.04770000,2983.58730000,0
1709335788000,62549.00000000,62549.00000000,62549.00000000,62549.00000000,0.00043000,1709335788999,26.89607000,1,0.00043000,26.89607000,0
1709335789000,62549.00000000,62549.00000000,62548.99000000,62548.99000000,0.00208000,1709335789999,130.10191520,4,0.00160000,100.07840000,0
1709335790000,62548.99000000,62548.99000000,62548.99000000,62548.99000000,0.00201000,1709335790999,125.72346990,2,0.00000000,0.00000000,0
1709335791000,62549.00000000,62549.00000000,62548.99000000,62549.00000000,0.01469000,1709335791999,918.84467410,4,0.00110000,68.80390000,0
1709335792000,62548.99000000,62549.00000000,62548.99000000,62549.00000000,0.51273000,1709335792999,32070.74377000,10,0.01273000,796.24877000,0
1709335793000,62548.99000000,62549.00000000,62548.99000000,62549.00000000,0.02332000,1709335793999,1458.64264810,3,0.02013000,1259.11137000,0
1709335794000,62548.99000000,62548.99000000,62548.99000000,62548.99000000,0.00677000,1709335794999,423.45666230,5,0.00000000,0.00000000,0
1709335795000,62548.99000000,62548.99000000,62548.99000000,62548.99000000,0.00000000,1709335795999,0.00000000,0,0.00000000,0.00000000,0
1709335796000,62548.99000000,62549.00000000,62548.99000000,62549.00000000,0.01251000,1709335796999,782.48798700,3,0.01221000,763.72329000,0
1709335797000,62549.00000000,62556.03000000,62549.00000000,62556.03000000,6.35542000,1709335797999,397525.28103870,103,6.35542000,397525.28103870,0
1709335798000,62556.03000000,62561.10000000,62556.03000000,62561.10000000,0.03801000,1709335798999,2377.78226450,35,0.03730000,2333.36724180,0
1709335799000,62561.10000000,62561.10000000,62561.09000000,62561.09000000,0.10354000,1709335799999,6477.57538710,36,0.01285000,803.91013500,0
1709335800000,62561.10000000,62561.10000000,62561.09000000,62561.09000000,0.03117000,1709335800999,1950.02936080,35,0.01855000,1160.50840500,0
1709335801000,62561.09000000,62561.09000000,62561.09000000,62561.09000000,0.04148000,1709335801999,2595.03401320,5,0.00000000,0.00000000,0
1709335802000,62561.09000000,62561.10000000,62561.09000000,62561.09000000,0.52379000,1709335802999,32768.87352430,12,0.01932000,1208.68045200,0
1709335803000,62561.09000000,62561.09000000,62548.93000000,62548.93000000,3.52914000,1709335803999,220779.03500550,120,0.06389000,3996.52522580,0
1709335804000,62548.94000000,62548.94000000,62548.93000000,62548.93000000,0.06625000,1709335804999,4143.86724790,6,0.06354000,3974.35964760,0
1709335805000,62548.93000000,62548.94000000,62548.93000000,62548.94000000,0.02460000,1709335805999,1538.70367910,3,0.00011000,6.88038340,0
1709335806000,62548.93000000,62548.94000000,62548.93000000,62548.94000000,0.69484000,1709335806999,43461.49889210,33,0.03709000,2319.94018460,0
1709335807000,62548.93000000,62548.94000000,62548.93000000,62548.93000000,0.04114000,1709335807999,2573.26298850,4,0.00083000,51.91562020,0
1709335808000,62548.93000000,62548.93000000,62548.93000000,62548.93000000,0.08823000,1709335808999,5518.69209390,6,0.00000000,0.00000000,0
1709335809000,62548.94000000,62548.94000000,62548.93000000,62548.93000000,0.04200000,1709335809999,2627.05512510,6,0.00651000,407.19359940,0
1709335810000,62548.93000000,62548.94000000,62548.93000000,62548.94000000,0.01774000,1709335810999,1109.61803050,2,0.00123000,76.93519620,0
1709335811000,62548.93000000,62548.93000000,62548.93000000,62548.93000000,0.00362000,1709335811999,226.42712660,1,0.00000000,0.00000000,0
1709335812000,62548.94000000,62548.94000000,62548.94000000,62548.94000000,0.17998000,1709335812999,11257.55822120,7,0.17998000,11257.55822120,0
1709335813000,62548.93000000,62548.94000000,62548.93000000,62548.94000000,0.06627000,1709335813999,4145.11809910,5,0.05080000,3177.48615200,0
1709335814000,62548.93000000,62548.94000000,62548.93000000,62548.93000000,0.11861000,1709335814999,7418.92859600,13,0.00087000,54.41757780,0
1709335815000,62548.94000000,62548.94000000,62548.93000000,62548.94000000,0.01762000,1709335815999,1102.11215320,6,0.00066000,41.28230040,0
1709335816000,62548.94000000,62548.94000000,62548.93000000,62548.94000000,0.13026000,1709335816999,8147.62373440,11,0.01126000,704.30106440,0
1709335817000,62548.93000000,62548.94000000,62548.93000000,62548.94000000,0.20272000,1709335817999,12679.91996680,17,0.08772000,5486.79301680,0
1709335818000,62548.93000000,62548.94000000,62548.93000000,62548.94000000,0.09439000,1709335818999,5903.99350660,10,0.00039000,24.39408660,0
1709335819000,62548.93000000,62548.94000000,62548.93000000,62548.93000000,0.01887000,1709335819999,1180.29831780,5,0.00087000,54.41757780,0
1709335820000,62548.93000000,62548.94000000,62548.93000000,62548.93000000,0.02143000,1709335820999,1340.42357530,3,0.00054000,33.77642760,0
1709335821000,62548.93000000,62548.94000000,62548.93000000,62548.93000000,0.51038000,1709335821999,31923.72289960,26,0.00062000,38.78034280,0
1709335822000,62548.94000000,62548.94000000,62548.94000000,62548.94000000,0.00438000,1709335822999,273.96435720,3,0.00438000,273.96435720,0
1709335823000,62548.93000000,62548.94000000,62548.93000000,62548.94000000,0.00049000,1709335823999,30.64897950,2,0.00038000,23.76859720,0
1709335824000,62548.93000000,62548.93000000,62548.93000000,62548.93000000,0.00014000,1709335824999,8.75685020,1,0.00000000,0.00000000,0
1709335825000,62548.93000000,62548.94000000,62548.93000000,62548.94000000,0.02378000,1709335825999,1487.41357540,5,0.00200000,125.09788000,0
1709335826000,62548.93000000,62548.94000000,62548.93000000,62548.94000000,0.01680000,1709335826999,1050.82217540,8,0.01514000,946.99095160,0
1709335827000,62548.94000000,62548.94000000,62548.93000000,62548.93000000,0.13347000,1709335827999,8348.40680650,5,0.11194000,7001.72834360,0
1709335828000,62548.93000000,62548.94000000,62548.93000000,62548.93000000,0.00468000,1709335828999,292.72900090,4,0.00085000,53.16659900,0
1709335829000,62548.94000000,62548.94000000,62548.94000000,62548.94000000,0.00248000,1709335829999,155.12137120,1,0.00248000,155.12137120,0
1709335830000,62548.93000000,62548.94000000,62548.93000000,62548.94000000,0.44750000,1709335830999,27990.64619180,29,0.00168000,105.08221920,0
1709335831000,62548.93000000,62548.94000000,62548.93000000,62548.93000000,0.00241000,1709335831999,150.74293450,4,0.00132000,82.56460080,0
1709335832000,62548.93000000,62548.94000000,62548.93000000,62548.93000000,0.03902000,1709335832999,2440.65940050,9,0.01519000,950.11839860,0
1709335833000,62548.94000000,62548.94000000,62548.93000000,62548.93000000,0.05020000,1709335833999,3139.95631440,10,0.00284000,177.63898960,0
1709335834000,62548.93000000,62548.93000000,62548.93000000,62548.93000000,0.16319000,1709335834999,10207.35988670,22,0.00000000,0.00000000,0
1709335835000,62548.93000000,62548.94000000,62548.93000000,62548.93000000,0.01720000,1709335835999,1075.84174180,4,0.01458000,911.96354520,0
1709335836000,62548.93000000,62548.94000000,62548.93000000,62548.93000000,0.03986000,1709335836999,2493.20038210,5,0.00323000,202.03307620,0
1709335837000,62548.93000000,62548.93000000,62548.93000000,62548.93000000,0.20693000,1709335837999,12943.25008490,12,0.00000000,0.00000000,0
1709335838000,62548.94000000,62548.94000000,62548.94000000,62548.94000000,0.00058000,1709335838999,36.27838520,1,0.00058000,36.27838520,0
1709335839000,62548.93000000,62548.93000000,62541.92000000,62541.92000000,1.74443000,1709335839999,109108.97999050,164,0.02323000,1452.87350960,0
1709335840000,62541.92000000,62541.92000000,62541.91000000,62541.91000000,0.04426000,1709335840999,2768.10525810,8,0.03215000,2010.72272800,0
1709335841000,62541.92000000,62541.92000000,62541.91000000,62541.91000000,0.35014000,1709335841999,21898.42754620,6,0.31788000,19880.82552960,0
1709335842000,62541.91000000,62541.92000000,62541.91000000,62541.91000000,0.64088000,1709335842999,40081.86033620,32,0.10554000,6600.67423680,0
1709335843000,62541.92000000,62541.92000000,62541.91000000,62541.92000000,0.02838000,1709335843999,1774.93948380,5,0.00780000,487.82697600,0
1709335844000,62541.91000000,62541.91000000,62541.91000000,62541.91000000,0.05782000,1709335844999,3616.17323620,3,0.00000000,0.00000000,0
1709335845000,62541.91000000,62541.92000000,62541.91000000,62541.91000000,0.19705000,1709335845999,12323.88341980,14,0.00543000,339.60262560,0
1709335846000,62541.92000000,62541.92000000,62541.92000000,62541.92000000,0.00110000,1709335846999,68.79611200,2,0.00110000,68.79611200,0
1709335847000,62541.92000000,62541.92000000,62541.91000000,62541.91000000,0.00350000,1709335847999,218.89668820,2,0.00032000,20.01341440,0
1709335848000,62541.91000000,62541.92000000,62541.91000000,62541.92000000,0.04320000,1709335848999,2701.81089570,4,0.03837000,2399.73347040,0
1709335849000,62541.91000000,62541.92000000,62541.91000000,62541.91000000,0.01804000,1709335849999,1128.25605790,4,0.00015000,9.38128800,0
1709335850000,62541.91000000,62541.92000000,62541.91000000,62541.91000000,0.01287000,1709335850999,804.91441190,6,0.00302000,188.87659840,0
1709335851000,62541.92000000,62541.92000000,62541.91000000,62541.92000000,0.12780000,1709335851999,7992.85731810,5,0.12201000,7630.73965920,0
1709335852000,62541.92000000,62541.92000000,62541.92000000,62541.92000000,0.00023000,1709335852999,14.38464160,1,0.00023000,14.38464160,0
1709335853000,62541.92000000,62549.37000000,62541.91000000,62549.36000000,4.32205000,1709335853999,270314.39869260,164,4.31852000,270093.62180180,0
1709335854000,62549.37000000,62549.37000000,62549.36000000,62549.36000000,0.05709000,1709335854999,3570.94328380,4,0.03214000,2010.33675180,0
1709335855000,62549.36000000,62549.37000000,62549.36000000,62549.37000000,0.01626000,1709335855999,1017.05260000,3,0.00064000,40.03159680,0
1709335856000,62549.37000000,62549.37000000,62549.36000000,62549.37000000,0.06761000,1709335856999,4228.96287900,4,0.06494000,4061.95608780,0
1709335857000,62549.37000000,62549.37000000,62549.36000000,62549.37000000,0.00625000,1709335857999,390.93356100,5,0.00610000,381.55115700,0
1709335858000,62549.36000000,62549.36000000,62549.36000000,62549.36000000,0.02915000,1709335858999,1823.31384400,2,0.00000000,0.00000000,0
1709335859000,62549.37000000,62549.37000000,62549.36000000,62549.36000000,0.03107000,1709335859999,1943.40877110,32,0.01559000,975.14467830,0
1709335860000,62549.36000000,62549.37000000,62549.36000000,62549.36000000,0.17780000,1709335860999,11121.27747140,34,0.12634000,7902.48740580,0
1709335861000,62549.36000000,62549.37000000,62549.36000000,62549.37000000,0.44545000,1709335861999,27862.61241650,36,0.00045000,28.14721650,0
1709335862000,62549.36000000,62549.37000000,62549.36000000,62549.37000000,0.42044000,1709335862999,26298.25319880,5,0.02804000,1753.88433480,0
1709335863000,62549.36000000,62549.37000000,62549.36000000,62549.36000000,0.50566000,1709335863999,31628.71438090,15,0.50033000,31295.32629210,0
1709335864000,62549.37000000,62549.37000000,62549.36000000,62549.36000000,0.00277000,1709335864999,173.26174170,3,0.00145000,90.69658650,0
1709335865000,62549.36000000,62549.36000000,62548.10000000,62548.10000000,0.99564000,1709335865999,62276.64096480,68,0.00019000,11.88413900,0
1709335866000,62548.09000000,62548.10000000,62541.91000000,62541.91000000,0.89159000,1709335866999,55763.83108020,94,0.08180000,5116.43458000,0
1709335867000,62541.92000000,62541.92000000,62541.30000000,62541.31000000,0.49304000,1709335867999,30835.65091060,46,0.02659000,1662.98959790,0
1709335868000,62541.30000000,62541.30000000,62539.49000000,62539.49000000,0.20084000,1709335868999,12560.72955530,10,0.00000000,0.00000000,0
1709335869000,62539.49000000,62539.50000000,62538.28000000,62538.29000000,0.89884000,1709335869999,56212.92068270,66,0.00277000,173.23247900,0
1709335870000,62538.29000000,62538.29000000,62538.28000000,62538.28000000,0.14487000,1709335870999,9059.92174280,5,0.11192000,6999.28541680,0
1709335871000,62538.28000000,62538.29000000,62538.28000000,62538.28000000,0.06745000,1709335871999,4218.20718920,7,0.02032000,1270.77805280,0
1709335872000,62538.29000000,62538.29000000,62538.29000000,62538.29000000,0.02000000,1709335872999,1250.76580000,4,0.02000000,1250.76580000,0
1709335873000,62538.29000000,62538.29000000,62538.28000000,62538.29000000,0.56415000,1709335873999,35280.97611470,9,0.54527000,34100.25338830,0
1709335874000,62538.29000000,62538.29000000,62538.29000000,62538.29000000,0.00000000,1709335874999,0.00000000,0,0.00000000,0.00000000,0
1709335875000,62538.29000000,62538.29000000,62538.28000000,62538.29000000,0.04618000,1709335875999,2888.01821600,6,0.04456000,2786.70620240,0
1709335876000,62538.29000000,62538.29000000,62538.28000000,62538.29000000,0.00635000,1709335876999,397.11812890,5,0.00509000,318.31989610,0
1709335877000,62538.29000000,62538.29000000,62538.29000000,62538.29000000,0.00159000,1709335877999,99.43588110,1,0.00159000,99.43588110,0
1709335878000,62538.28000000,62538.28000000,62538.02000000,62538.03000000,1.03204000,1709335878999,64541.95416940,19,0.03204000,2003.71848120,0
1709335879000,62538.03000000,62538.03000000,62538.02000000,62538.03000000,0.36648000,1709335879999,22918.93715450,13,0.35849000,22419.25837470,0
1709335880000,62538.02000000,62538.03000000,62538.02000000,62538.02000000,0.01571000,1709335880999,982.47236140,5,0.00672000,420.25556160,0
1709335881000,62538.02000000,62538.03000000,62538.02000000,62538.03000000,0.41159000,1709335881999,25740.02764300,4,0.39912000,24960.17853360,0
1709335882000,62538.02000000,62538.02000000,62538.02000000,62538.02000000,0.00566000,1709335882999,353.96519320,3,0.00000000,0.00000000,0
1709335883000,62538.03000000,62538.03000000,62538.02000000,62538.03000000,0.07185000,1709335883999,4493.35677600,3,0.00390000,243.89831700,0
1709335884000,62538.02000000,62538.02000000,62538.02000000,62538.02000000,0.00820000,1709335884999,512.81176400,2,0.00000000,0.00000000,0
1709335885000,62538.03000000,62538.03000000,62538.03000000,62538.03000000,0.02940000,1709335885999,1838.61808200,1,0.02940000,1838.61808200,0
1709335886000,62538.03000000,62538.03000000,62538.02000000,62538.02000000,0.01023000,1709335886999,639.76404470,2,0.01001000,626.00568030,0
1709335887000,62538.03000000,62538.03000000,62538.02000000,62538.03000000,0.03635000,1709335887999,2273.25709520,11,0.00682000,426.50936460,0
1709335888000,62538.02000000,62538.03000000,62538.02000000,62538.02000000,0.01147000,1709335888999,717.31116480,3,0.00754000,471.53674620,0
1709335889000,62538.02000000,62538.03000000,62538.02000000,62538.03000000,0.00715000,1709335889999,447.14690920,4,0.00662000,414.00175860,0
1709335890000,62538.03000000,62538.03000000,62538.02000000,62538.02000000,0.02062000,1709335890999,1289.53399330,4,0.00209000,130.70448270,0
1709335891000,62538.03000000,62538.03000000,62538.02000000,62538.02000000,0.01380000,1709335891999,863.02481000,2,0.01340000,838.00960200,0
1709335892000,62538.02000000,62538.03000000,62538.02000000,62538.03000000,0.02357000,1709335892999,1474.02120720,3,0.00758000,474.03826740,0
1709335893000,62538.03000000,62538.03000000,62538.02000000,62538.02000000,0.08002000,1709335893999,5004.29257240,4,0.02120000,1325.80623600,0
1709335894000,62538.03000000,62538.03000000,62538.02000000,62538.02000000,0.00123000,1709335894999,76.92177370,3,0.00091000,56.90960730,0
1709335895000,62538.02000000,62538.03000000,62526.00000000,62526.00000000,3.12075000,1709335895999,195151.79350470,114,0.00567000,354.59063010,0
1709335896000,62526.00000000,62526.01000000,62526.00000000,62526.01000000,0.00591000,1709335896999,369.52868620,5,0.00262000,163.81814620,0
1709335897000,62526.00000000,62526.01000000,62526.00000000,62526.01000000,0.03479000,1709335897999,2175.27954150,4,0.00015000,9.37890150,0
1709335898000,62526.01000000,62526.01000000,62526.01000000,62526.01000000,0.02334000,1709335898999,1459.35707340,4,0.02334000,1459.35707340,0
1709335899000,62526.00000000,62526.01000000,62526.00000000,62526.00000000,0.01976000,1709335899999,1235.51376210,3,0.00021000,13.13046210,0
1709335900000,62526.01000000,62526.01000000,62526.01000000,62526.01000000,0.32852000,1709335900999,20541.04480520,13,0.32852000,20541.04480520,0
1709335901000,62526.01000000,62526.01000000,62526.00000000,62526.01000000,0.11919000,1709335901999,7452.47510200,6,0.11620000,7265.52236200,0
1709335902000,62526.01000000,62526.01000000,62526.01000000,62526.01000000,0.02873000,1709335902999,1796.37226730,2,0.02873000,1796.37226730,0
1709335903000,62526.00000000,62526.00000000,62526.00000000,62526.00000000,0.54230000,1709335903999,33907.84980000,9,0.00000000,0.00000000,0
1709335904000,62526.01000000,62526.01000000,62526.01000000,62526.01000000,0.00175000,1709335904999,109.42051750,2,0.00175000,109.42051750,0
1709335905000,62526.00000000,62526.00000000,62526.00000000,62526.00000000,0.00034000,1709335905999,21.25884000,1,0.00000000,0.00000000,0
1709335906000,62526.00000000,62526.00000000,62526.00000000,62526.00000000,0.00161000,1709335906999,100.66686000,4,0.00000000,0.00000000,0
1709335907000,62526.01000000,62526.01000000,62526.00000000,62526.01000000,0.01282000,1709335907999,801.58343860,3,0.01186000,741.55847860,0
1709335908000,62526.01000000,62526.01000000,62526.00000000,62526.00000000,0.00081000,1709335908999,50.64606340,2,0.00034000,21.25884340,0
1709335909000,62526.00000000,62526.00000000,62520.00000000,62520.00000000,2.75037000,1709335909999,171968.46588840,76,0.00000000,0.00000000,0
1709335910000,62520.01000000,62520.01000000,62520.01000000,62520.01000000,0.03285000,1709335910999,2053.78232850,2,0.03285000,2053.78232850,0
1709335911000,62520.00000000,62520.00000000,62518.02000000,62518.02000000,1.05632000,1709335911999,66040.99635830,49,0.05473000,3421.61123460,0
1709335912000,62518.02000000,62518.02000000,62518.02000000,62518.02000000,0.00000000,1709335912999,0.00000000,0,0.00000000,0.00000000,0
1709335913000,62518.01000000,62518.01000000,62514.01000000,62514.01000000,0.72997000,1709335913999,45636.23636520,56,0.00083000,51.88662830,0
1709335914000,62514.00000000,62514.01000000,62505.17000000,62505.17000000,3.19575000,1709335914999,199770.33210710,127,0.05865000,3666.42452320,0
1709335915000,62505.17000000,62505.17000000,62493.92000000,62493.93000000,2.17930000,1709335915999,136206.55767620,178,0.01517000,948.06589060,0
1709335916000,62493.93000000,62493.93000000,62493.92000000,62493.93000000,0.15358000,1709335916999,9597.81632020,16,0.00866000,541.19743380,0
1709335917000,62493.92000000,62493.93000000,62493.92000000,62493.92000000,0.63423000,1709335917999,39635.52134290,28,0.24613000,15381.63099090,0
1709335918000,62493.92000000,62493.93000000,62493.92000000,62493.93000000,1.09218000,1709335918999,68254.61196020,52,0.24146000,15089.78433780,0
1709335919000,62493.92000000,62493.93000000,62493.92000000,62493.92000000,0.29000000,1709335919999,18123.23940030,43,0.26003000,16250.29661790,0
1709335920000,62493.93000000,62493.93000000,62493.92000000,62493.93000000,0.19885000,1709335920999,12426.91778320,40,0.17912000,11193.91274160,0
1709335921000,62493.93000000,62500.01000000,62493.92000000,62500.01000000,1.84581000,1709335921999,115354.87634380,42,1.84371000,115223.63911180,0
1709335922000,62500.00000000,62500.01000000,62500.00000000,62500.00000000,0.30752000,1709335922999,19220.00242050,13,0.24205000,15128.12742050,0
1709335923000,62500.01000000,62501.51000000,62500.00000000,62501.51000000,0.94153000,1709335923999,58845.75296690,21,0.80569000,50355.75296690,0
1709335924000,62501.50000000,62501.51000000,62501.50000000,62501.51000000,0.74083000,1709335924999,46302.98865040,9,0.24054000,15034.11321540,0
1709335925000,62501.50000000,62501.51000000,62501.50000000,62501.51000000,0.26080000,1709335925999,16300.39359940,9,0.23994000,14996.61230940,0
1709335926000,62501.51000000,62501.51000000,62501.50000000,62501.51000000,0.32185000,1709335926999,20116.11099170,11,0.32167000,20104.86072170,0
1709335927000,62501.51000000,62501.51000000,62501.50000000,62501.51000000,0.27262000,1709335927999,17039.16149590,17,0.25659000,16037.26245090,0
1709335928000,62501.51000000,62501.51000000,62501.50000000,62501.50000000,0.29937000,1709335928999,18711.07695590,8,0.29009000,18131.06303590,0
1709335929000,62501.51000000,62501.51000000,62501.50000000,62501.51000000,0.33706000,1709335929999,21066.75895480,14,0.33648000,21030.50808480,0
1709335930000,62501.51000000,62501.51000000,62501.51000000,62501.51000000,0.25273000,1709335930999,15796.00662230,7,0.25273000,15796.00662230,0
1709335931000,62501.51000000,62501.51000000,62501.50000000,62501.50000000,0.24544000,1709335931999,15340.37060970,9,0.24497000,15310.99490470,0
1709335932000,62501.50000000,62501.51000000,62501.50000000,62501.51000000,0.18542000,1709335932999,11589.02975360,13,0.16236000,10147.74516360,0
1709335933000,62501.50000000,62504.02000000,62501.50000000,62504.02000000,0.77887000,1709335933999,48680.80418110,24,0.77334000,48335.17088610,0
1709335934000,62504.02000000,62505.91000000,62504.01000000,62505.91000000,1.10695000,1709335934999,69189.79966570,24,0.43715000,27323.78573570,0
1709335935000,62505.91000000,62510.17000000,62505.90000000,62510.17000000,0.48876000,1709335935999,30551.03591560,22,0.27517000,17200.26445720,0
1709335936000,62510.17000000,62510.17000000,62510.17000000,62510.17000000,0.08152000,1709335936999,5095.82905840,5,0.08152000,5095.82905840,0
1709335937000,62510.17000000,62510.17000000,62510.16000000,62510.16000000,0.19407000,1709335937999,12131.34835510,9,0.16039000,10026.00616630,0
1709335938000,62510.17000000,62510.17000000,62510.17000000,62510.17000000,0.19236000,1709335938999,12024.45630120,8,0.19236000,12024.45630120,0
1709335939000,62510.16000000,62510.17000000,62510.16000000,62510.17000000,0.24448000,1709335939999,15282.48634830,6,0.24315000,15199.34783550,0
1709335940000,62510.17000000,62510.17000000,62510.17000000,62510.17000000,0.24009000,1709335940999,15008.06671530,5,0.24009000,15008.06671530,0
1709335941000,62510.17000000,62529.99000000,62510.17000000,62529.99000000,4.65281000,1709335941999,290872.01188970,66,4.61750000,288664.09767630,0
1709335942000,62530.00000000,62530.00000000,62529.99000000,62529.99000000,2.72672000,1709335942999,170501.77676030,25,0.24275000,15179.15750000,0
1709335943000,62530.00000000,62530.00000000,62529.99000000,62530.00000000,0.16066000,1709335943999,10046.06979350,6,0.16001000,10005.42530000,0
1709335944000,62530.00000000,62530.00000000,62529.99000000,62530.00000000,0.84713000,1709335944999,52971.03362680,14,0.31981000,19997.71930000,0
1709335945000,62530.00000000,62530.00000000,62529.99000000,62530.00000000,0.17619000,1709335945999,11017.15974080,5,0.08027000,5019.28310000,0
1709335946000,62530.00000000,62530.00000000,62529.99000000,62529.99000000,0.09177000,1709335946999,5738.37798140,2,0.07991000,4996.77230000,0
1709335947000,62529.99000000,62530.00000000,62529.99000000,62530.00000000,0.40949000,1709335947999,25605.40722540,10,0.16203000,10131.73590000,0
1709335948000,62529.99000000,62530.00000000,62529.99000000,62530.00000000,0.16302000,1709335948999,10193.64056800,7,0.15982000,9993.54460000,0
1709335949000,62530.00000000,62530.00000000,62523.93000000,62523.94000000,1.57046000,1709335949999,98196.63509930,62,0.16880000,10554.55017260,0
1709335950000,62523.93000000,62523.94000000,62523.93000000,62523.93000000,0.48230000,1709335950999,30155.29427880,18,0.28398000,17755.54848120,0
1709335951000,62523.94000000,62523.94000000,62516.65000000,62516.66000000,1.28101000,1709335951999,80091.16238790,42,0.00846000,528.92515960,0
1709335952000,62516.65000000,62516.66000000,62516.65000000,62516.65000000,0.52133000,1709335952999,32591.80569650,31,0.05520000,3450.91963200,0
1709335953000,62516.65000000,62516.65000000,62512.96000000,62512.96000000,0.66519000,1709335953999,41584.73551910,15,0.00000000,0.00000000,0
1709335954000,62512.96000000,62512.96000000,62500.00000000,62500.01000000,1.67948000,1709335954999,104978.45692670,84,0.09832000,6145.57558620,0
1709335955000,62500.00000000,62500.01000000,62500.00000000,62500.00000000,0.00089000,1709335955999,55.62500440,4,0.00044000,27.50000440,0
1709335956000,62500.01000000,62500.01000000,62500.00000000,62500.00000000,0.13514000,1709335956999,8446.25003420,4,0.00342000,213.75003420,0
1709335957000,62500.01000000,62542.46000000,62500.01000000,62541.04000000,11.84612000,1709335957999,740572.92471360,327,11.47518000,717374.31657180,0
1709335958000,62541.04000000,62541.13000000,62541.04000000,62541.13000000,1.09561000,1709335958999,68520.68649660,21,1.09521000,68495.67004860,0
1709335959000,62541.13000000,62541.13000000,62536.00000000,62536.00000000,4.26804000,1709335959999,266926.53513670,53,0.32537000,20349.00746810,0
1709335960000,62536.01000000,62536.01000000,62536.00000000,62536.01000000,0.32941000,1709335960999,20599.98697280,12,0.32128000,20091.56929280,0
1709335961000,62536.01000000,62536.01000000,62536.00000000,62536.00000000,0.33566000,1709335961999,20990.83615700,7,0.23970000,14989.88159700,0
1709335962000,62536.00000000,62536.00000000,62531.10000000,62531.10000000,1.02272000,1709335962999,63956.27208360,20,0.08253000,5160.69250830,0
1709335963000,62531.11000000,62531.11000000,62531.11000000,62531.11000000,0.05769000,1709335963999,3607.41973590,3,0.05769000,3607.41973590,0
1709335964000,62531.10000000,62531.10000000,62531.10000000,62531.10000000,0.50043000,1709335964999,31292.43837300,9,0.00000000,0.00000000,0
1709335965000,62531.11000000,62531.11000000,62531.11000000,62531.11000000,0.04935000,1709335965999,3085.91027850,3,0.04935000,3085.91027850,0
1709335966000,62531.10000000,62531.10000000,62531.10000000,62531.10000000,0.12433000,1709335966999,7774.49166300,5,0.00000000,0.00000000,0
1709335967000,62531.10000000,62531.11000000,62531.10000000,62531.10000000,0.28990000,1709335967999,18127.76603080,13,0.01408000,880.43802880,0
1709335968000,62531.10000000,62531.11000000,62531.10000000,62531.10000000,0.12559000,1709335968999,7853.28086490,7,0.00159000,99.42446490,0
1709335969000,62531.11000000,62531.11000000,62531.10000000,62531.10000000,0.20929000,1709335969999,13087.13396690,15,0.00479000,299.52401690,0
1709335970000,62531.11000000,62531.11000000,62531.10000000,62531.10000000,0.03430000,1709335970999,2144.81690530,3,0.01753000,1096.17035830,0
1709335971000,62531.11000000,62531.11000000,62531.10000000,62531.10000000,0.44719000,1709335971999,27963.28263090,33,0.00219000,136.94313090,0
1709335972000,62531.10000000,62531.10000000,62531.10000000,62531.10000000,0.11270000,1709335972999,7047.25497000,8,0.00000000,0.00000000,0
1709335973000,62531.10000000,62531.10000000,62531.10000000,62531.10000000,0.00036000,1709335973999,22.51119600,1,0.00000000,0.00000000,0
1709335974000,62531.10000000,62531.11000000,62522.26000000,62522.26000000,1.30269000,1709335974999,81454.45297110,72,0.02386000,1491.99173740,0
1709335975000,62522.26000000,62522.26000000,62520.83000000,62520.84000000,0.26539000,1709335975999,16592.58213150,17,0.07011000,4383.33609240,0
1709335976000,62520.84000000,62539.25000000,62520.83000000,62539.25000000,8.05303000,1709335976999,503543.05029160,84,8.03114000,502174.46932290,0
1709335977000,62539.25000000,62546.00000000,62539.25000000,62545.99000000,1.52229000,1709335977999,95205.71688380,98,1.50962000,94413.27019050,0
1709335978000,62546.00000000,62547.72000000,62545.99000000,62547.71000000,0.59150000,1709335978999,36996.15624050,43,0.52483000,32826.15863680,0
1709335979000,62547.72000000,62550.93000000,62547.71000000,62550.93000000,0.73736000,1709335979999,46121.50126570,80,0.46325000,28975.76447050,0
1709335980000,62550.92000000,62550.93000000,62550.92000000,62550.93000000,0.10448000,1709335980999,6535.32108350,24,0.09619000,6016.77395670,0
1709335981000,62550.93000000,62557.86000000,62550.93000000,62557.85000000,0.43790000,1709335981999,27391.60257220,44,0.43774000,27381.59331620,0
1709335982000,62557.85000000,62557.86000000,62557.85000000,62557.85000000,0.16143000,1709335982999,10098.71532690,5,0.16014000,10018.01570040,0
1709335983000,62557.86000000,62557.86000000,62557.85000000,62557.86000000,0.25293000,1709335983999,15822.75946860,9,0.24681000,15439.90542660,0
1709335984000,62557.85000000,62560.02000000,62557.85000000,62560.02000000,0.55931000,1709335984999,34989.42752610,64,0.45451000,28433.36306990,0
1709335985000,62560.02000000,62581.09000000,62560.02000000,62581.09000000,1.09086000,1709335985999,68256.21807370,68,1.06680000,66750.54663940,0
1709335986000,62581.10000000,62588.87000000,62581.10000000,62588.87000000,0.41697000,1709335986999,26096.80265420,23,0.40711000,25479.69110410,0
1709335987000,62588.86000000,62588.87000000,62588.86000000,62588.87000000,0.24692000,1709335987999,15454.44371820,8,0.24070000,15065.14100900,0
1709335988000,62588.86000000,62588.87000000,62588.86000000,62588.87000000,0.74437000,1709335988999,46589.27714760,12,0.74294000,46499.77507780,0
1709335989000,62588.87000000,62588.87000000,62588.86000000,62588.86000000,0.32027000,1709335989999,20045.33738730,7,0.31951000,19997.76985370,0
1709335990000,62588.87000000,62588.87000000,62588.86000000,62588.86000000,0.24208000,1709335990999,15151.51362710,8,0.23983000,15010.68869210,0
1709335991000,62588.86000000,62588.87000000,62588.86000000,62588.87000000,0.22428000,1709335991999,14037.43126360,5,0.17428000,10907.98826360,0
1709335992000,62588.87000000,62588.87000000,62588.86000000,62588.87000000,0.14608000,1709335992999,9142.98212460,5,0.14558000,9111.68769460,0
1709335993000,62588.86000000,62588.87000000,62588.86000000,62588.87000000,0.15898000,1709335993999,9950.37777160,6,0.08088000,5062.18780560,0
1709335994000,62588.87000000,62588.87000000,62588.87000000,62588.87000000,0.01098000,1709335994999,687.22579260,1,0.01098000,687.22579260,0
1709335995000,62588.86000000,62588.86000000,62581.79000000,62581.79000000,1.45245000,1709335995999,90905.11215010,60,0.00000000,0.00000000,0
1709335996000,62581.79000000,62581.79000000,62573.88000000,62573.88000000,0.04008000,1709335996999,2508.11139900,22,0.00163000,102.00129240,0
1709335997000,62573.88000000,62573.89000000,62573.88000000,62573.88000000,0.44955000,1709335997999,28130.09047920,14,0.27252000,17052.63650280,0
1709335998000,62573.89000000,62573.89000000,62573.88000000,62573.89000000,0.94506000,1709335998999,59136.08042730,8,0.93945000,58785.04096050,0
1709335999000,62573.89000000,62576.19000000,62573.88000000,62576.19000000,0.28955000,1709335999999,18118.27085520,22,0.24673000,15438.85731360,0
1709336000000,62576.19000000,62576.77000000,62576.18000000,62576.77000000,0.37822000,1709336000999,23667.61279130,22,0.36787000,23019.94932830,0
1709336001000,62576.77000000,62583.23000000,62576.77000000,62583.23000000,0.26957000,1709336001999,16869.71433970,29,0.26957000,16869.71433970,0
1709336002000,62583.23000000,62588.87000000,62583.23000000,62588.86000000,0.27531000,1709336002999,17230.29776700,16,0.26842000,16799.06052160,0
1709336003000,62588.86000000,62588.87000000,62588.86000000,62588.86000000,0.21861000,1709336003999,13682.55240070,12,0.17161000,10740.87598070,0
1709336004000,62588.87000000,62588.87000000,62588.86000000,62588.87000000,0.25597000,1709336004999,16020.87304880,8,0.25546000,15988.95273020,0
1709336005000,62588.87000000,62588.87000000,62588.86000000,62588.86000000,0.32392000,1709336005999,20273.78674790,16,0.32167000,20132.96181290,0
1709336006000,62588.87000000,62598.00000000,62588.87000000,62598.00000000,0.88979000,1709336006999,55692.26090660,38,0.88959000,55679.74135460,0
1709336007000,62598.00000000,62598.00000000,62597.99000000,62597.99000000,0.10322000,1709336007999,6461.36540340,7,0.08756000,5481.08088000,0
1709336008000,62598.00000000,62599.99000000,62597.99000000,62599.99000000,0.82201000,1709336008999,51457.32127880,25,0.82151000,51426.02228380,0
1709336009000,62599.98000000,62599.99000000,62599.98000000,62599.98000000,0.29899000,1709336009999,18716.77042820,16,0.24080000,15074.07759200,0
1709336010000,62599.98000000,62599.99000000,62599.98000000,62599.99000000,0.19141000,1709336010999,11982.26379830,7,0.16265000,10181.88837350,0
1709336011000,62599.99000000,62599.99000000,62599.98000000,62599.98000000,0.25305000,1709336011999,15840.92733360,8,0.23946000,14990.19360540,0
1709336012000,62599.99000000,62599.99000000,62599.98000000,62599.98000000,0.23847000,1709336012999,14928.21882860,11,0.15980000,10003.47840200,0
1709336013000,62599.99000000,62599.99000000,62599.98000000,62599.98000000,0.18689000,1709336013999,11699.31185860,4,0.15964000,9993.46240360,0
1709336014000,62599.99000000,62605.18000000,62599.98000000,62605.18000000,2.23994000,1709336014999,140220.43162150,37,2.22602000,139349.03989990,0
1709336015000,62605.18000000,62607.32000000,62605.18000000,62607.31000000,0.27789000,1709336015999,17397.46397250,13,0.27774000,17388.07287600,0
1709336016000,62607.32000000,62607.32000000,62607.31000000,62607.32000000,0.39632000,1709336016999,24812.53232020,6,0.32210000,20165.81777200,0
1709336017000,62607.31000000,62607.32000000,62607.31000000,62607.32000000,0.25852000,1709336017999,16185.24419200,6,0.24108000,15093.37270560,0
1709336018000,62607.31000000,62619.39000000,62607.31000000,62619.39000000,0.70133000,1709336018999,43912.81689700,54,0.69532000,43536.48457910,0
1709336019000,62619.39000000,62619.40000000,62619.39000000,62619.40000000,0.35871000,1709336019999,22462.20408890,10,0.27020000,16919.76188000,0
1709336020000,62619.40000000,62619.40000000,62619.39000000,62619.40000000,0.17122000,1709336020999,10721.69356630,11,0.16105000,10084.85437000,0
1709336021000,62619.39000000,62619.40000000,62619.39000000,62619.40000000,0.60581000,1709336021999,37935.45362140,50,0.09655000,6045.90307000,0
1709336022000,62619.40000000,62619.40000000,62619.39000000,62619.40000000,0.22491000,1709336022999,14083.72917520,6,0.21703000,13590.28838200,0
1709336023000,62619.39000000,62619.40000000,62619.39000000,62619.39000000,0.15323000,1709336023999,9595.16938610,11,0.02564000,1605.56141600,0
1709336024000,62619.30000000,62619.30000000,62614.03000000,62614.03000000,1.00242000,1709336024999,62768.49738330,58,0.00000000,0.00000000,0
1709336025000,62614.03000000,62614.04000000,62614.03000000,62614.03000000,0.03789000,1709336025999,2372.44591610,6,0.03194000,1999.89243760,0
1709336026000,62614.03000000,62614.03000000,62614.03000000,62614.03000000,0.35896000,1709336026999,22475.93220880,13,0.00000000,0.00000000,0
1709336027000,62614.03000000,62614.03000000,62607.85000000,62607.85000000,1.65982000,1709336027999,103924.99462000,62,0.00404000,252.93603720,0
1709336028000,62607.85000000,62607.85000000,62596.00000000,62596.01000000,2.01315000,1709336028999,126025.13845240,103,0.60721000,38010.03531590,0
1709336029000,62596.00000000,62596.00000000,62590.65000000,62590.65000000,0.28304000,1709336029999,17716.57998040,30,0.00504000,315.45941820,0
1709336030000,62590.65000000,62590.65000000,62588.71000000,62588.72000000,0.21998000,1709336030999,13768.50557340,13,0.09562000,5984.73340640,0
1709336031000,62588.72000000,62592.60000000,62588.72000000,62592.59000000,2.27558000,1709336031999,142426.54191220,47,2.24882000,140751.56420380,0
1709336032000,62592.60000000,62592.60000000,62592.59000000,62592.60000000,0.36548000,1709336032999,22876.34304860,10,0.32554000,20376.39500400,0
1709336033000,62592.60000000,62592.60000000,62592.59000000,62592.59000000,0.27367000,1709336033999,17129.71652950,14,0.24242000,15173.69809200,0
1709336034000,62592.60000000,62592.60000000,62592.59000000,62592.60000000,0.22424000,1709336034999,14035.76459770,8,0.22161000,13871.14608600,0
1709336035000,62592.59000000,62592.59000000,62588.71000000,62588.72000000,0.41298000,1709336035999,25848.95172210,16,0.07983000,4996.45751760,0
1709336036000,62588.71000000,62588.72000000,62584.69000000,62584.69000000,0.36229000,1709336036999,22674.84511040,25,0.09767000,6112.71148660,0
1709336037000,62584.69000000,62584.69000000,62576.48000000,62576.49000000,0.63758000,1709336037999,39900.65832880,53,0.00563000,352.30917270,0
1709336038000,62576.48000000,62576.48000000,62576.27000000,62576.27000000,0.57095000,1709336038999,35727.92673900,15,0.53069000,33208.60603320,0
1709336039000,62576.27000000,62576.28000000,62576.27000000,62576.28000000,0.05008000,1709336039999,3133.81982580,46,0.02242000,1402.96019760,0
1709336040000,62576.28000000,62576.28000000,62576.27000000,62576.28000000,0.36884000,1709336040999,23080.63499030,27,0.35635000,22299.05737800,0
1709336041000,62576.27000000,62576.28000000,62576.27000000,62576.27000000,0.09203000,1709336041999,5758.89492660,6,0.07985000,4996.71595800,0
1709336042000,62576.27000000,62576.28000000,62576.27000000,62576.28000000,0.20916000,1709336042999,13088.45264400,4,0.00108000,67.58238240,0
1709336043000,62576.27000000,62576.27000000,62571.29000000,62571.29000000,0.08690000,1709336043999,5437.84741810,12,0.00000000,0.00000000,0
1709336044000,62571.10000000,62571.10000000,62561.16000000,62561.16000000,0.42670000,1709336044999,26698.34154070,90,0.00224000,140.14241980,0
1709336045000,62561.10000000,62561.10000000,62552.65000000,62552.65000000,0.21547000,1709336045999,13479.15038140,43,0.00019000,11.88500540,0
1709336046000,62552.65000000,62552.66000000,62552.65000000,62552.65000000,1.27547000,1709336046999,79784.04103550,17,1.25400000,78441.03564000,0
1709336047000,62552.65000000,62556.66000000,62552.65000000,62556.66000000,0.35519000,1709336047999,22218.32246080,59,0.35237000,22041.92210860,0
1709336048000,62556.66000000,62558.90000000,62556.66000000,62558.90000000,0.81503000,1709336048999,50986.21334030,28,0.74254000,46451.31940420,0
1709336049000,62558.90000000,62558.90000000,62558.89000000,62558.90000000,0.25687000,1709336049999,16069.50449850,17,0.24242000,15165.52853800,0
1709336050000,62558.90000000,62563.31000000,62558.89000000,62563.31000000,0.35383000,1709336050999,22136.32470370,32,0.34346000,21487.58901440,0
1709336051000,62563.31000000,62563.31000000,62563.30000000,62563.31000000,0.16484000,1709336051999,10312.93559020,9,0.12182000,7621.46242420,0
1709336052000,62563.31000000,62563.31000000,62563.30000000,62563.31000000,0.04784000,1709336052999,2993.02848660,7,0.02146000,1342.60863260,0
1709336053000,62563.31000000,62563.31000000,62563.30000000,62563.30000000,0.00727000,1709336053999,454.83519790,5,0.00069000,43.16868390,0
1709336054000,62563.30000000,62563.31000000,62563.30000000,62563.30000000,0.03528000,1709336054999,2207.23340600,6,0.01820000,1138.65224200,0
1709336055000,62563.30000000,62563.31000000,62563.30000000,62563.30000000,0.00848000,1709336055999,530.53678650,5,0.00025000,15.64082750,0
1709336056000,62563.30000000,62563.31000000,62563.30000000,62563.31000000,0.00121000,1709336056999,75.70159510,2,0.00021000,13.13829510,0
1709336057000,62563.30000000,62563.31000000,62563.30000000,62563.30000000,0.00210000,1709336057999,131.38293390,4,0.00039000,24.39969090,0
1709336058000,62563.30000000,62563.31000000,62563.30000000,62563.31000000,0.59695000,1709336058999,37347.16721260,15,0.52776000,33018.41248560,0
1709336059000,62563.31000000,62563.31000000,62563.30000000,62563.31000000,0.17170000,1709336059999,10742.12032380,6,0.17138000,10722.10006780,0
1709336060000,62563.30000000,62563.30000000,62563.30000000,62563.30000000,0.03485000,1709336060999,2180.33100500,2,0.00000000,0.00000000,0
1709336061000,62563.31000000,62563.31000000,62563.31000000,62563.31000000,0.23924000,1709336061999,14967.64628440,14,0.23924000,14967.64628440,0
1709336062000,62563.30000000,62563.31000000,62563.30000000,62563.30000000,0.17122000,1709336062999,10712.08922600,3,0.10000000,6256.33100000,0
1709336063000,62563.30000000,62563.30000000,62563.30000000,62563.30000000,0.00603000,1709336063999,377.25669900,2,0.00000000,0.00000000,0
1709336064000,62563.31000000,62563.31000000,62563.30000000,62563.31000000,0.21377000,1709336064999,13374.15874010,12,0.20991000,13132.66440210,0
1709336065000,62563.31000000,62563.31000000,62563.30000000,62563.31000000,0.43257000,1709336065999,27063.01085500,14,0.41740000,26113.92559400,0
1709336066000,62563.30000000,62563.31000000,62563.30000000,62563.30000000,0.25285000,1709336066999,15819.13120360,9,0.07986000,4996.30593660,0
1709336067000,62563.31000000,62563.31000000,62562.79000000,62562.79000000,0.25472000,1709336067999,15936.10602530,20,0.08150000,5098.89480670,0
1709336068000,62562.79000000,62562.79000000,62562.79000000,62562.79000000,0.07360000,1709336068999,4604.62134400,8,0.00000000,0.00000000,0
1709336069000,62562.80000000,62562.80000000,62555.17000000,62555.17000000,0.62653000,1709336069999,39194.62483170,141,0.01498000,937.07827280,0
1709336070000,62555.17000000,62563.30000000,62555.17000000,62563.30000000,1.26676000,1709336070999,79244.14429760,28,1.26048000,78851.29783000,0
1709336071000,62563.30000000,62563.30000000,62563.29000000,62563.29000000,0.20481000,1709336071999,12813.58913110,7,0.17062000,10674.55024600,0
1709336072000,62563.29000000,62563.30000000,62563.29000000,62563.29000000,0.08459000,1709336072999,5292.22950760,4,0.08065000,5045.73014500,0
1709336073000,62563.30000000,62563.30000000,62563.29000000,62563.30000000,0.16824000,1709336073999,10525.64952790,6,0.16183000,10124.61883900,0
1709336074000,62563.29000000,62563.30000000,62563.29000000,62563.30000000,0.26332000,1709336074999,16474.16792630,10,0.24035000,15037.08915500,0
1709336075000,62563.30000000,62563.30000000,62563.29000000,62563.30000000,0.26239000,1709336075999,16415.98407960,7,0.24165000,15118.42144500,0
1709336076000,62563.29000000,62563.30000000,62563.29000000,62563.30000000,0.08388000,1709336076999,5247.80958840,4,0.08232000,5150.21085600,0
1709336077000,62563.30000000,62563.30000000,62563.30000000,62563.30000000,0.24196000,1709336077999,15137.81606800,5,0.24196000,15137.81606800,0
1709336078000,62563.30000000,62563.30000000,62563.29000000,62563.30000000,0.24412000,1709336078999,15272.95275060,11,0.23958000,14988.91541400,0
1709336079000,62563.30000000,62563.30000000,62563.30000000,62563.30000000,0.31944000,1709336079999,19985.22055200,5,0.31944000,19985.22055200,0
1709336080000,62563.30000000,62563.30000000,62563.29000000,62563.30000000,0.24663000,1709336080999,15429.98665080,9,0.24381000,15253.55817300,0
1709336081000,62563.30000000,62563.30000000,62563.29000000,62563.29000000,0.00393000,1709336081999,245.87376080,6,0.00311000,194.57186300,0
1709336082000,62563.30000000,62563.30000000,62563.30000000,62563.30000000,0.23958000,1709336082999,14988.91541400,4,0.23958000,14988.91541400,0
1709336083000,62563.30000000,62563.30000000,62563.29000000,62563.30000000,0.35408000,1709336083999,22152.41294450,10,0.32213000,20153.51582900,0
1709336084000,62563.30000000,62563.30000000,62563.29000000,62563.30000000,0.17742000,1709336084999,11099.98062520,9,0.17134000,10719.59582200,0
1709336085000,62563.29000000,62563.30000000,62563.29000000,62563.29000000,0.26374000,1709336085999,16500.44466020,9,0.25556000,15988.67694800,0
1709336086000,62563.30000000,62563.30000000,62563.29000000,62563.29000000,0.02255000,1709336086999,1410.80227930,5,0.00898000,561.81843400,0
1709336087000,62563.29000000,62563.30000000,62563.29000000,62563.30000000,0.24656000,1709336087999,15425.60718130,11,0.23989000,15008.31003700,0
1709336088000,62563.30000000,62563.30000000,62563.29000000,62563.30000000,0.24006000,1709336088999,15018.94579580,6,0.23984000,15005.18187200,0
1709336089000,62563.30000000,62563.30000000,62563.29000000,62563.30000000,0.24930000,1709336089999,15597.03060860,12,0.24116000,15087.76542800,0
1709336090000,62563.30000000,62563.30000000,62563.30000000,62563.30000000,0.08575000,1709336090999,5364.80297500,2,0.08575000,5364.80297500,0
1709336091000,62563.30000000,62563.30000000,62563.29000000,62563.30000000,0.18224000,1709336091999,11401.53569200,13,0.17224000,10775.90279200,0
1709336092000,62563.30000000,62563.30000000,62563.29000000,62563.30000000,0.32544000,1709336092999,20360.60029200,6,0.31944000,19985.22055200,0
1709336093000,62563.29000000,62563.30000000,62563.29000000,62563.30000000,0.24584000,1709336093999,15380.56165160,8,0.24380000,15252.93254000,0
1709336094000,62563.30000000,62563.30000000,62563.29000000,62563.30000000,0.24185000,1709336094999,15130.93409910,9,0.24126000,15094.02175800,0
1709336095000,62563.30000000,62563.30000000,62563.29000000,62563.30000000,0.24765000,1709336095999,15493.80086040,6,0.20919000,13087.61672700,0
1709336096000,62563.30000000,62563.30000000,62563.29000000,62563.30000000,0.32262000,1709336096999,20184.17184210,9,0.32223000,20159.77215900,0
1709336097000,62563.30000000,62563.30000000,62557.50000000,62557.50000000,0.68698000,1709336097999,42979.26615780,32,0.15972000,9992.61027600,0
1709336098000,62557.50000000,62557.50000000,62551.12000000,62551.12000000,0.56570000,1709336098999,35386.73274690,142,0.00000000,0.00000000,0
1709336099000,62551.11000000,62551.11000000,62546.14000000,62546.14000000,0.20849000,1709336099999,13041.18936140,105,0.11143000,6970.05380390,0
1709336100000,62546.14000000,62546.15000000,62546.14000000,62546.14000000,0.11856000,1709336100999,7415.47081730,46,0.04589000,2870.24282350,0
1709336101000,62546.14000000,62546.15000000,62540.00000000,62540.00000000,1.37147000,1709336101999,85775.67627130,122,0.00115000,71.92807250,0
1709336102000,62540.01000000,62540.01000000,62538.27000000,62538.28000000,0.03055000,1709336102999,1910.58553180,11,0.00262000,163.85413420,0
1709336103000,62538.27000000,62538.27000000,62533.37000000,62533.38000000,0.12406000,1709336103999,7758.32593080,33,0.00079000,49.40137020,0
1709336104000,62533.37000000,62533.38000000,62533.37000000,62533.37000000,0.23406000,1709336104999,14636.56210520,18,0.15230000,9523.83377400,0
1709336105000,62533.37000000,62533.37000000,62531.10000000,62531.11000000,0.01150000,1709336105999,719.10928430,19,0.00906000,566.53185660,0
1709336106000,62531.11000000,62531.11000000,62531.10000000,62531.10000000,0.00452000,1709336106999,282.64059070,4,0.00187000,116.93317570,0
1709336107000,62531.11000000,62531.11000000,62531.10000000,62531.10000000,0.00538000,1709336107999,336.41734360,5,0.00256000,160.07964160,0
1709336108000,62531.10000000,62531.11000000,62531.10000000,62531.10000000,0.00818000,1709336108999,511.50445180,5,0.00538000,336.41737180,0
1709336109000,62531.11000000,62531.11000000,62531.10000000,62531.10000000,0.00965000,1709336109999,603.42515790,3,0.00429000,268.25846190,0
1709336110000,62531.10000000,62531.11000000,62531.10000000,62531.11000000,0.00344000,1709336110999,215.10699480,3,0.00108000,67.53359880,0
1709336111000,62531.10000000,62531.10000000,62531.10000000,62531.10000000,0.50390000,1709336111999,31509.42129000,8,0.00000000,0.00000000,0
1709336112000,62531.11000000,62531.11000000,62531.11000000,62531.11000000,0.00298000,1709336112999,186.34270780,3,0.00298000,186.34270780,0
1709336113000,62531.11000000,62531.11000000,62531.10000000,62531.10000000,0.00515000,1709336113999,322.03519850,3,0.00335000,209.47921850,0
1709336114000,62531.11000000,62531.11000000,62531.11000000,62531.11000000,0.08678000,1709336114999,5426.44972580,4,0.08678000,5426.44972580,0
1709336115000,62531.10000000,62531.11000000,62531.10000000,62531.10000000,0.25647000,1709336115999,16037.35361400,17,0.23970000,14988.70706700,0
1709336116000,62531.11000000,62535.50000000,62531.11000000,62535.50000000,1.24597000,1709336116999,77913.17509300,23,1.24597000,77913.17509300,0
1709336117000,62538.00000000,62538.00000000,62538.00000000,62538.00000000,0.16588000,1709336117999,10373.80344000,6,0.16588000,10373.80344000,0
1709336118000,62538.00000000,62538.00000000,62537.99000000,62538.00000000,0.08074000,1709336118999,5049.31811690,4,0.08043000,5029.93134000,0
1709336119000,62537.99000000,62538.00000000,62537.99000000,62538.00000000,0.05661000,1709336119999,3540.27567790,6,0.00640000,400.24320000,0
1709336120000,62538.00000000,62538.00000000,62537.99000000,62538.00000000,0.08093000,1709336120999,5061.20033200,4,0.08013000,5011.16994000,0
1709336121000,62537.99000000,62538.00000000,62537.99000000,62537.99000000,0.60275000,1709336121999,37694.77427150,5,0.07990000,4996.78620000,0
1709336122000,62538.00000000,62538.00000000,62537.99000000,62537.99000000,0.24379000,1709336122999,15246.13901630,8,0.24342000,15222.99996000,0
1709336123000,62538.00000000,62538.00000000,62537.99000000,62537.99000000,0.34473000,1709336123999,21558.72294130,15,0.16486000,10310.01468000,0
1709336124000,62537.99000000,62538.00000000,62537.99000000,62538.00000000,0.16975000,1709336124999,10615.82545170,8,0.16492000,10313.76696000,0
1709336125000,62537.99000000,62538.00000000,62537.99000000,62537.99000000,0.16600000,1709336125999,10381.30795160,9,0.16116000,10078.62408000,0
1709336126000,62538.00000000,62538.00000000,62537.99000000,62537.99000000,0.07420000,1709336126999,4640.31889360,4,0.00356000,222.63528000,0
1709336127000,62537.99000000,62537.99000000,62537.99000000,62537.99000000,0.00176000,1709336127999,110.06686240,1,0.00000000,0.00000000,0
1709336128000,62538.00000000,62538.00000000,62537.99000000,62538.00000000,0.00290000,1709336128999,181.36019870,4,0.00277000,173.23026000,0
1709336129000,62538.00000000,62538.00000000,62538.00000000,62538.00000000,0.05012000,1709336129999,3134.40456000,2,0.05012000,3134.40456000,0
1709336130000,62537.99000000,62537.99000000,62534.12000000,62534.12000000,0.97084000,1709336130999,60713.05994570,47,0.00000000,0.00000000,0
1709336131000,62534.12000000,62534.12000000,62531.10000000,62531.11000000,0.06361000,1709336131999,3977.60608490,16,0.01958000,1224.35913380,0
1709336132000,62531.10000000,62531.10000000,62531.10000000,62531.10000000,0.50000000,1709336132999,31265.55000000,2,0.00000000,0.00000000,0
1709336133000,62531.11000000,62531.11000000,62531.10000000,62531.10000000,0.05536000,1709336133999,3461.72173650,8,0.00405000,253.25099550,0
1709336134000,62531.10000000,62531.11000000,62531.10000000,62531.10000000,0.41782000,1709336134999,26126.74439350,11,0.01915000,1197.47075650,0
1709336135000,62531.10000000,62531.10000000,62531.04000000,62531.04000000,0.35758000,1709336135999,22359.86719430,16,0.00029000,18.13400450,0
1709336136000,62531.04000000,62531.05000000,62531.04000000,62531.04000000,0.04100000,1709336136999,2563.77267340,7,0.00334000,208.85370700,0
1709336137000,62531.05000000,62531.05000000,62523.14000000,62523.14000000,0.87386000,1709336137999,54642.78482430,38,0.00468000,292.64191700,0
1709336138000,62523.14000000,62523.15000000,62523.14000000,62523.15000000,0.59419000,1709336138999,37150.63021100,9,0.56544000,35353.08993600,0
1709336139000,62523.15000000,62523.15000000,62523.14000000,62523.14000000,0.35056000,1709336139999,21918.11534310,5,0.33847000,21162.21058050,0
1709336140000,62523.15000000,62523.15000000,62523.15000000,62523.15000000,0.08131000,1709336140999,5083.75732650,3,0.08131000,5083.75732650,0
1709336141000,62523.14000000,62523.15000000,62523.14000000,62523.15000000,0.24446000,1709336141999,15284.40921360,9,0.24092000,15063.07729800,0
1709336142000,62523.15000000,62529.98000000,62523.14000000,62529.98000000,0.52827000,1709336142999,33029.56921330,44,0.51824000,32402.43442150,0
1709336143000,62529.98000000,62529.99000000,62529.98000000,62529.99000000,0.26039000,1709336143999,16282.18389740,9,0.24052000,15039.71319480,0
1709336144000,62529.99000000,62534.00000000,62529.98000000,62534.00000000,0.47282000,1709336144999,29565.75756050,25,0.47263000,29553.87686430,0
1709336145000,62533.99000000,62534.00000000,62533.99000000,62533.99000000,0.09015000,1709336145999,5637.44000970,7,0.08112000,5072.75808000,0
1709336146000,62533.99000000,62534.00000000,62533.99000000,62534.00000000,0.05213000,1709336146999,3259.89695870,6,0.00600000,375.20400000,0
1709336147000,62533.99000000,62534.00000000,62533.99000000,62533.99000000,0.00301000,1709336147999,188.22731190,4,0.00020000,12.50680000,0
1709336148000,62533.99000000,62534.00000000,62533.99000000,62533.99000000,0.02419000,1709336148999,1512.69743550,4,0.02174000,1359.48916000,0
1709336149000,62533.99000000,62533.99000000,62533.99000000,62533.99000000,0.00112000,1709336149999,70.03806880,2,0.00000000,0.00000000,0
1709336150000,62534.00000000,62534.00000000,62534.00000000,62534.00000000,0.00059000,1709336150999,36.89506000,1,0.00059000,36.89506000,0
1709336151000,62533.99000000,62534.00000000,62533.99000000,62534.00000000,0.00044000,1709336151999,27.51495650,2,0.00009000,5.62806000,0
1709336152000,62533.99000000,62534.00000000,62533.99000000,62534.00000000,0.09031000,1709336152999,5647.44543650,4,0.07996000,5000.21864000,0
1709336153000,62533.99000000,62534.00000000,62529.34000000,62529.34000000,0.45060000,1709336153999,28177.80663800,66,0.00357000,223.24638000,0
1709336154000,62527.38000000,62527.38000000,62520.84000000,62520.84000000,0.38337000,1709336154999,23970.14431440,43,0.03431000,2145.31440780,0
1709336155000,62520.84000000,62520.84000000,62520.83000000,62520.84000000,0.28170000,1709336155999,17612.11927510,23,0.08741000,5464.94662440,0
1709336156000,62520.84000000,62520.84000000,62520.84000000,62520.84000000,0.00000000,1709336156999,0.00000000,0,0.00000000,0.00000000,0
1709336157000,62520.84000000,62520.84000000,62510.25000000,62510.25000000,2.27279000,1709336157999,142086.45755210,80,0.16044000,10030.05960000,0
1709336158000,62510.25000000,62510.26000000,62510.25000000,62510.25000000,0.00365000,1709336158999,228.16241350,4,0.00010000,6.25102600,0
1709336159000,62510.25000000,62510.26000000,62510.25000000,62510.26000000,0.12956000,1709336159999,8098.82816030,33,0.01703000,1064.54972780,0
1709336160000,62510.25000000,62510.26000000,62510.25000000,62510.25000000,0.08059000,1709336160999,5037.70117800,26,0.01305000,815.75889300,0
1709336161000,62510.25000000,62510.26000000,62510.25000000,62510.25000000,0.84215000,1709336161999,52643.01347870,19,0.64412000,40264.10867120,0
1709336162000,62510.25000000,62510.26000000,62510.25000000,62510.26000000,0.09992000,1709336162999,6246.02517230,8,0.09923000,6202.89309980,0
1709336163000,62510.26000000,62510.26000000,62510.25000000,62510.25000000,0.01504000,1709336163999,940.15423770,5,0.00777000,485.70472020,0
1709336164000,62510.25000000,62510.26000000,62510.25000000,62510.25000000,0.01717000,1709336164999,1073.30100080,6,0.00083000,51.88351580,0
1709336165000,62510.26000000,62510.26000000,62510.25000000,62510.25000000,0.32068000,1709336165999,20045.78710510,8,0.01351000,844.51361260,0
1709336166000,62510.25000000,62510.25000000,62510.25000000,62510.25000000,0.12133000,1709336166999,7584.36863250,4,0.00000000,0.00000000,0
1709336167000,62510.25000000,62510.26000000,62501.10000000,62501.10000000,0.98746000,1709336167999,61724.32924640,46,0.01792000,1120.18385920,0
1709336168000,62501.11000000,62501.11000000,62500.01000000,62500.01000000,0.04627000,1709336168999,2891.92152210,25,0.00016000,10.00017760,0
1709336169000,62500.01000000,62500.01000000,62500.01000000,62500.01000000,0.03016000,1709336169999,1885.00030160,3,0.00000000,0.00000000,0
1709336170000,62500.01000000,62500.02000000,62500.01000000,62500.02000000,0.01977000,1709336170999,1235.62533640,7,0.01387000,866.87527740,0
1709336171000,62500.02000000,62500.02000000,62492.06000000,62492.06000000,0.51722000,1709336171999,32326.12971450,58,0.00149000,93.12502980,0
1709336172000,62492.05000000,62492.06000000,62492.05000000,62492.06000000,0.10676000,1709336172999,6671.65137300,8,0.01150000,718.65869000,0
1709336173000,62492.05000000,62492.06000000,62492.05000000,62492.05000000,0.00354000,1709336173999,221.22186750,3,0.00105000,65.61666300,0
1709336174000,62492.06000000,62492.06000000,62492.05000000,62492.06000000,0.26662000,1709336174999,16661.63278310,11,0.24121000,15073.70979260,0
1709336175000,62492.06000000,62492.06000000,62492.05000000,62492.06000000,0.42560000,1709336175999,26596.61907830,15,0.25983000,16237.31194980,0
1709336176000,62492.06000000,62492.06000000,62492.05000000,62492.06000000,0.88294000,1709336176999,55176.73389100,15,0.32640000,20397.40838400,0
1709336177000,62492.05000000,62492.06000000,62484.49000000,62484.49000000,0.56368000,1709336177999,35225.24979090,53,0.11425000,7139.66066190,0
1709336178000,62484.49000000,62484.49000000,62481.10000000,62481.11000000,0.24476000,1709336178999,15293.39905280,33,0.02078000,1298.35746580,0
1709336179000,62481.10000000,62481.11000000,62481.10000000,62481.11000000,0.02177000,1709336179999,1360.21355700,2,0.00100000,62.48111000,0
1709336180000,62481.11000000,62481.11000000,62477.06000000,62477.06000000,1.12448000,1709336180999,70257.41541830,42,0.00370000,231.18010700,0
1709336181000,62477.04000000,62477.04000000,62473.30000000,62473.30000000,0.11625000,1709336181999,7262.71235580,25,0.00438000,273.63585180,0
1709336182000,62473.31000000,62473.31000000,62473.31000000,62473.31000000,0.01502000,1709336182999,938.34911620,3,0.01502000,938.34911620,0
1709336183000,62473.30000000,62473.31000000,62473.30000000,62473.30000000,0.49518000,1709336183999,30935.53346340,20,0.47694000,29796.02047140,0
1709336184000,62473.31000000,62473.31000000,62473.30000000,62473.31000000,0.02178000,1709336184999,1360.66861870,5,0.01447000,903.98879570,0
1709336185000,62473.31000000,62477.23000000,62469.10000000,62469.10000000,3.31865000,1709336185999,207337.03633190,64,0.16474000,10291.82357190,0
1709336186000,62467.54000000,62467.55000000,62467.54000000,62467.55000000,0.58706000,1709336186999,36672.19420720,12,0.01748000,1091.93277400,0
1709336187000,62467.54000000,62467.55000000,62467.54000000,62467.55000000,0.31289000,1709336187999,19545.46865910,29,0.00685000,427.90271750,0
1709336188000,62467.54000000,62467.55000000,62467.54000000,62467.55000000,0.02585000,1709336188999,1614.78592020,5,0.00112000,69.96365600,0
1709336189000,62467.54000000,62467.55000000,62450.00000000,62454.00000000,3.60870000,1709336189999,225405.46576040,176,0.00283000,176.76541600,0
1709336190000,62453.72000000,62453.72000000,62453.71000000,62453.71000000,0.24904000,1709336190999,15553.47225210,39,0.03137000,1959.17319640,0
1709336191000,62450.74000000,62450.74000000,62446.59000000,62446.60000000,0.77443000,1709336191999,48362.49252370,104,0.00457000,285.38512220,0
1709336192000,62446.59000000,62446.59000000,62445.40000000,62445.41000000,0.03832000,1709336192999,2392.91676640,19,0.02873000,1794.05662930,0
1709336193000,62445.40000000,62445.41000000,62445.40000000,62445.41000000,0.03530000,1709336193999,2204.32262240,4,0.00024000,14.98689840,0
1709336194000,62445.41000000,62445.41000000,62445.40000000,62445.41000000,0.12266000,1709336194999,7659.55365420,7,0.08902000,5558.89039820,0
1709336195000,62445.41000000,62445.41000000,62445.40000000,62445.40000000,0.04489000,1709336195999,2803.17443830,4,0.04323000,2699.51507430,0
1709336196000,62445.40000000,62445.41000000,62445.40000000,62445.41000000,0.51043000,1709336196999,31874.00554750,12,0.00255000,159.23579550,0
1709336197000,62445.41000000,62445.41000000,62445.41000000,62445.41000000,0.00401000,1709336197999,250.40609410,3,0.00401000,250.40609410,0
1709336198000,62445.40000000,62445.41000000,62440.00000000,62440.00000000,1.58579000,1709336198999,99023.39205950,55,0.00181000,113.02356910,0
1709336199000,62440.00000000,62440.01000000,62438.38000000,62438.38000000,0.20452000,1709336199999,12770.17037850,53,0.00267000,166.71482670,0
1709336200000,62438.38000000,62438.39000000,62438.38000000,62438.39000000,0.28408000,1709336200999,17737.49500240,17,0.00120000,74.92606800,0
1709336201000,62438.38000000,62438.39000000,62438.38000000,62438.38000000,0.13105000,1709336201999,8182.54978430,11,0.00853000,532.59946670,0
1709336202000,62438.38000000,62438.39000000,62438.38000000,62438.39000000,0.05331000,1709336202999,3328.59055630,2,0.05185000,3237.43052150,0
1709336203000,62438.39000000,62438.39000000,62438.38000000,62438.39000000,0.31088000,1709336203999,19410.84647400,9,0.28996000,18104.63556440,0
1709336204000,62438.38000000,62438.39000000,62438.38000000,62438.39000000,0.06527000,1709336204999,4075.35371320,2,0.06506000,4062.24165340,0
1709336205000,62438.38000000,62438.39000000,62438.38000000,62438.38000000,0.16027000,1709336205999,10006.99960940,8,0.04468000,2789.74726520,0
1709336206000,62438.39000000,62438.39000000,62438.38000000,62438.39000000,2.72560000,1709336206999,170182.07077250,36,2.22445000,138891.07663550,0
1709336207000,62438.39000000,62440.74000000,62438.39000000,62440.74000000,0.36095000,1709336207999,22537.71856740,13,0.35382000,22092.51616250,0
1709336208000,62440.73000000,62440.73000000,62440.73000000,62440.73000000,0.00526000,1709336208999,328.43823980,2,0.00000000,0.00000000,0
1709336209000,62440.73000000,62440.74000000,62440.73000000,62440.74000000,0.43511000,1709336209999,27168.58610380,29,0.00735000,458.93943900,0
1709336210000,62440.73000000,62440.74000000,62440.73000000,62440.74000000,0.17174000,1709336210999,10723.57192450,11,0.09543000,5958.71981820,0
1709336211000,62440.73000000,62440.74000000,62440.73000000,62440.74000000,0.06902000,1709336211999,4309.65918620,6,0.00016000,9.99051840,0
1709336212000,62440.74000000,62440.74000000,62440.74000000,62440.74000000,0.01009000,1709336212999,630.02706660,1,0.01009000,630.02706660,0
1709336213000,62440.73000000,62440.74000000,62440.73000000,62440.73000000,0.46749000,1709336213999,29190.41705810,33,0.01904000,1188.87168960,0
1709336214000,62440.73000000,62440.74000000,62440.73000000,62440.74000000,0.03618000,1709336214999,2259.10563210,7,0.00207000,129.25233180,0
1709336215000,62440.74000000,62440.74000000,62440.74000000,62440.74000000,0.00162000,1709336215999,101.15399880,1,0.00162000,101.15399880,0
1709336216000,62440.74000000,62440.74000000,62440.73000000,62440.73000000,0.52174000,1709336216999,32577.82664860,21,0.01784000,1113.94280160,0
1709336217000,62440.73000000,62440.73000000,62440.73000000,62440.73000000,0.00000000,1709336217999,0.00000000,0,0.00000000,0.00000000,0
1709336218000,62440.73000000,62440.74000000,62440.73000000,62440.73000000,0.04639000,1709336218999,2896.62547430,5,0.00096000,59.94311040,0
1709336219000,62440.73000000,62440.74000000,62440.73000000,62440.74000000,0.17409000,1709336219999,10870.30677500,39,0.00893000,557.59580820,0
1709336220000,62440.74000000,62440.74000000,62440.73000000,62440.73000000,0.03494000,1709336220999,2181.67933670,31,0.02305000,1439.25905700,0
1709336221000,62440.74000000,62440.74000000,62440.73000000,62440.74000000,0.00926000,1709336221999,578.20120650,3,0.00467000,291.59825580,0
1709336222000,62440.74000000,62440.74000000,62440.73000000,62440.74000000,0.02481000,1709336222999,1549.15466420,4,0.01529000,954.71891460,0
1709336223000,62440.74000000,62446.16000000,62440.74000000,62446.15000000,2.10485000,1709336223999,131431.92621070,43,2.08687000,130309.14461350,0
1709336224000,62446.14000000,62446.15000000,62446.14000000,62446.14000000,0.19743000,1709336224999,12328.74313120,8,0.17110000,10684.53626500,0
1709336225000,62446.14000000,62446.15000000,62446.14000000,62446.15000000,0.14637000,1709336225999,9140.24151970,7,0.00079000,49.33245850,0
1709336226000,62446.14000000,62446.14000000,62431.51000000,62431.51000000,1.48187000,1709336226999,92532.79465010,118,0.00375000,234.12523800,0
1709336227000,62431.10000000,62431.11000000,62428.49000000,62428.49000000,1.00261000,1709336227999,62593.35978910,39,0.49092000,30648.68052120,0
1709336228000,62427.86000000,62427.86000000,62419.21000000,62419.21000000,1.38296000,1709336228999,86332.18317210,107,0.01463000,913.27130450,0
1709336229000,62419.21000000,62419.21000000,62419.20000000,62419.20000000,0.05452000,1709336229999,3403.09525860,6,0.04746000,2962.41570660,0
1709336230000,62419.21000000,62419.21000000,62419.20000000,62419.21000000,0.19219000,1709336230999,11996.34643590,9,0.03879000,2421.24115590,0
1709336231000,62419.20000000,62419.21000000,62419.20000000,62419.20000000,0.01503000,1709336231999,938.16059520,6,0.00192000,119.84488320,0
1709336232000,62419.21000000,62419.21000000,62419.21000000,62419.21000000,0.01891000,1709336232999,1180.34726110,5,0.01891000,1180.34726110,0
1709336233000,62419.21000000,62419.21000000,62419.20000000,62419.21000000,0.03058000,1709336233999,1908.77926830,4,0.01323000,825.80614830,0
1709336234000,62419.20000000,62424.56000000,62419.20000000,62424.55000000,0.68125000,1709336234999,42524.28760660,36,0.62116000,38773.20410110,0
1709336235000,62424.56000000,62424.56000000,62424.55000000,62424.55000000,0.10083000,1709336235999,6294.26818020,4,0.08037000,5017.06188720,0
1709336236000,62424.56000000,62424.56000000,62422.16000000,62422.17000000,0.56580000,1709336236999,35319.61303480,28,0.01973000,1231.59111520,0
1709336237000,62422.17000000,62422.17000000,62422.17000000,62422.17000000,0.06104000,1709336237999,3810.24925680,4,0.06104000,3810.24925680,0
1709336238000,62422.17000000,62422.17000000,62422.17000000,62422.17000000,0.01934000,1709336238999,1207.24476780,1,0.01934000,1207.24476780,0
1709336239000,62422.17000000,62422.17000000,62422.16000000,62422.16000000,0.04302000,1709336239999,2685.40143100,5,0.01078000,672.91099260,0
1709336240000,62422.17000000,62422.17000000,62422.16000000,62422.16000000,0.03444000,1709336240999,2149.81919380,2,0.00034000,21.22353780,0
1709336241000,62422.17000000,62422.17000000,62422.16000000,62422.17000000,0.32685000,1709336241999,20402.68326450,5,0.02685000,1676.03526450,0
1709336242000,62422.16000000,62422.17000000,62422.16000000,62422.17000000,0.07794000,1709336242999,4865.18363120,12,0.04808000,3001.25793360,0
1709336243000,62422.16000000,62422.16000000,62422.16000000,62422.16000000,0.17523000,1709336243999,10938.23509680,6,0.00000000,0.00000000,0
1709336244000,62422.16000000,62422.17000000,62419.80000000,62419.80000000,0.27262000,1709336244999,17017.43803720,17,0.02641000,1648.50746310,0
1709336245000,62419.80000000,62419.80000000,62409.63000000,62409.63000000,1.39284000,1709336245999,86934.09771740,160,0.03091000,1929.39601800,0
1709336246000,62409.63000000,62409.64000000,62409.63000000,62409.64000000,0.50959000,1709336246999,31803.32340970,7,0.00580000,361.97591200,0
1709336247000,62409.63000000,62409.63000000,62404.22000000,62404.23000000,0.18166000,1709336247999,11336.98640390,51,0.05545000,3460.31982030,0
1709336248000,62404.22000000,62404.23000000,62404.22000000,62404.23000000,0.03415000,1709336248999,2131.10424450,25,0.01315000,820.61562450,0
1709336249000,62404.23000000,62404.23000000,62401.77000000,62401.78000000,1.46581000,1709336249999,91471.97331920,39,0.08042000,5018.54680460,0
1709336250000,62401.78000000,62401.78000000,62401.77000000,62401.77000000,0.04568000,1709336250999,2850.51312060,9,0.02670000,1666.12752600,0
1709336251000,62401.77000000,62401.78000000,62401.74000000,62401.74000000,0.00587000,1709336251999,366.29837440,10,0.00241000,150.38828980,0
1709336252000,62401.74000000,62401.75000000,62401.74000000,62401.75000000,0.00390000,1709336252999,243.36679620,2,0.00102000,63.64978500,0
1709336253000,62401.75000000,62401.75000000,62401.74000000,62401.74000000,0.01719000,1709336253999,1072.68603960,5,0.01290000,804.98257500,0
1709336254000,62401.75000000,62401.75000000,62398.93000000,62398.93000000,0.48423000,1709336254999,30216.33640720,148,0.00692000,431.80651760,0
1709336255000,62398.93000000,62398.93000000,62398.92000000,62398.93000000,0.05889000,1709336255999,3674.67286840,11,0.04696000,2930.25375280,0
1709336256000,62398.92000000,62398.92000000,62394.66000000,62394.66000000,0.52942000,1709336256999,33034.61261150,41,0.00353000,220.25368740,0
1709336257000,62394.65000000,62394.66000000,62394.65000000,62394.66000000,0.06040000,1709336257999,3768.63690590,8,0.00459000,286.39148940,0
1709336258000,62394.65000000,62394.66000000,62394.65000000,62394.66000000,0.25166000,1709336258999,15702.24008510,9,0.24661000,15387.14710260,0
1709336259000,62394.66000000,62394.66000000,62394.65000000,62394.66000000,0.15476000,1709336259999,9656.19624940,9,0.02154000,1343.98097640,0
1709336260000,62394.66000000,62394.66000000,62394.65000000,62394.65000000,0.06327000,1709336260999,3947.70988030,8,0.03748000,2338.55185680,0
1709336261000,62394.65000000,62394.65000000,62394.65000000,62394.65000000,0.02920000,1709336261999,1821.92378000,3,0.00000000,0.00000000,0
1709336262000,62394.66000000,62394.66000000,62394.65000000,62394.66000000,0.00887000,1709336262999,553.44063300,4,0.00875000,545.95327500,0
1709336263000,62394.65000000,62394.66000000,62394.65000000,62394.65000000,0.42148000,1709336263999,26298.09750530,14,0.04233000,2641.16595780,0
1709336264000,62394.65000000,62394.66000000,62394.65000000,62394.66000000,0.13167000,1709336264999,8215.50364710,8,0.00816000,509.14042560,0
1709336265000,62394.66000000,62394.66000000,62394.65000000,62394.65000000,0.01873000,1709336265999,1168.65181050,4,0.00160000,99.83145600,0
1709336266000,62394.66000000,62394.66000000,62391.10000000,62391.11000000,0.69182000,1709336266999,43165.74580930,94,0.03922000,2447.05319910,0
1709336267000,62391.11000000,62391.11000000,62391.10000000,62391.11000000,0.04508000,1709336267999,2812.59113050,8,0.03425000,2136.89551750,0
1709336268000,62391.11000000,62391.11000000,62390.27000000,62390.27000000,0.06326000,1709336268999,3946.85915510,23,0.00762000,475.42025820,0
1709336269000,62390.21000000,62390.21000000,62384.73000000,62384.74000000,0.27990000,1709336269999,17461.84062000,90,0.06783000,4231.56566620,0
1709336270000,62384.73000000,62384.74000000,62384.73000000,62384.73000000,0.05764000,1709336270999,3595.85605250,8,0.02153000,1343.14345220,0
1709336271000,62384.74000000,62384.74000000,62384.73000000,62384.73000000,0.05564000,1709336271999,3471.08640070,10,0.00235000,146.60413900,0
1709336272000,62384.74000000,62384.74000000,62384.73000000,62384.73000000,0.02262000,1709336272999,1411.14263810,4,0.00455000,283.85056700,0
1709336273000,62384.73000000,62384.74000000,62384.73000000,62384.74000000,1.09100000,1709336273999,68061.75043180,10,1.00018000,62395.96925320,0
1709336274000,62384.73000000,62384.74000000,62384.73000000,62384.73000000,0.02259000,1709336274999,1409.27106530,12,0.00146000,91.08172040,0
1709336275000,62384.74000000,62389.22000000,62384.73000000,62389.22000000,0.91566000,1709336275999,57123.62490800,45,0.91552000,57114.89104580,0
1709336276000,62389.22000000,62389.22000000,62389.21000000,62389.21000000,0.18653000,1709336276999,11637.45934720,5,0.00059000,36.80963980,0
1709336277000,62389.22000000,62389.22000000,62389.21000000,62389.22000000,0.04209000,1709336277999,2625.96192080,6,0.00719000,448.57849180,0
1709336278000,62389.22000000,62389.22000000,62389.21000000,62389.22000000,0.27159000,1709336278999,16944.28690090,16,0.13570000,8466.21715400,0
1709336279000,62389.22000000,62389.22000000,62389.21000000,62389.21000000,0.04237000,1709336279999,2643.43103430,40,0.02066000,1288.96128520,0
1709336280000,62389.21000000,62389.22000000,62389.21000000,62389.22000000,0.28845000,1709336280999,17996.16797630,24,0.03518000,2194.85275960,0
1709336281000,62389.22000000,62389.22000000,62389.21000000,62389.21000000,0.02734000,1709336281999,1705.72104980,15,0.00484000,301.96382480,0
1709336282000,62389.22000000,62389.22000000,62389.21000000,62389.22000000,0.00802000,1709336282999,500.36154000,6,0.00758000,472.91028760,0
1709336283000,62389.21000000,62389.21000000,62389.21000000,62389.21000000,0.03811000,1709336283999,2377.65279310,2,0.00000000,0.00000000,0
1709336284000,62389.21000000,62389.22000000,62389.21000000,62389.21000000,0.06379000,1709336284999,3979.80773010,8,0.00242000,150.98191240,0
1709336285000,62389.22000000,62389.22000000,62389.21000000,62389.21000000,0.51150000,1709336285999,31912.08592170,8,0.50067000,31236.41077740,0
1709336286000,62389.22000000,62389.22000000,62389.21000000,62389.21000000,0.03717000,1709336286999,2319.00718790,3,0.02522000,1573.45612840,0
1709336287000,62389.21000000,62389.21000000,62389.21000000,62389.21000000,0.00722000,1709336287999,450.45009620,2,0.00000000,0.00000000,0
1709336288000,62389.21000000,62389.22000000,62389.21000000,62389.21000000,0.04679000,1709336288999,2919.19114120,4,0.00053000,33.06628660,0
1709336289000,62389.21000000,62389.22000000,62389.21000000,62389.21000000,0.00675000,1709336289999,421.12716870,5,0.00012000,7.48670640,0
1709336290000,62389.21000000,62389.21000000,62381.10000000,62381.10000000,1.60217000,1709336290999,99952.65826290,79,0.00362000,225.81961820,0
1709336291000,62381.11000000,62381.11000000,62381.10000000,62381.10000000,0.34880000,1709336291999,21758.52780320,12,0.01232000,768.53527520,0
1709336292000,62381.10000000,62381.10000000,62380.00000000,62380.01000000,0.04877000,1709336292999,3042.27996790,30,0.01176000,733.58891760,0
1709336293000,62380.00000000,62380.01000000,62380.00000000,62380.01000000,0.04225000,1709336293999,2635.55505250,28,0.00525000,327.49505250,0
1709336294000,62380.01000000,62380.01000000,62380.00000000,62380.01000000,0.27185000,1709336294999,16958.00473850,9,0.17385000,10844.76473850,0
1709336295000,62380.00000000,62380.01000000,62380.00000000,62380.00000000,0.83655000,1709336295999,52183.99400180,26,0.50018000,31201.23340180,0
1709336296000,62380.00000000,62380.01000000,62380.00000000,62380.01000000,0.02134000,1709336296999,1331.18924800,5,0.00480000,299.42404800,0
1709336297000,62380.00000000,62380.00000000,62380.00000000,62380.00000000,0.00108000,1709336297999,67.37040000,2,0.00000000,0.00000000,0
1709336298000,62380.01000000,62380.01000000,62380.01000000,62380.01000000,0.00157000,1709336298999,97.93661570,2,0.00157000,97.93661570,0
1709336299000,62380.01000000,62380.01000000,62380.00000000,62380.00000000,0.00710000,1709336299999,442.89801670,3,0.00167000,104.17461670,0
1709336300000,62380.01000000,62394.66000000,62380.01000000,62394.66000000,1.55629000,1709336300999,97093.87630410,64,1.45153000,90557.43182310,0
1709336301000,62394.65000000,62396.54000000,62394.65000000,62396.54000000,0.27863000,1709336301999,17385.37232750,44,0.17713000,11052.13638010,0
1709336302000,62396.53000000,62396.54000000,62396.53000000,62396.54000000,0.19124000,1709336302999,11932.71338670,9,0.09895000,6174.13763300,0
1709336303000,62396.54000000,62396.54000000,62396.53000000,62396.54000000,0.29382000,1709336303999,18333.35095310,14,0.25085000,15652.17205900,0
1709336304000,62396.54000000,62410.30000000,62396.54000000,62410.30000000,7.60087000,1709336304999,474311.56588320,75,7.53914000,470458.98375450,0
1709336305000,62410.30000000,62410.30000000,62410.30000000,62410.30000000,0.58006000,1709336305999,36201.71861800,5,0.58006000,36201.71861800,0
1709336306000,62410.30000000,62410.31000000,62410.29000000,62410.31000000,0.26873000,1709336306999,16771.51890880,19,0.16291000,10167.26202100,0
1709336307000,62411.09000000,62418.22000000,62411.09000000,62418.22000000,0.16393000,1709336307999,10231.18092640,22,0.15452000,9643.89256950,0
1709336308000,62418.94000000,62418.95000000,62418.94000000,62418.95000000,0.08656000,1709336308999,5402.98425660,7,0.08102000,5057.18332900,0
1709336309000,62418.94000000,62418.95000000,62418.94000000,62418.94000000,0.02092000,1709336309999,1305.80441200,5,0.01872000,1168.48274400,0
1709336310000,62418.95000000,62418.95000000,62418.94000000,62418.94000000,0.05526000,1709336310999,3449.27066640,5,0.00420000,262.15959000,0
1709336311000,62418.94000000,62418.95000000,62418.94000000,62418.95000000,0.00545000,1709336311999,340.18323970,3,0.00167000,104.23964650,0
1709336312000,62418.95000000,62418.95000000,62418.94000000,62418.95000000,0.09584000,1709336312999,5982.23167540,6,0.04658000,2907.47469100,0
1709336313000,62418.95000000,62418.95000000,62402.72000000,62402.72000000,0.85363000,1709336313999,53277.68648480,72,0.00374000,233.41975800,0
1709336314000,62402.73000000,62402.73000000,62397.73000000,62397.73000000,0.75013000,1709336314999,46808.41787830,42,0.01486000,927.24932850,0
1709336315000,62397.74000000,62397.74000000,62397.73000000,62397.74000000,0.50347000,1709336315999,31415.39014190,3,0.50188000,31316.17775120,0
1709336316000,62397.73000000,62397.74000000,62397.73000000,62397.73000000,0.07829000,1709336316999,4885.11836980,5,0.00881000,549.72408940,0
1709336317000,62397.73000000,62397.73000000,62397.73000000,62397.73000000,0.09667000,1709336317999,6031.98855910,1,0.00000000,0.00000000,0
1709336318000,62397.74000000,62397.74000000,62380.01000000,62380.01000000,3.79565000,1709336318999,236796.98805430,97,0.13853000,8643.81090010,0
1709336319000,62380.02000000,62380.02000000,62380.01000000,62380.02000000,0.16805000,1709336319999,10482.96091280,9,0.02323000,1449.08786460,0
1709336320000,62380.02000000,62380.02000000,62380.02000000,62380.02000000,0.09307000,1709336320999,5805.70846140,6,0.09307000,5805.70846140,0
1709336321000,62380.02000000,62380.02000000,62380.01000000,62380.02000000,0.07122000,1709336321999,4442.70496370,5,0.06515000,4064.05830300,0
1709336322000,62380.01000000,62380.02000000,62380.01000000,62380.02000000,0.00217000,1709336322999,135.36463790,3,0.00162000,101.05563240,0
1709336323000,62380.02000000,62380.02000000,62380.01000000,62380.02000000,0.22110000,1709336323999,13792.22156860,11,0.13576000,8468.71151520,0
1709336324000,62380.01000000,62380.01000000,62370.00000000,62370.00000000,0.94953000,1709336324999,59228.09685040,155,0.00587000,366.11199070,0
1709336325000,62370.01000000,62370.01000000,62370.00000000,62370.00000000,0.74752000,1709336325999,46622.82776560,54,0.53656000,33465.25256560,0
1709336326000,62370.00000000,62370.01000000,62370.00000000,62370.01000000,0.04211000,1709336326999,2626.40106900,5,0.03690000,2301.45336900,0
1709336327000,62370.00000000,62370.01000000,62370.00000000,62370.01000000,0.00584000,1709336327999,364.24084800,2,0.00480000,299.37604800,0
1709336328000,62370.00000000,62370.01000000,62370.00000000,62370.01000000,0.09700000,1709336328999,6049.89014260,9,0.01426000,889.39634260,0
1709336329000,62370.00000000,62370.00000000,62369.69000000,62369.69000000,0.49440000,1709336329999,30835.72763390,22,0.00000000,0.00000000,0
1709336330000,62369.41000000,62369.41000000,62369.41000000,62369.41000000,0.00077000,1709336330999,48.02444570,4,0.00000000,0.00000000,0
1709336331000,62369.41000000,62369.42000000,62369.41000000,62369.41000000,0.00515000,1709336331999,321.20246360,6,0.00021000,13.09757820,0
1709336332000,62369.41000000,62369.42000000,62369.41000000,62369.42000000,0.05611000,1709336332999,3499.54764020,6,0.00451000,281.28608420,0
1709336333000,62369.41000000,62369.42000000,62369.41000000,62369.42000000,0.01788000,1709336333999,1115.16510740,3,0.00566000,353.01091720,0
1709336334000,62369.41000000,62369.41000000,62356.52000000,62356.52000000,6.81971000,1709336334999,425288.68488590,158,3.08093000,192116.45358020,0
1709336335000,62356.53000000,62356.53000000,62356.52000000,62356.53000000,0.50677000,1709336335999,31600.41865090,9,0.50105000,31243.73935650,0
1709336336000,62356.53000000,62356.53000000,62356.52000000,62356.53000000,0.00587000,1709336336999,366.03282780,4,0.00554000,345.45517620,0
1709336337000,62356.53000000,62356.53000000,62356.52000000,62356.52000000,1.35432000,1709336337999,84450.69562100,24,1.34546000,83898.21685380,0
1709336338000,62356.52000000,62356.53000000,62356.52000000,62356.53000000,1.17039000,1709336338999,72981.45843010,174,1.09873000,68512.99020690,0
1709336339000,62358.59000000,62358.59000000,62358.58000000,62358.59000000,0.16923000,1709336339999,10552.94405230,33,0.15589000,9721.08059510,0
1709336340000,62358.59000000,62358.59000000,62358.58000000,62358.59000000,0.03386000,1709336340999,2111.46167590,33,0.01571000,979.65344890,0
1709336341000,62358.59000000,62358.59000000,62358.58000000,62358.58000000,0.12262000,1709336341999,7646.41013000,6,0.10504000,6550.14629360,0
1709336342000,62358.59000000,62358.59000000,62358.58000000,62358.58000000,0.09576000,1709336342999,5971.45844910,7,0.08283000,5165.16200970,0
1709336343000,62358.58000000,62358.58000000,62358.58000000,62358.58000000,0.00175000,1709336343999,109.12751500,2,0.00000000,0.00000000,0
1709336344000,62358.59000000,62358.59000000,62358.58000000,62358.58000000,0.16217000,1709336344999,10112.69092580,7,0.00072000,44.89818480,0
1709336345000,62358.59000000,62358.59000000,62358.58000000,62358.58000000,0.50230000,1709336345999,31322.71974560,10,0.50116000,31251.63096440,0
1709336346000,62358.58000000,62358.59000000,62358.58000000,62358.58000000,0.52111000,1709336346999,32495.68478710,9,0.51633000,32197.61077470,0
1709336347000,62358.58000000,62358.59000000,62358.58000000,62358.59000000,0.00730000,1709336347999,455.21766020,4,0.00262000,163.37950580,0
1709336348000,62358.58000000,62358.59000000,62358.58000000,62358.58000000,0.02835000,1709336348999,1767.86580170,6,0.00587000,366.04492330,0
1709336349000,62358.58000000,62358.59000000,62358.58000000,62358.58000000,0.03593000,1709336349999,2240.54381410,8,0.00347000,216.38430730,0
1709336350000,62358.59000000,62358.59000000,62358.58000000,62358.58000000,0.43354000,1709336350999,27034.94052310,19,0.17499000,10912.12966410,0
1709336351000,62358.58000000,62372.17000000,62358.58000000,62372.17000000,2.90964000,1709336351999,181457.55454420,32,2.88519000,179932.88726320,0
1709336352000,62372.16000000,62372.17000000,62372.16000000,62372.16000000,0.83185000,1709336352999,51884.28324820,16,0.19522000,12176.29502740,0
1709336353000,62372.16000000,62372.17000000,62372.16000000,62372.17000000,0.00518000,1709336353999,323.08781880,5,0.00300000,187.11651000,0
1709336354000,62372.16000000,62372.17000000,62372.16000000,62372.17000000,0.07550000,1709336354999,4709.09812990,9,0.00499000,311.23712830,0
1709336355000,62372.17000000,62380.00000000,62372.16000000,62380.00000000,1.46307000,1709336355999,91255.27132120,29,1.45410000,90695.79304600,0
1709336356000,62383.32000000,62383.33000000,62383.32000000,62383.33000000,0.01582000,1709336356999,986.90413230,3,0.00099000,61.75949670,0
1709336357000,62383.32000000,62383.33000000,62383.32000000,62383.33000000,0.00614000,1709336357999,383.03360820,3,0.00234000,145.97699220,0
1709336358000,62383.32000000,62383.33000000,62383.32000000,62383.32000000,0.07104000,1709336358999,4431.71106410,54,0.00113000,70.49316290,0
1709336359000,62383.32000000,62385.31000000,62383.32000000,62385.31000000,0.19417000,1709336359999,12113.05334660,18,0.16290000,10162.32693020,0
1709336360000,62386.72000000,62386.72000000,62386.72000000,62386.72000000,0.00431000,1709336360999,268.88676320,12,0.00000000,0.00000000,0
1709336361000,62386.73000000,62386.73000000,62386.72000000,62386.73000000,0.01446000,1709336361999,902.11211280,3,0.01416000,883.39609680,0
1709336362000,62386.72000000,62386.73000000,62386.72000000,62386.73000000,0.02248000,1709336362999,1402.45355770,7,0.00921000,574.58178330,0
1709336363000,62386.72000000,62403.68000000,62386.72000000,62403.68000000,3.56759000,1709336363999,222602.72803270,51,3.50969000,218990.53694470,0
1709336364000,62404.00000000,62404.00000000,62403.99000000,62403.99000000,0.07379000,1709336364999,4604.79053810,6,0.01160000,723.88640000,0
1709336365000,62403.99000000,62404.00000000,62403.99000000,62404.00000000,0.50374000,1709336365999,31435.39092740,7,0.50048000,31231.95392000,0
1709336366000,62404.00000000,62404.00000000,62403.99000000,62404.00000000,0.00127000,1709336366999,79.25307630,3,0.00090000,56.16360000,0
1709336367000,62403.99000000,62404.00000000,62403.99000000,62403.99000000,0.01901000,1709336367999,1186.29985110,5,0.00012000,7.48848000,0
1709336368000,62403.99000000,62404.00000000,62403.99000000,62404.00000000,0.02555000,1709336368999,1594.42194540,5,0.00009000,5.61636000,0
1709336369000,62404.00000000,62404.00000000,62403.99000000,62403.99000000,0.03418000,1709336369999,2132.96838200,5,0.00038000,23.71352000,0
1709336370000,62404.00000000,62404.00000000,62403.99000000,62403.99000000,0.05121000,1709336370999,3195.70834550,5,0.00176000,109.83104000,0
1709336371000,62403.99000000,62404.00000000,62403.99000000,62404.00000000,0.00964000,1709336371999,601.57453710,4,0.00735000,458.66940000,0
1709336372000,62403.99000000,62404.00000000,62391.10000000,62391.10000000,4.81596000,1709336372999,300508.02086140,86,0.19423000,12119.43682640,0
1709336373000,62391.10000000,62410.00000000,62391.10000000,62410.00000000,0.96439000,1709336373999,60174.48510740,37,0.94213000,58785.61294090,0
1709336374000,62409.99000000,62410.00000000,62409.99000000,62409.99000000,0.22968000,1709336374999,14334.32657330,10,0.00701000,437.49410000,0
1709336375000,62410.00000000,62410.00000000,62410.00000000,62410.00000000,0.50032000,1709336375999,31224.97120000,4,0.50032000,31224.97120000,0
1709336376000,62409.99000000,62409.99000000,62409.99000000,62409.99000000,0.02685000,1709336376999,1675.70823150,3,0.00000000,0.00000000,0
1709336377000,62410.00000000,62414.75000000,62410.00000000,62414.75000000,0.20577000,1709336377999,12842.22907560,33,0.20081000,12532.67006920,0
1709336378000,62414.74000000,62414.75000000,62414.74000000,62414.75000000,0.09354000,1709336378999,5838.27568570,9,0.09061000,5655.40049750,0
1709336379000,62414.74000000,62414.74000000,62414.74000000,62414.74000000,0.04220000,1709336379999,2633.90202800,4,0.00000000,0.00000000,0
1709336380000,62414.75000000,62414.75000000,62414.74000000,62414.74000000,0.09719000,1709336380999,6066.08938240,4,0.08018000,5004.41465500,0
1709336381000,62414.74000000,62414.75000000,62414.74000000,62414.75000000,0.09069000,1709336381999,5660.39359050,8,0.08199000,5117.38535250,0
1709336382000,62414.75000000,62414.75000000,62414.74000000,62414.75000000,0.22923000,1709336382999,14307.33271700,38,0.18668000,11651.58553000,0
1709336383000,62414.74000000,62414.75000000,62414.74000000,62414.75000000,0.00461000,1709336383999,287.73199630,7,0.00449000,280.24222750,0
1709336384000,62414.74000000,62414.75000000,62414.74000000,62414.74000000,0.00397000,1709336384999,247.78652890,4,0.00111000,69.28037250,0
1709336385000,62414.74000000,62414.75000000,62414.74000000,62414.74000000,0.52562000,1709336385999,32806.44063880,8,0.50000000,31207.37500000,0
1709336386000,62414.75000000,62414.75000000,62414.74000000,62414.74000000,0.00227000,1709336386999,141.68146710,9,0.00073000,45.56276750,0
1709336387000,62414.75000000,62414.75000000,62414.74000000,62414.75000000,0.02998000,1709336387999,1871.19396970,8,0.00645000,402.57513750,0
1709336388000,62414.74000000,62414.74000000,62414.74000000,62414.74000000,0.66667000,1709336388999,41610.03471580,23,0.00000000,0.00000000,0
1709336389000,62414.74000000,62414.75000000,62414.74000000,62414.74000000,0.36865000,1709336389999,23009.19721390,12,0.33129000,20677.38252750,0
1709336390000,62414.75000000,62414.75000000,62414.74000000,62414.74000000,0.01646000,1709336390999,1027.34678060,2,0.01602000,999.88429500,0
1709336391000,62414.74000000,62414.74000000,62414.74000000,62414.74000000,0.01972000,1709336391999,1230.81867280,3,0.00000000,0.00000000,0
1709336392000,62414.74000000,62414.74000000,62414.74000000,62414.74000000,0.00000000,1709336392999,0.00000000,0,0.00000000,0.00000000,0
1709336393000,62414.75000000,62421.09000000,62414.75000000,62421.09000000,1.66508000,1709336393999,103928.48196480,43,1.63149000,101831.75755170,0
1709336394000,62421.10000000,62421.10000000,62421.10000000,62421.10000000,0.00937000,1709336394999,584.88570700,2,0.00937000,584.88570700,0
1709336395000,62421.09000000,62421.10000000,62421.09000000,62421.09000000,0.81424000,1709336395999,50825.75640070,13,0.80791000,50430.63090100,0
1709336396000,62421.09000000,62421.09000000,62416.01000000,62416.01000000,0.72962000,1709336396999,45543.47974230,50,0.00000000,0.00000000,0
1709336397000,62415.87000000,62415.88000000,62414.73000000,62414.74000000,0.21613000,1709336397999,13489.85969080,20,0.11248000,7020.50165680,0
1709336398000,62414.74000000,62414.74000000,62414.05000000,62414.05000000,0.06846000,1709336398999,4272.90986300,12,0.04655000,2905.40351120,0
1709336399000,62414.05000000,62414.05000000,62413.47000000,62413.47000000,0.06963000,1709336399999,4345.87465040,39,0.02015000,1257.63469430,0
1709336400000,62413.48000000,62413.48000000,62410.03000000,62410.03000000,0.46222000,1709336400999,28848.36227090,37,0.01315000,820.73688280,0
1709336401000,62410.02000000,62410.02000000,62407.41000000,62407.41000000,0.10184000,1709336401999,6355.79561000,9,0.00046000,28.70860920,0
1709336402000,62407.41000000,62407.42000000,62407.41000000,62407.41000000,0.11496000,1709336402999,7174.35591250,9,0.00589000,367.57970380,0
1709336403000,62407.42000000,62407.42000000,62407.41000000,62407.42000000,0.00925000,1709336403999,577.26863230,5,0.00898000,560.41863160,0
1709336404000,62407.42000000,62407.42000000,62407.41000000,62407.41000000,0.02656000,1709336404999,1657.54083920,18,0.00296000,184.72596320,0
1709336405000,62407.41000000,62407.42000000,62401.11000000,62401.11000000,0.58710000,1709336405999,36636.23258480,16,0.52395000,32695.21270900,0
1709336406000,62401.10000000,62401.11000000,62401.10000000,62401.10000000,0.05965000,1709336406999,3722.22609650,5,0.04815000,3004.61344650,0
1709336407000,62401.10000000,62401.10000000,62389.40000000,62389.98000000,0.65336000,1709336407999,40766.31735140,23,0.00397000,247.68826030,0
1709336408000,62389.98000000,62389.98000000,62389.98000000,62389.98000000,0.08727000,1709336408999,5444.77355460,4,0.00000000,0.00000000,0
1709336409000,62389.98000000,62389.98000000,62389.98000000,62389.98000000,0.10000000,1709336409999,6238.99800000,2,0.00000000,0.00000000,0
1709336410000,62389.98000000,62389.99000000,62389.98000000,62389.99000000,0.03401000,1709336410999,2121.88355520,3,0.03354000,2092.56026460,0
1709336411000,62389.98000000,62389.99000000,62389.98000000,62389.99000000,0.04930000,1709336411999,3075.82601600,5,0.00020000,12.47799800,0
1709336412000,62389.99000000,62389.99000000,62389.98000000,62389.98000000,0.00363000,1709336412999,226.47564230,3,0.00149000,92.96108510,0
1709336413000,62389.99000000,62389.99000000,62389.98000000,62389.98000000,0.50929000,1709336413999,31774.59293120,13,0.00170000,106.06298300,0
1709336414000,62389.98000000,62389.99000000,62389.98000000,62389.98000000,0.09101000,1709336414999,5678.11209560,8,0.00158000,98.57618420,0
1709336415000,62389.98000000,62389.98000000,62383.32000000,62383.33000000,1.25559000,1709336415999,78330.89765960,34,0.50249000,31346.99949170,0
1709336416000,62383.33000000,62383.33000000,62383.32000000,62383.33000000,0.21297000,1709336416999,13285.77688520,9,0.12248000,7640.71025840,0
1709336417000,62383.32000000,62383.33000000,62383.32000000,62383.32000000,0.03829000,1709336417999,2388.65737420,7,0.00514000,320.65031620,0
1709336418000,62383.33000000,62383.33000000,62383.32000000,62383.32000000,0.00925000,1709336418999,577.04575260,4,0.00426000,265.75298580,0
1709336419000,62383.33000000,62383.33000000,62383.32000000,62383.32000000,0.05178000,1709336419999,3230.20876350,6,0.04539000,2831.57934870,0
1709336420000,62383.32000000,62383.32000000,62383.32000000,62383.32000000,0.01410000,1709336420999,879.60481200,5,0.00000000,0.00000000,0
1709336421000,62383.32000000,62383.33000000,62383.32000000,62383.33000000,0.00534000,1709336421999,333.12695440,5,0.00256000,159.70132480,0
1709336422000,62383.32000000,62383.33000000,62383.32000000,62383.32000000,0.08474000,1709336422999,5286.36254100,7,0.00042000,26.20099860,0
1709336423000,62383.32000000,62383.33000000,62383.32000000,62383.33000000,0.05433000,1709336423999,3389.28578460,8,0.00090000,56.14499700,0
1709336424000,62383.32000000,62383.32000000,62383.32000000,62383.32000000,0.01252000,1709336424999,781.03916640,4,0.00000000,0.00000000,0
1709336425000,62383.33000000,62383.33000000,62383.32000000,62383.33000000,0.53023000,1709336425999,33077.51304940,11,0.52858000,32974.58057140,0
1709336426000,62383.32000000,62383.33000000,62383.32000000,62383.32000000,0.01114000,1709336426999,694.95021880,3,0.00340000,212.10332200,0
1709336427000,62383.32000000,62383.33000000,62383.32000000,62383.33000000,0.49207000,1709336427999,30696.96027900,11,0.00066000,41.17299780,0
1709336428000,62383.32000000,62383.33000000,62383.32000000,62383.33000000,0.70042000,1709336428999,43694.52507380,17,0.00794000,495.32364020,0
1709336429000,62383.32000000,62383.40000000,62383.32000000,62383.40000000,2.52764000,1709336429999,157682.61014840,44,2.48320000,154910.29540760,0
1709336430000,62383.40000000,62383.40000000,62383.39000000,62383.40000000,0.35624000,1709336430999,22223.46148840,17,0.26348000,16436.77823200,0
1709336431000,62383.40000000,62383.40000000,62383.39000000,62383.39000000,0.09015000,1709336431999,5623.86347060,12,0.08621000,5378.07291400,0
1709336432000,62383.40000000,62383.40000000,62383.40000000,62383.40000000,0.00080000,1709336432999,49.90672000,1,0.00080000,49.90672000,0
1709336433000,62383.39000000,62383.39000000,62383.39000000,62383.39000000,0.01859000,1709336433999,1159.70722010,5,0.00000000,0.00000000,0
1709336434000,62383.39000000,62383.40000000,62383.39000000,62383.40000000,0.02282000,1709336434999,1423.58897160,7,0.00118000,73.61241200,0
1709336435000,62383.39000000,62383.40000000,62383.39000000,62383.40000000,0.50184000,1709336435999,31306.48543760,4,0.50000000,31191.70000000,0
1709336436000,62383.40000000,62383.40000000,62383.39000000,62383.40000000,0.03309000,1709336436999,2064.26638160,5,0.00065000,40.54921000,0
1709336437000,62383.39000000,62383.39000000,62383.39000000,62383.39000000,0.14545000,1709336437999,9073.66407550,3,0.00000000,0.00000000,0
1709336438000,62383.39000000,62383.39000000,62383.39000000,62383.39000000,0.00037000,1709336438999,23.08185430,1,0.00000000,0.00000000,0
1709336439000,62383.40000000,62383.40000000,62383.39000000,62383.39000000,0.04540000,1709336439999,2832.20621200,3,0.03060000,1908.93204000,0
1709336440000,62383.40000000,62383.40000000,62383.39000000,62383.39000000,0.00791000,1709336440999,493.45268600,2,0.00711000,443.54597400,0
1709336441000,62383.40000000,62383.40000000,62383.39000000,62383.39000000,0.00257000,1709336441999,160.32531560,3,0.00033000,20.58652200,0
1709336442000,62383.40000000,62383.40000000,62383.39000000,62383.40000000,0.00376000,1709336442999,234.56155260,3,0.00062000,38.67770800,0
1709336443000,62383.40000000,62383.40000000,62383.40000000,62383.40000000,0.00000000,1709336443999,0.00000000,0,0.00000000,0.00000000,0
1709336444000,62383.39000000,62383.40000000,62383.39000000,62383.39000000,0.10919000,1709336444999,6811.64242120,8,0.00671000,418.59261400,0
1709336445000,62383.39000000,62383.40000000,62383.39000000,62383.39000000,0.51507000,1709336445999,32131.81769780,14,0.50105000,31257.20257000,0
1709336446000,62383.40000000,62383.40000000,62383.39000000,62383.39000000,0.02855000,1709336446999,1781.04605540,3,0.02709000,1689.96630600,0
1709336447000,62383.40000000,62383.40000000,62383.39000000,62383.39000000,0.00528000,1709336447999,329.38430230,3,0.00031000,19.33885400,0
1709336448000,62383.40000000,62383.40000000,62383.39000000,62383.39000000,0.00285000,1709336448999,177.79268500,3,0.00235000,146.60099000,0
1709336449000,62383.39000000,62383.39000000,62383.39000000,62383.39000000,0.01917000,1709336449999,1195.88958630,8,0.00000000,0.00000000,0
1709336450000,62383.39000000,62383.40000000,62383.39000000,62383.40000000,1.80037000,1709336450999,112313.18385560,26,0.00013000,8.10984200,0
1709336451000,62383.39000000,62383.40000000,62383.39000000,62383.39000000,0.01421000,1709336451999,886.46802710,7,0.00552000,344.35636800,0
1709336452000,62383.40000000,62383.40000000,62383.39000000,62383.39000000,0.01926000,1709336452999,1201.50412340,2,0.00320000,199.62688000,0
1709336453000,62383.39000000,62383.40000000,62383.39000000,62383.40000000,0.07789000,1709336453999,4859.04273560,14,0.04885000,3047.42909000,0
1709336454000,62383.39000000,62383.39000000,62383.39000000,62383.39000000,0.03545000,1709336454999,2211.49117550,3,0.00000000,0.00000000,0
1709336455000,62383.40000000,62383.40000000,62383.39000000,62383.39000000,0.50795000,1709336455999,31687.64796010,7,0.50096000,31251.58806400,0
1709336456000,62383.39000000,62383.39000000,62383.39000000,62383.39000000,0.00000000,1709336456999,0.00000000,0,0.00000000,0.00000000,0
1709336457000,62383.40000000,62383.40000000,62383.39000000,62383.40000000,0.01483000,1709336457999,925.14568750,3,0.00138000,86.08909200,0
1709336458000,62383.39000000,62383.40000000,62383.39000000,62383.40000000,0.11679000,1709336458999,7285.75612100,4,0.00029000,18.09118600,0
1709336459000,62383.39000000,62383.40000000,62383.39000000,62383.40000000,0.03085000,1709336459999,1924.52772070,32,0.01392000,868.37692800,0
1709336460000,62383.40000000,62389.00000000,62383.39000000,62389.00000000,3.61956000,1709336460999,225804.24317300,69,3.60287000,224763.06439390,0
1709336461000,62388.99000000,62388.99000000,62388.99000000,62388.99000000,0.04771000,1709336461999,2976.57871290,2,0.00000000,0.00000000,0
1709336462000,62389.00000000,62389.00000000,62388.99000000,62389.00000000,0.31396000,1709336462999,19587.65042780,9,0.31274000,19511.53586000,0
1709336463000,62389.00000000,62389.00000000,62388.99000000,62388.99000000,0.28157000,1709336463999,17566.86822840,10,0.03141000,1959.63849000,0
1709336464000,62388.99000000,62389.00000000,62388.99000000,62389.00000000,0.06512000,1709336464999,4062.77167000,3,0.06412000,4000.38268000,0
1709336465000,62389.00000000,62389.00000000,62388.99000000,62388.99000000,0.56538000,1709336465999,35273.49249640,6,0.53302000,33254.58478000,0
1709336466000,62388.99000000,62389.00000000,62388.99000000,62389.00000000,0.01302000,1709336466999,812.30465770,8,0.00079000,49.28731000,0
1709336467000,62388.99000000,62389.00000000,62388.99000000,62388.99000000,0.00339000,1709336467999,211.49867890,3,0.00028000,17.46892000,0
1709336468000,62388.99000000,62389.00000000,62388.99000000,62389.00000000,0.04518000,1709336468999,2818.73499440,3,0.04262000,2659.01918000,0
1709336469000,62388.99000000,62389.00000000,62388.99000000,62388.99000000,0.04746000,1709336469999,2960.98158880,6,0.01234000,769.88026000,0
1709336470000,62389.00000000,62389.00000000,62388.99000000,62388.99000000,0.04186000,1709336470999,2611.60339560,8,0.02742000,1710.70638000,0
1709336471000,62388.99000000,62389.00000000,62388.99000000,62389.00000000,0.01738000,1709336471999,1084.32065400,5,0.00078000,48.66342000,0
1709336472000,62389.00000000,62389.00000000,62388.99000000,62388.99000000,0.00488000,1709336472999,304.45829080,4,0.00196000,122.28244000,0
1709336473000,62388.99000000,62388.99000000,62388.99000000,62388.99000000,0.00000000,1709336473999,0.00000000,0,0.00000000,0.00000000,0
1709336474000,62389.00000000,62389.00000000,62388.99000000,62389.00000000,0.06894000,1709336474999,4301.09757960,4,0.06090000,3799.49010000,0
1709336475000,62389.00000000,62389.00000000,62388.99000000,62388.99000000,0.50999000,1709336475999,31817.76605140,14,0.50413000,31452.16657000,0
1709336476000,62388.99000000,62389.00000000,62388.99000000,62388.99000000,0.18018000,1709336476999,11241.24823040,6,0.00122000,76.11458000,0
1709336477000,62388.99000000,62389.00000000,62388.99000000,62389.00000000,0.06773000,1709336477999,4225.60693550,6,0.06428000,4010.36492000,0
1709336478000,62389.00000000,62389.00000000,62388.99000000,62389.00000000,0.04784000,1709336478999,2984.68973000,5,0.04484000,2797.52276000,0
1709336479000,62389.00000000,62389.00000000,62389.00000000,62389.00000000,0.00337000,1709336479999,210.25093000,4,0.00337000,210.25093000,0
1709336480000,62389.00000000,62389.00000000,62388.99000000,62388.99000000,0.00750000,1709336480999,467.91742800,3,0.00030000,18.71670000,0
1709336481000,62388.99000000,62388.99000000,62388.99000000,62388.99000000,0.06022000,1709336481999,3757.06497780,4,0.00000000,0.00000000,0
1709336482000,62388.99000000,62388.99000000,62388.99000000,62388.99000000,0.09955000,1709336482999,6210.82395450,3,0.00000000,0.00000000,0
1709336483000,62388.99000000,62389.00000000,62388.99000000,62389.00000000,0.08569000,1709336483999,5346.11339420,4,0.08411000,5247.53879000,0
1709336484000,62389.00000000,62389.00000000,62388.99000000,62389.00000000,0.05897000,1709336484999,3679.07881940,7,0.00791000,493.49699000,0
1709336485000,62389.00000000,62398.06000000,62388.99000000,62398.06000000,3.19721000,1709336485999,199475.92527890,59,3.16476000,197451.11231340,0
1709336486000,62398.06000000,62398.06000000,62387.75000000,62387.76000000,2.31616000,1709336486999,144515.54589050,65,0.00168000,104.81143680,0
1709336487000,62387.75000000,62387.76000000,62383.40000000,62384.00000000,6.17947000,1709336487999,385501.03563560,52,5.00609000,312297.06216400,0
1709336488000,62383.99000000,62384.00000000,62383.99000000,62384.00000000,0.42274000,1709336488999,26372.21158840,20,0.36558000,22806.34272000,0
1709336489000,62383.99000000,62384.00000000,62383.99000000,62383.99000000,0.17465000,1709336489999,10895.36462360,10,0.07701000,4804.19184000,0
1709336490000,62383.99000000,62384.00000000,62383.99000000,62383.99000000,0.00764000,1709336490999,476.61369230,9,0.00087000,54.27408000,0
1709336491000,62384.00000000,62384.00000000,62383.99000000,62383.99000000,0.11645000,1709336491999,7264.61564200,8,0.00065000,40.54960000,0
1709336492000,62384.00000000,62384.00000000,62383.99000000,62383.99000000,0.05362000,1709336492999,3345.03005910,5,0.05153000,3214.64752000,0
1709336493000,62383.99000000,62384.00000000,62383.99000000,62384.00000000,0.05059000,1709336493999,3156.00655840,6,0.05043000,3146.02512000,0
1709336494000,62384.00000000,62384.00000000,62383.99000000,62384.00000000,0.02323000,1709336494999,1449.18015070,4,0.00630000,393.01920000,0
1709336495000,62384.00000000,62384.33000000,62383.99000000,62384.33000000,0.54908000,1709336495999,34253.91098780,8,0.53835000,33584.53077510,0
1709336496000,62385.75000000,62385.81000000,62385.75000000,62385.81000000,0.00862000,1709336496999,537.76564800,6,0.00616000,384.29658000,0
1709336497000,62385.80000000,62385.80000000,62385.80000000,62385.80000000,0.03526000,1709336497999,2199.72330800,3,0.00000000,0.00000000,0
1709336498000,62385.81000000,62385.81000000,62385.81000000,62385.81000000,0.00088000,1709336498999,54.89951280,3,0.00088000,54.89951280,0
1709336499000,62385.81000000,62385.81000000,62385.80000000,62385.81000000,0.03843000,1709336499999,2397.48639560,8,0.01016000,633.83982960,0
1709336500000,62385.81000000,62385.81000000,62385.80000000,62385.80000000,0.06937000,1709336500999,4327.70322990,4,0.02839000,1771.13314590,0
1709336501000,62385.80000000,62385.80000000,62385.80000000,62385.80000000,0.00361000,1709336501999,225.21273800,5,0.00000000,0.00000000,0
1709336502000,62385.81000000,62385.81000000,62385.80000000,62385.81000000,0.01748000,1709336502999,1090.50383040,4,0.00464000,289.47015840,0
1709336503000,62385.81000000,62385.81000000,62385.80000000,62385.80000000,0.16338000,1709336503999,10192.59362140,6,0.16174000,10090.28090940,0
1709336504000,62385.80000000,62385.81000000,62385.80000000,62385.81000000,0.03094000,1709336504999,1930.21674110,5,0.00891000,555.85756710,0
1709336505000,62385.80000000,62385.81000000,62385.80000000,62385.81000000,0.52499000,1709336505999,32751.92616450,9,0.50225000,31333.27307250,0
1709336506000,62385.80000000,62385.80000000,62385.80000000,62385.80000000,0.00016000,1709336506999,9.98172800,1,0.00000000,0.00000000,0
1709336507000,62385.81000000,62385.81000000,62385.81000000,62385.81000000,0.07958000,1709336507999,4964.66275980,2,0.07958000,4964.66275980,0
1709336508000,62385.81000000,62385.81000000,62385.80000000,62385.80000000,0.00453000,1709336508999,282.60771500,4,0.00410000,255.78182100,0
1709336509000,62385.81000000,62387.29000000,62385.81000000,62387.29000000,0.52706000,1709336509999,32881.25778060,22,0.49339000,30780.67806300,0
1709336510000,62387.29000000,62392.89000000,62387.29000000,62392.88000000,0.72451000,1709336510999,45201.56627190,16,0.69086000,43102.04585990,0
1709336511000,62392.88000000,62392.88000000,62392.88000000,62392.88000000,0.29021000,1709336511999,18107.03770480,17,0.00000000,0.00000000,0
1709336512000,62392.89000000,62392.89000000,62392.88000000,62392.88000000,0.00692000,1709336512999,431.75879050,6,0.00609000,379.97270010,0
1709336513000,62392.88000000,62392.89000000,62392.88000000,62392.88000000,0.37814000,1709336513999,23593.24367480,20,0.00316000,197.16153240,0
1709336514000,62392.88000000,62392.89000000,62392.88000000,62392.89000000,1.73919000,1709336514999,108513.07300850,29,0.00413000,257.68263570,0
1709336515000,62392.88000000,62392.89000000,62392.88000000,62392.89000000,1.43540000,1709336515999,89558.74544590,33,0.54939000,34278.02983710,0
1709336516000,62392.89000000,62392.89000000,62392.88000000,62392.89000000,0.10441000,1709336516999,6514.44155770,7,0.09569000,5970.37564410,0
1709336517000,62392.89000000,62394.63000000,62392.89000000,62394.63000000,0.34458000,1709336517999,21499.39443300,23,0.34458000,21499.39443300,0
1709336518000,62394.63000000,62394.63000000,62394.63000000,62394.63000000,0.04074000,1709336518999,2541.95722620,6,0.04074000,2541.95722620,0
1709336519000,62394.63000000,62394.63000000,62394.62000000,62394.62000000,0.06722000,1709336519999,4194.16690660,33,0.05502000,3432.95254260,0
1709336520000,62394.63000000,62396.69000000,62394.62000000,62396.69000000,0.38036000,1709336520999,23732.83880670,66,0.36301000,22650.28675450,0
1709336521000,62396.69000000,62396.69000000,62396.68000000,62396.69000000,0.24401000,1709336521999,15225.41632340,29,0.24366000,15203.57748540,0
1709336522000,62396.68000000,62396.69000000,62396.68000000,62396.69000000,0.10235000,1709336522999,6386.30021240,5,0.00144000,89.85123360,0
1709336523000,62396.68000000,62396.69000000,62396.68000000,62396.69000000,0.00071000,1709336523999,44.30164590,2,0.00031000,19.34297390,0
1709336524000,62396.69000000,62396.69000000,62396.68000000,62396.69000000,0.16840000,1709336524999,10507.60115640,6,0.02444000,1524.97510360,0
1709336525000,62396.68000000,62396.69000000,62396.68000000,62396.69000000,0.51903000,1709336525999,32385.75391750,6,0.50971000,31804.21685990,0
1709336526000,62396.68000000,62396.69000000,62396.68000000,62396.69000000,0.00728000,1709336526999,454.24783310,6,0.00027000,16.84710630,0
1709336527000,62396.68000000,62396.68000000,62396.68000000,62396.68000000,0.01834000,1709336527999,1144.35511120,4,0.00000000,0.00000000,0
1709336528000,62396.69000000,62396.69000000,62396.68000000,62396.68000000,0.00892000,1709336528999,556.57845960,4,0.00740000,461.73550600,0
1709336529000,62396.69000000,62396.69000000,62396.68000000,62396.68000000,0.36925000,1709336529999,23039.97660260,6,0.25126000,15677.79232940,0
1709336530000,62396.69000000,62396.69000000,62396.68000000,62396.68000000,0.07486000,1709336530999,4671.01548570,4,0.00209000,130.40908210,0
1709336531000,62396.68000000,62396.69000000,62396.68000000,62396.69000000,0.00063000,1709336531999,39.30991090,3,0.00025000,15.59917250,0
1709336532000,62396.69000000,62396.69000000,62396.68000000,62396.69000000,0.02688000,1709336532999,1677.22302470,5,0.02663000,1661.62385470,0
1709336533000,62396.69000000,62396.69000000,62396.69000000,62396.69000000,0.00466000,1709336533999,290.76857540,4,0.00466000,290.76857540,0
1709336534000,62396.68000000,62396.69000000,62396.68000000,62396.69000000,0.11308000,1709336534999,7055.81657610,3,0.00017000,10.60743730,0
1709336535000,62396.68000000,62396.68000000,62388.68000000,62388.68000000,1.81753000,1709336535999,113402.86551370,35,0.50000000,31194.34000000,0
1709336536000,62388.67000000,62388.68000000,62385.80000000,62385.80000000,0.58919000,1709336536999,36757.82233190,40,0.05535000,3453.21343800,0
1709336537000,62385.80000000,62385.81000000,62385.80000000,62385.80000000,0.37006000,1709336537999,23086.48948460,31,0.03366000,2099.90636460,0
1709336538000,62385.80000000,62385.81000000,62375.02000000,62375.03000000,2.49887000,1709336538999,155886.98785380,97,0.00097000,60.50755210,0
1709336539000,62375.03000000,62375.03000000,62375.02000000,62375.02000000,0.05453000,1709336539999,3401.31038290,4,0.05423000,3382.59787690,0
1709336540000,62375.02000000,62375.02000000,62375.02000000,62375.02000000,0.07218000,1709336540999,4502.22894360,6,0.00000000,0.00000000,0
1709336541000,62375.02000000,62375.03000000,62366.58000000,62366.58000000,0.92600000,1709336541999,57756.82040900,57,0.00253000,157.80702670,0
1709336542000,62366.58000000,62366.58000000,62362.85000000,62362.86000000,0.88541000,1709336542999,55218.46275040,40,0.03253000,2028.66383580,0
1709336543000,62362.86000000,62362.86000000,62362.85000000,62362.85000000,0.15228000,1709336543999,9496.61564160,6,0.08436000,5260.93086960,0
1709336544000,62362.85000000,62362.86000000,62362.85000000,62362.85000000,0.02013000,1709336544999,1255.36433290,6,0.01624000,1012.77284640,0
1709336545000,62362.85000000,62362.86000000,62362.85000000,62362.86000000,0.70411000,1709336545999,43910.31335130,6,0.70378000,43889.73361080,0
1709336546000,62362.85000000,62362.86000000,62362.85000000,62362.85000000,0.00562000,1709336546999,350.47923300,4,0.00160000,99.78057600,0
1709336547000,62362.86000000,62362.86000000,62362.86000000,62362.86000000,0.01513000,1709336547999,943.55007180,4,0.01513000,943.55007180,0
1709336548000,62362.85000000,62362.86000000,62362.85000000,62362.85000000,0.02447000,1709336548999,1526.01911010,5,0.01706000,1063.91039160,0
1709336549000,62362.85000000,62362.85000000,62362.85000000,62362.85000000,0.00039000,1709336549999,24.32151150,2,0.00000000,0.00000000,0
1709336550000,62362.85000000,62362.86000000,62362.85000000,62362.86000000,0.00654000,1709336550999,407.85304670,5,0.00077000,48.01940220,0
1709336551000,62362.86000000,62362.86000000,62362.86000000,62362.86000000,0.00160000,1709336551999,99.78057600,3,0.00160000,99.78057600,0
1709336552000,62362.85000000,62362.85000000,62362.85000000,62362.85000000,0.01299000,1709336552999,810.09342150,3,0.00000000,0.00000000,0
1709336553000,62362.85000000,62362.86000000,62362.85000000,62362.85000000,0.01977000,1709336553999,1232.91359580,4,0.00513000,319.92147180,0
1709336554000,62362.85000000,62362.86000000,62362.83000000,62362.83000000,2.85005000,1709336554999,177737.24062600,30,0.00017000,10.60168620,0
1709336555000,62362.83000000,62362.84000000,62362.83000000,62362.84000000,0.53655000,1709336555999,33460.78152600,21,0.50895000,31739.56741800,0
1709336556000,62362.84000000,62362.84000000,62362.83000000,62362.84000000,0.07269000,1709336556999,4533.15425040,8,0.01377000,858.73630680,0
1709336557000,62362.83000000,62362.84000000,62362.83000000,62362.84000000,0.30979000,1709336557999,19319.38134290,6,0.02372000,1479.24656480,0
1709336558000,62362.83000000,62362.83000000,62362.83000000,62362.83000000,0.00719000,1709336558999,448.38874770,2,0.00000000,0.00000000,0
1709336559000,62362.83000000,62362.84000000,62362.83000000,62362.84000000,0.11280000,1709336559999,7034.52731900,5,0.00950000,592.44698000,0
1709336560000,62362.83000000,62362.84000000,62362.83000000,62362.84000000,0.02885000,1709336560999,1799.16785100,5,0.02055000,1281.55636200,0
1709336561000,62362.83000000,62362.83000000,62362.83000000,62362.83000000,0.00208000,1709336561999,129.71468640,4,0.00000000,0.00000000,0
1709336562000,62362.84000000,62362.84000000,62362.83000000,62362.84000000,0.03774000,1709336562999,2353.57352060,5,0.03164000,1973.16025760,0
1709336563000,62362.83000000,62362.83000000,62362.83000000,62362.83000000,0.02430000,1709336563999,1515.41676900,3,0.00000000,0.00000000,0
1709336564000,62362.83000000,62362.84000000,62362.83000000,62362.84000000,0.00500000,1709336564999,311.81416800,3,0.00180000,112.25311200,0
1709336565000,62362.84000000,62362.84000000,62362.83000000,62362.84000000,0.51007000,1709336565999,31809.41372950,8,0.50314000,31377.23931760,0
1709336566000,62362.83000000,62362.84000000,62362.83000000,62362.83000000,0.05287000,1709336566999,3297.12283210,6,0.00100000,62.36284000,0
1709336567000,62362.83000000,62362.83000000,62362.83000000,62362.83000000,0.01284000,1709336567999,800.73873720,1,0.00000000,0.00000000,0
1709336568000,62362.83000000,62362.84000000,62362.83000000,62362.83000000,0.11284000,1709336568999,7037.02278200,7,0.10448000,6515.66952320,0
1709336569000,62362.84000000,62362.84000000,62362.83000000,62362.84000000,0.01928000,1709336569999,1202.35547690,8,0.01145000,714.05451800,0
1709336570000,62362.83000000,62362.84000000,62362.83000000,62362.83000000,0.00673000,1709336570999,419.70187310,4,0.00272000,169.62692480,0
1709336571000,62362.84000000,62366.03000000,62362.84000000,62366.02000000,1.16229000,1709336571999,72483.95235990,36,1.16207000,72470.23183550,0
1709336572000,62366.02000000,62366.03000000,62366.02000000,62366.03000000,0.17075000,1709336572999,10648.99921390,13,0.12989000,8100.72363670,0
1709336573000,62366.03000000,62366.03000000,62366.02000000,62366.03000000,0.03460000,1709336573999,2157.86460140,10,0.03094000,1929.60496820,0
1709336574000,62366.02000000,62366.03000000,62366.02000000,62366.03000000,0.01745000,1709336574999,1088.28720930,2,0.01603000,999.72746090,0
1709336575000,62366.03000000,62373.55000000,62366.02000000,62373.55000000,1.19572000,1709336575999,74576.52721090,30,0.76422000,47662.37391950,0
1709336576000,62373.55000000,62373.55000000,62373.55000000,62373.55000000,0.06595000,1709336576999,4113.53562250,3,0.00000000,0.00000000,0
1709336577000,62373.56000000,62373.56000000,62373.55000000,62373.56000000,0.17381000,1709336577999,10841.14684570,7,0.01202000,749.73019120,0
1709336578000,62373.55000000,62373.55000000,62373.55000000,62373.55000000,0.01542000,1709336578999,961.80014100,3,0.00000000,0.00000000,0
1709336579000,62373.56000000,62373.56000000,62368.44000000,62368.45000000,2.19437000,1709336579999,136869.85792700,63,0.10798000,6734.54809260,0
1709336580000,62368.45000000,62368.45000000,62367.83000000,62367.83000000,0.33486000,1709336580999,20884.60836210,52,0.01824000,1137.60052800,0
1709336581000,62367.66000000,62367.66000000,62367.65000000,62367.66000000,0.03013000,1709336581999,1879.13752990,7,0.02354000,1468.13471640,0
1709336582000,62367.65000000,62367.66000000,62362.83000000,62362.83000000,0.12374000,1709336582999,7717.34192700,28,0.00528000,329.30124480,0
1709336583000,62362.83000000,62362.84000000,62362.83000000,62362.83000000,0.03842000,1709336583999,2395.98024930,4,0.03207000,1999.97627880,0
1709336584000,62362.83000000,62362.83000000,62362.83000000,62362.83000000,0.02189000,1709336584999,1365.12234870,7,0.00000000,0.00000000,0
1709336585000,62362.84000000,62362.84000000,62355.30000000,62355.30000000,1.34297000,1709336585999,83746.32193440,98,0.50162000,31278.68280080,0
1709336586000,62355.30000000,62355.31000000,62355.30000000,62355.30000000,0.05038000,1709336586999,3141.46009560,9,0.00816000,508.81932960,0
1709336587000,62355.30000000,62355.30000000,62355.30000000,62355.30000000,0.07433000,1709336587999,4634.86944900,8,0.00000000,0.00000000,0
1709336588000,62355.30000000,62355.31000000,62355.30000000,62355.31000000,0.01568000,1709336588999,977.73124820,5,0.01442000,899.16357020,0
1709336589000,62355.31000000,62355.31000000,62355.30000000,62355.31000000,0.05282000,1709336589999,3293.60741320,20,0.04672000,2913.24008320,0
1709336590000,62355.31000000,62355.31000000,62355.30000000,62355.30000000,0.00191000,1709336590999,119.09863290,6,0.00099000,61.73175690,0
1709336591000,62355.31000000,62355.31000000,62355.30000000,62355.30000000,0.01125000,1709336591999,701.49713320,4,0.00082000,51.13135420,0
1709336592000,62355.30000000,62355.31000000,62355.30000000,62355.30000000,0.00718000,1709336592999,447.71107100,7,0.00170000,106.00402700,0
1709336593000,62355.30000000,62355.31000000,62355.30000000,62355.30000000,0.08268000,1709336593999,5155.53621590,12,0.00119000,74.20281890,0
1709336594000,62355.31000000,62355.31000000,62355.30000000,62355.30000000,0.09628000,1709336594999,6003.56855030,15,0.02663000,1660.52190530,0
1709336595000,62355.30000000,62355.31000000,62355.30000000,62355.31000000,0.83012000,1709336595999,51762.38665270,14,0.50167000,31281.78836770,0
1709336596000,62355.31000000,62355.31000000,62355.30000000,62355.30000000,0.00112000,1709336596999,69.83794150,6,0.00055000,34.29542050,0
1709336597000,62355.30000000,62355.30000000,62355.30000000,62355.30000000,0.03377000,1709336597999,2105.73848100,2,0.00000000,0.00000000,0
1709336598000,62355.31000000,62355.31000000,62355.30000000,62355.30000000,0.02961000,1709336598999,1846.34065440,4,0.02214000,1380.54656340,0
1709336599000,62355.31000000,62355.31000000,62355.30000000,62355.31000000,0.02371000,1709336599999,1478.44433100,7,0.01680000,1047.56920800,0
1709336600000,62355.31000000,62355.31000000,62355.30000000,62355.31000000,0.25687000,1709336600999,16017.20599740,5,0.00864000,538.74987840,0
1709336601000,62355.30000000,62355.31000000,62355.30000000,62355.30000000,0.09822000,1709336601999,6124.53765950,7,0.00935000,583.02214850,0
1709336602000,62355.30000000,62355.30000000,62355.30000000,62355.30000000,0.30437000,1709336602999,18979.08266100,16,0.00000000,0.00000000,0
1709336603000,62355.31000000,62355.31000000,62355.31000000,62355.31000000,0.00801000,1709336603999,499.46603310,1,0.00801000,499.46603310,0
1709336604000,62355.30000000,62355.30000000,62355.30000000,62355.30000000,0.01233000,1709336604999,768.84084900,2,0.00000000,0.00000000,0
1709336605000,62355.30000000,62355.31000000,62355.30000000,62355.31000000,0.71384000,1709336605999,44511.71235200,16,0.50000000,31177.65500000,0
1709336606000,62355.30000000,62355.31000000,62355.30000000,62355.31000000,0.02989000,1709336606999,1863.79994580,5,0.00288000,179.58329280,0
1709336607000,62355.30000000,62355.31000000,62355.30000000,62355.31000000,0.02408000,1709336607999,1501.51569420,6,0.00702000,437.73427620,0
1709336608000,62355.30000000,62355.31000000,62355.30000000,62355.30000000,0.00233000,1709336608999,145.28785100,4,0.00020000,12.47106200,0
1709336609000,62355.30000000,62357.99000000,62355.30000000,62357.99000000,1.35072000,1709336609999,84224.63323190,27,1.35030000,84198.44400590,0
1709336610000,62357.98000000,62360.00000000,62357.98000000,62360.00000000,0.09947000,1709336610999,6202.79099510,6,0.07155000,4461.75619350,0
1709336611000,62362.84000000,62362.84000000,62362.83000000,62362.84000000,0.06636000,1709336611999,4138.39804130,7,0.06425000,4006.81247000,0
1709336612000,62362.83000000,62362.83000000,62362.83000000,62362.83000000,0.04524000,1709336612999,2821.29442920,2,0.00000000,0.00000000,0
1709336613000,62362.84000000,62362.84000000,62362.83000000,62362.83000000,0.00909000,1709336613999,566.87816710,6,0.00424000,264.41844160,0
1709336614000,62362.83000000,62370.31000000,62362.83000000,62370.31000000,0.43246000,1709336614999,26969.65032400,23,0.43029000,26834.32065410,0
1709336615000,62370.31000000,62377.78000000,62370.31000000,62377.78000000,2.11457000,1709336615999,131894.14824840,23,0.62771000,39154.27355520,0
1709336616000,62377.78000000,62377.78000000,62377.77000000,62377.77000000,0.05884000,1709336616999,3670.30798840,2,0.00016000,9.98044480,0
1709336617000,62377.78000000,62377.78000000,62377.78000000,62377.78000000,0.00299000,1709336617999,186.50956220,3,0.00299000,186.50956220,0
1709336618000,62377.77000000,62377.78000000,62377.77000000,62377.78000000,0.00632000,1709336618999,394.22753830,3,0.00319000,198.98511820,0
1709336619000,62377.78000000,62377.78000000,62377.77000000,62377.77000000,0.09612000,1709336619999,5995.75188210,7,0.06297000,3927.92880660,0
1709336620000,62377.77000000,62377.77000000,62377.77000000,62377.77000000,0.03504000,1709336620999,2185.71706080,4,0.00000000,0.00000000,0
1709336621000,62377.77000000,62377.78000000,62377.77000000,62377.78000000,0.00270000,1709336621999,168.41999200,2,0.00130000,81.09111400,0
1709336622000,62377.78000000,62377.78000000,62377.77000000,62377.77000000,0.07515000,1709336622999,4687.69002200,8,0.06065000,3783.21235700,0
1709336623000,62377.78000000,62377.78000000,62377.77000000,62377.77000000,0.06520000,1709336623999,4067.03093450,11,0.03305000,2061.58562900,0
1709336624000,62377.77000000,62377.78000000,62377.77000000,62377.77000000,0.02989000,1709336624999,1864.47160400,6,0.00587000,366.15756860,0
1709336625000,62377.78000000,62377.78000000,62377.77000000,62377.78000000,0.51509000,1709336625999,32130.17058260,14,0.50333000,31396.60800740,0
1709336626000,62377.77000000,62377.78000000,62377.77000000,62377.77000000,0.00177000,1709336626999,110.40865460,3,0.00017000,10.60422260,0
1709336627000,62377.78000000,62377.78000000,62377.77000000,62377.77000000,0.02388000,1709336627999,1489.58126100,7,0.01134000,707.36402520,0
1709336628000,62377.77000000,62377.77000000,62377.77000000,62377.77000000,0.00995000,1709336628999,620.65881150,3,0.00000000,0.00000000,0
1709336629000,62377.78000000,62377.78000000,62377.77000000,62377.77000000,0.15003000,1709336629999,9358.53799190,9,0.11588000,7228.33714640,0
1709336630000,62377.77000000,62377.77000000,62374.76000000,62374.77000000,0.28427000,1709336630999,17732.01794620,31,0.00000000,0.00000000,0
1709336631000,62374.77000000,62374.77000000,62372.74000000,62372.74000000,0.31432000,1709336631999,19605.26449090,24,0.00000000,0.00000000,0
1709336632000,62372.74000000,62372.74000000,62372.74000000,62372.74000000,0.00025000,1709336632999,15.59318500,1,0.00000000,0.00000000,0
1709336633000,62372.74000000,62372.74000000,62368.01000000,62368.01000000,0.35017000,1709336633999,21840.92796180,31,0.00053000,33.05504530,0
1709336634000,62368.00000000,62368.00000000,62364.14000000,62364.14000000,0.09119000,1709336634999,5687.26478220,13,0.00071000,44.27854650,0
1709336635000,62364.14000000,62364.15000000,62364.14000000,62364.15000000,0.50155000,1709336635999,31278.73941700,5,0.50000000,31182.07500000,0
1709336636000,62364.14000000,62364.14000000,62362.84000000,62362.84000000,0.11329000,1709336636999,7065.09125700,7,0.06414000,3999.95319900,0
1709336637000,62362.84000000,62362.84000000,62361.11000000,62361.11000000,0.24293000,1709336637999,15149.76697230,11,0.01841000,1148.06803510,0
1709336638000,62361.11000000,62361.11000000,62361.10000000,62361.11000000,0.11214000,1709336638999,6993.17391330,5,0.01593000,993.41248230,0
1709336639000,62361.10000000,62361.11000000,62361.10000000,62361.11000000,0.04407000,1709336639999,2748.25384310,38,0.01661000,1035.81803710,0
1709336640000,62361.10000000,62361.11000000,62361.10000000,62361.10000000,0.01134000,1709336640999,707.17493320,13,0.00592000,369.17777120,0
1709336641000,62361.11000000,62361.11000000,62361.10000000,62361.10000000,0.00034000,1709336641999,21.20277560,2,0.00016000,9.97777760,0
1709336642000,62361.10000000,62361.11000000,62361.10000000,62361.11000000,0.01878000,1709336642999,1171.14148200,3,0.00240000,149.66666400,0
1709336643000,62361.10000000,62361.10000000,62361.10000000,62361.10000000,0.00447000,1709336643999,278.75411700,3,0.00000000,0.00000000,0
1709336644000,62361.10000000,62361.11000000,62361.10000000,62361.10000000,0.07507000,1709336644999,4681.44787730,5,0.01003000,625.48193330,0
1709336645000,62361.11000000,62361.11000000,62361.10000000,62361.11000000,0.68409000,1709336645999,42660.61094940,6,0.60504000,37730.96599440,0
1709336646000,62361.10000000,62361.10000000,62361.10000000,62361.10000000,0.00178000,1709336646999,111.00275800,1,0.00000000,0.00000000,0
1709336647000,62361.11000000,62361.11000000,62361.10000000,62361.10000000,0.00436000,1709336647999,271.89440280,4,0.00068000,42.40555480,0
1709336648000,62361.11000000,62361.11000000,62361.10000000,62361.10000000,0.00179000,1709336648999,111.62637720,2,0.00082000,51.13611020,0
1709336649000,62361.10000000,62361.11000000,62361.10000000,62361.11000000,0.00683000,1709336649999,425.92637960,3,0.00666000,415.32499260,0
1709336650000,62361.10000000,62361.10000000,62361.10000000,62361.10000000,0.00420000,1709336650999,261.91662000,2,0.00000000,0.00000000,0
1709336651000,62361.11000000,62361.11000000,62361.11000000,62361.11000000,0.00846000,1709336651999,527.57499060,4,0.00846000,527.57499060,0
1709336652000,62361.10000000,62361.11000000,62361.10000000,62361.11000000,0.02395000,1709336652999,1493.54856390,4,0.02189000,1365.08469790,0
1709336653000,62361.11000000,62365.21000000,62361.11000000,62365.21000000,0.34895000,1709336653999,21761.36246570,21,0.34424000,21467.62232660,0
1709336654000,62365.22000000,62365.22000000,62365.21000000,62365.21000000,0.03855000,1709336654999,2404.17916620,4,0.03207000,2000.05260540,0
1709336655000,62365.21000000,62372.00000000,62365.21000000,62372.00000000,0.89466000,1709336655999,55799.47397510,24,0.57128000,35630.79519690,0
1709336656000,62372.00000000,62373.04000000,62372.00000000,62373.03000000,0.02606000,1709336656999,1625.42469040,7,0.01998000,1246.19666800,0
1709336657000,62373.03000000,62373.03000000,62373.03000000,62373.03000000,0.00000000,1709336657999,0.00000000,0,0.00000000,0.00000000,0
1709336658000,62373.04000000,62373.04000000,62373.04000000,62373.04000000,0.00033000,1709336658999,20.58310320,1,0.00033000,20.58310320,0
1709336659000,62373.04000000,62373.04000000,62373.04000000,62373.04000000,0.01219000,1709336659999,760.32735760,3,0.01219000,760.32735760,0
1709336660000,62373.04000000,62373.04000000,62373.03000000,62373.04000000,0.01519000,1709336660999,947.44637710,5,0.00514000,320.59742560,0
1709336661000,62373.03000000,62373.04000000,62373.03000000,62373.04000000,0.10142000,1709336661999,6325.87334400,5,0.06414000,4000.60678560,0
1709336662000,62373.04000000,62373.04000000,62373.03000000,62373.04000000,0.13698000,1709336662999,8543.85766370,5,0.00143000,89.19344720,0
1709336663000,62373.03000000,62373.04000000,62373.03000000,62373.03000000,0.74223000,1709336663999,46295.13406670,6,0.00098000,61.12557920,0
1709336664000,62373.04000000,62373.04000000,62373.03000000,62373.03000000,0.02642000,1709336664999,1647.89547170,8,0.00191000,119.13250640,0
1709336665000,62373.03000000,62373.04000000,62373.03000000,62373.04000000,0.50800000,1709336665999,31685.50424000,4,0.50000000,31186.52000000,0
1709336666000,62373.04000000,62373.04000000,62373.04000000,62373.04000000,0.00084000,1709336666999,52.39335360,1,0.00084000,52.39335360,0
1709336667000,62373.04000000,62373.04000000,62373.04000000,62373.04000000,0.00084000,1709336667999,52.39335360,2,0.00084000,52.39335360,0
1709336668000,62373.03000000,62373.04000000,62373.03000000,62373.04000000,0.00625000,1709336668999,389.83148850,5,0.00510000,318.10250400,0
1709336669000,62373.04000000,62373.04000000,62373.03000000,62373.03000000,0.01569000,1709336669999,978.63289860,6,0.00579000,361.13990160,0
1709336670000,62373.03000000,62373.03000000,62373.03000000,62373.03000000,0.00000000,1709336670999,0.00000000,0,0.00000000,0.00000000,0
1709336671000,62373.03000000,62373.04000000,62373.03000000,62373.03000000,0.11711000,1709336671999,7304.50664920,7,0.11059000,6897.83449360,0
1709336672000,62373.03000000,62373.04000000,62373.03000000,62373.03000000,0.12641000,1709336672999,7884.57473130,10,0.00090000,56.13573600,0
1709336673000,62373.04000000,62373.04000000,62373.03000000,62373.03000000,0.00862000,1709336673999,537.65551980,4,0.00012000,7.48476480,0
1709336674000,62373.03000000,62373.03000000,62373.03000000,62373.03000000,0.00000000,1709336674999,0.00000000,0,0.00000000,0.00000000,0
1709336675000,62373.04000000,62373.04000000,62373.04000000,62373.04000000,0.51782000,1709336675999,32298.00757280,8,0.51782000,32298.00757280,0
1709336676000,62373.04000000,62373.04000000,62373.03000000,62373.04000000,0.34851000,1709336676999,21737.62708860,17,0.24033000,14990.11270320,0
1709336677000,62373.04000000,62373.04000000,62373.03000000,62373.04000000,0.08906000,1709336677999,5554.94289740,3,0.08456000,5274.26426240,0
1709336678000,62373.04000000,62373.04000000,62373.03000000,62373.04000000,0.09775000,1709336678999,6096.96457560,6,0.08931000,5570.53620240,0
1709336679000,62373.04000000,62373.04000000,62373.03000000,62373.04000000,0.17434000,1709336679999,10874.11573230,8,0.16821000,10491.76905840,0
1709336680000,62373.04000000,62373.04000000,62373.03000000,62373.04000000,0.18048000,1709336680999,11257.08616030,7,0.17059000,10640.21689360,0
1709336681000,62373.04000000,62373.04000000,62373.03000000,62373.03000000,0.24609000,1709336681999,15349.38139590,13,0.24432000,15238.98113280,0
1709336682000,62373.03000000,62373.04000000,62373.03000000,62373.04000000,0.26838000,1709336682999,16739.67625290,15,0.24615000,15353.12379600,0
1709336683000,62373.04000000,62373.04000000,62373.03000000,62373.04000000,0.25484000,1709336683999,15895.14458920,7,0.16240000,10129.38169600,0
1709336684000,62373.04000000,62373.04000000,62373.03000000,62373.04000000,0.27350000,1709336684999,17059.02617650,9,0.24715000,15415.49683600,0
1709336685000,62373.04000000,62373.04000000,62373.03000000,62373.04000000,0.74402000,1709336685999,46406.78921470,15,0.74341000,46368.74166640,0
1709336686000,62373.04000000,62373.04000000,62373.03000000,62373.04000000,0.20664000,1709336686999,12888.76471010,11,0.17909000,11170.38773360,0
1709336687000,62373.04000000,62377.77000000,62373.04000000,62377.77000000,1.08234000,1709336687999,67509.97203360,33,1.08204000,67491.25870260,0
1709336688000,62377.78000000,62377.81000000,62377.78000000,62377.80000000,0.25595000,1709336688999,15965.59744220,10,0.19355000,12073.22272220,0
1709336689000,62377.81000000,62379.81000000,62377.81000000,62379.81000000,0.37030000,1709336689999,23098.98902820,10,0.35282000,22008.59012420,0
1709336690000,62379.81000000,62381.90000000,62379.81000000,62381.90000000,0.16041000,1709336690999,10006.58477710,6,0.16020000,9993.48458020,0
1709336691000,62381.90000000,62381.90000000,62381.89000000,62381.90000000,0.24561000,1709336691999,15321.61841210,8,0.24092000,15029.04734800,0
1709336692000,62381.90000000,62381.90000000,62381.89000000,62381.90000000,0.24938000,1709336692999,15556.79818380,6,0.24556000,15318.49936400,0
1709336693000,62381.90000000,62381.90000000,62381.90000000,62381.90000000,0.24030000,1709336693999,14990.37057000,5,0.24030000,14990.37057000,0
1709336694000,62381.89000000,62381.90000000,62381.89000000,62381.90000000,0.33007000,1709336694999,20590.39289760,8,0.24653000,15379.00980700,0
1709336695000,62381.89000000,62381.90000000,62381.89000000,62381.90000000,0.50884000,1709336695999,31742.40590760,6,0.50000000,31190.95000000,0
1709336696000,62381.89000000,62381.90000000,62381.89000000,62381.90000000,0.02272000,1709336696999,1417.31662230,4,0.00815000,508.41248500,0
1709336697000,62381.90000000,62381.90000000,62381.89000000,62381.90000000,0.14902000,1709336697999,9296.14928650,3,0.00387000,241.41795300,0
1709336698000,62381.90000000,62381.90000000,62381.89000000,62381.89000000,0.08274000,1709336698999,5161.47829070,3,0.07121000,4442.21509900,0
1709336699000,62381.89000000,62381.90000000,62381.89000000,62381.89000000,0.08905000,1709336699999,5555.10750900,26,0.02045000,1275.70985500,0
1709336700000,62381.89000000,62381.90000000,62381.89000000,62381.89000000,0.07882000,1709336700999,4916.94099930,41,0.04295000,2679.30260500,0
1709336701000,62381.89000000,62381.90000000,62381.89000000,62381.90000000,0.00778000,1709336701999,485.33115490,2,0.00507000,316.27623300,0
1709336702000,62381.90000000,62381.90000000,62381.90000000,62381.90000000,0.00000000,1709336702999,0.00000000,0,0.00000000,0.00000000,0
1709336703000,62381.89000000,62381.89000000,62381.89000000,62381.89000000,0.00051000,1709336703999,31.81476390,2,0.00000000,0.00000000,0
1709336704000,62381.90000000,62381.90000000,62381.89000000,62381.89000000,0.41973000,1709336704999,26183.55324610,15,0.25564000,15947.30891600,0
1709336705000,62381.90000000,62437.00000000,62381.90000000,62428.00000000,10.76951000,1709336705999,672085.21496450,244,10.27601000,641276.99111870,0
1709336706000,62428.00000000,62428.00000000,62427.99000000,62428.00000000,0.22260000,1709336706999,13896.47206800,15,0.14940000,9326.74320000,0
1709336707000,62428.00000000,62428.00000000,62427.99000000,62428.00000000,3.23971000,1709336707999,202248.59640130,48,1.29184000,80646.98752000,0
1709336708000,62428.00000000,62428.00000000,62427.99000000,62427.99000000,0.30115000,1709336708999,18800.19196230,11,0.27738000,17316.27864000,0
1709336709000,62427.99000000,62428.00000000,62427.99000000,62428.00000000,0.20113000,1709336709999,12556.14326430,12,0.16356000,10210.72368000,0
1709336710000,62428.00000000,62428.00000000,62427.99000000,62428.00000000,0.12501000,1709336710999,7804.12427320,5,0.12433000,7761.67324000,0
1709336711000,62428.00000000,62428.00000000,62427.99000000,62428.00000000,0.24161000,1709336711999,15083.22906510,5,0.24012000,14990.21136000,0
1709336712000,62428.00000000,62428.00000000,62427.99000000,62427.99000000,0.26442000,1709336712999,16507.21175110,11,0.26353000,16451.65084000,0
1709336713000,62428.00000000,62428.00000000,62427.99000000,62427.99000000,0.16707000,1709336713999,10429.84593810,7,0.16488000,10293.12864000,0
1709336714000,62427.99000000,62428.00000000,62427.99000000,62428.00000000,0.17648000,1709336714999,11017.29340880,10,0.17336000,10822.51808000,0
1709336715000,62428.00000000,62428.00000000,62427.99000000,62428.00000000,1.50572000,1709336715999,93999.08813160,13,1.50288000,93821.79264000,0
1709336716000,62428.00000000,62428.00000000,62427.99000000,62428.00000000,0.27087000,1709336716999,16909.87205250,8,0.24012000,14990.21136000,0
1709336717000,62428.00000000,62428.00000000,62427.99000000,62428.00000000,0.25320000,1709336717999,15806.76955990,11,0.24919000,15556.43332000,0
1709336718000,62427.99000000,62428.00000000,62427.99000000,62428.00000000,0.36545000,1709336718999,22814.31252170,18,0.35762000,22325.50136000,0
1709336719000,62428.00000000,62428.00000000,62427.99000000,62427.99000000,0.36981000,1709336719999,23086.49747120,23,0.24893000,15540.20204000,0
1709336720000,62428.00000000,62428.24000000,62427.99000000,62428.24000000,0.26864000,1709336720999,16770.66033130,25,0.24684000,15409.72752180,0
1709336721000,62428.24000000,62428.25000000,62428.24000000,62428.25000000,0.24872000,1709336721999,15527.15425400,12,0.24012000,14990.27139000,0
1709336722000,62428.25000000,62428.25000000,62428.24000000,62428.24000000,0.25538000,1709336722999,15942.92645480,7,0.25236000,15754.39317000,0
1709336723000,62428.25000000,62428.25000000,62428.25000000,62428.25000000,0.00234000,1709336723999,146.08210500,4,0.00234000,146.08210500,0
1709336724000,62428.25000000,62440.37000000,62428.25000000,62440.37000000,1.53673000,1709336724999,95940.40902880,45,1.53353000,95740.60106080,0
1709336725000,62440.39000000,62440.39000000,62440.38000000,62440.39000000,0.92472000,1709336725999,57739.87743190,18,0.92383000,57684.30549370,0
1709336726000,62440.39000000,62443.16000000,62440.39000000,62443.16000000,0.36770000,1709336726999,22959.91464110,30,0.35631000,22248.70273620,0
1709336727000,62443.16000000,62449.99000000,62443.15000000,62449.99000000,1.71768000,1709336727999,107263.25267350,56,1.51758000,94767.74587130,0
1709336728000,62450.00000000,62453.21000000,62450.00000000,62453.20000000,0.15310000,1709336728999,9561.37659780,27,0.13435000,8390.38168140,0
1709336729000,62453.21000000,62459.81000000,62453.21000000,62459.81000000,0.58634000,1709336729999,36619.69190280,32,0.58572000,36580.96728560,0
1709336730000,62459.81000000,62460.00000000,62459.81000000,62460.00000000,0.51702000,1709336730999,32293.01366630,19,0.51702000,32293.01366630,0
1709336731000,62460.00000000,62460.26000000,62460.00000000,62460.26000000,0.25884000,1709336731999,16167.21126260,14,0.25844000,16142.22718420,0
1709336732000,62460.26000000,62461.10000000,62460.26000000,62461.10000000,0.11215000,1709336732999,7005.00945680,14,0.02259000,1410.99423640,0
1709336733000,62461.10000000,62461.10000000,62461.09000000,62461.10000000,0.27046000,1709336733999,16893.22884500,15,0.24436000,15262.99439600,0
1709336734000,62461.09000000,62461.10000000,62461.09000000,62461.10000000,0.00045000,1709336734999,28.10749340,3,0.00029000,18.11371900,0
1709336735000,62461.10000000,62461.10000000,62461.09000000,62461.10000000,0.66304000,1709336735999,41414.20772670,8,0.66131000,41306.15004100,0
1709336736000,62461.10000000,62461.10000000,62461.10000000,62461.10000000,0.08199000,1709336736999,5121.18558900,4,0.08199000,5121.18558900,0
1709336737000,62461.09000000,62461.10000000,62461.09000000,62461.10000000,0.56190000,1709336737999,35096.88887070,8,0.23997000,14988.79016700,0
1709336738000,62461.10000000,62461.10000000,62461.09000000,62461.10000000,0.18989000,1709336738999,11860.73800740,12,0.16273000,10164.29480300,0
1709336739000,62461.10000000,62461.10000000,62461.09000000,62461.10000000,0.17702000,1709336739999,11056.86376210,11,0.16103000,10058.11093300,0
1709336740000,62461.09000000,62461.10000000,62461.09000000,62461.09000000,0.01701000,1709336740999,1062.46315190,4,0.00110000,68.70721000,0
1709336741000,62461.10000000,62461.10000000,62461.09000000,62461.09000000,0.19391000,1709336741999,12111.83156770,6,0.16058000,10030.00343800,0
1709336742000,62461.09000000,62461.10000000,62461.09000000,62461.10000000,0.00725000,1709336742999,452.84292430,3,0.00218000,136.16519800,0
1709336743000,62461.09000000,62461.09000000,62447.04000000,62447.04000000,6.64340000,1709336743999,414940.94581950,100,0.00083000,51.83516830,0
1709336744000,62447.04000000,62447.04000000,62447.04000000,62447.04000000,0.01730000,1709336744999,1080.33379200,2,0.00000000,0.00000000,0
1709336745000,62447.04000000,62447.05000000,62447.04000000,62447.05000000,0.62637000,1709336745999,39114.95813300,18,0.56882000,35521.13098100,0
1709336746000,62447.04000000,62447.04000000,62447.04000000,62447.04000000,0.02687000,1709336746999,1677.95196480,1,0.00000000,0.00000000,0
1709336747000,62447.05000000,62447.05000000,62447.05000000,62447.05000000,0.05931000,1709336747999,3703.73453550,4,0.05931000,3703.73453550,0
1709336748000,62447.05000000,62447.05000000,62447.05000000,62447.05000000,0.03816000,1709336748999,2382.97942800,2,0.03816000,2382.97942800,0
1709336749000,62447.05000000,62447.05000000,62447.04000000,62447.05000000,0.19299000,1709336749999,12051.65615380,7,0.19042000,11891.16726100,0
1709336750000,62447.05000000,62447.05000000,62447.04000000,62447.05000000,0.24756000,1709336750999,15459.39164930,10,0.24269000,15155.27456450,0
1709336751000,62447.05000000,62447.05000000,62447.04000000,62447.05000000,0.20245000,1709336751999,12642.40484820,14,0.16002000,9992.77694100,0
1709336752000,62447.05000000,62451.74000000,62447.05000000,62451.74000000,0.88212000,1709336752999,55087.18331500,38,0.87784000,54819.88991060,0
1709336753000,62451.74000000,62451.74000000,62451.73000000,62451.74000000,0.24523000,1709336753999,15315.04014820,10,0.24003000,14990.29115220,0
1709336754000,62451.74000000,62457.52000000,62451.73000000,62457.51000000,0.69746000,1709336754999,43558.57324830,36,0.69245000,43245.66297280,0
1709336755000,62457.52000000,62457.90000000,62457.52000000,62457.90000000,0.50080000,1709336755999,31278.73121820,11,0.50080000,31278.73121820,0
1709336756000,62457.90000000,62457.90000000,62457.89000000,62457.90000000,0.24023000,1709336756999,15004.26131600,7,0.24013000,14998.01552700,0
1709336757000,62457.90000000,62457.90000000,62457.89000000,62457.90000000,0.27381000,1709336757999,17101.59737540,11,0.25145000,15705.03895500,0
1709336758000,62457.90000000,62470.00000000,62457.90000000,62470.00000000,1.59578000,1709336758999,99672.60907230,55,1.58269000,98854.87690320,0
1709336759000,62470.00000000,62471.10000000,62470.00000000,62471.09000000,0.37771000,1709336759999,23595.86828380,58,0.34114000,21311.30052250,0
1709336760000,62471.09000000,62484.96000000,62471.09000000,62484.95000000,1.90590000,1709336760999,119077.08341380,153,1.75625000,109726.33691090,0
1709336761000,62484.95000000,62484.96000000,62484.95000000,62484.95000000,0.29740000,1709336761999,18583.02574450,12,0.16145000,10088.19679200,0
1709336762000,62484.96000000,62484.96000000,62484.95000000,62484.95000000,0.31635000,1709336762999,19767.11633420,11,0.24017000,15007.01284320,0
1709336763000,62484.96000000,62484.96000000,62483.67000000,62483.67000000,0.44059000,1709336763999,27530.22468250,44,0.08156000,5096.27333760,0
1709336764000,62483.68000000,62483.68000000,62483.67000000,62483.68000000,0.20721000,1709336764999,12947.24332950,9,0.20688000,12926.62371840,0
1709336765000,62483.68000000,62483.68000000,62483.67000000,62483.68000000,0.66911000,1709336765999,41808.45503290,13,0.65992000,41234.23010560,0
1709336766000,62483.68000000,62483.68000000,62483.67000000,62483.67000000,0.31878000,1709336766999,19918.54744660,11,0.31240000,19519.90163200,0
1709336767000,62483.67000000,62483.68000000,62476.00000000,62476.01000000,1.50687000,1709336767999,94147.92909610,144,0.00885000,552.97381840,0
1709336768000,62476.00000000,62476.01000000,62476.00000000,62476.00000000,0.40472000,1709336768999,25285.28912570,26,0.24057000,15029.85372570,0
1709336769000,62476.01000000,62476.01000000,62471.43000000,62471.44000000,0.93795000,1709336769999,58597.62054850,47,0.32045000,20020.07089050,0
1709336770000,62471.44000000,62471.44000000,62471.43000000,62471.44000000,0.30517000,1709336770999,19064.40901770,7,0.27246000,17020.96854240,0
1709336771000,62471.44000000,62471.44000000,62471.44000000,62471.44000000,0.30288000,1709336771999,18921.34974720,5,0.30288000,18921.34974720,0
1709336772000,62471.44000000,62471.44000000,62471.43000000,62471.44000000,0.33664000,1709336772999,21030.38540860,7,0.32134000,20074.57252960,0
1709336773000,62471.44000000,62471.44000000,62471.43000000,62471.44000000,0.24104000,1709336773999,15058.11589660,6,0.24094000,15051.86875360,0
1709336774000,62471.44000000,62471.44000000,62471.43000000,62471.44000000,0.24311000,1709336774999,15187.43177060,5,0.24233000,15138.70405520,0
1709336775000,62471.44000000,62471.44000000,62471.43000000,62471.44000000,0.83859000,1709336775999,52387.92468690,19,0.82032000,51246.57166080,0
1709336776000,62471.44000000,62471.44000000,62471.43000000,62471.44000000,0.38148000,1709336776999,23831.60492790,13,0.38115000,23810.98935600,0
1709336777000,62471.44000000,62471.44000000,62471.43000000,62471.44000000,0.18239000,1709336777999,11394.16580170,7,0.16840000,10520.19049600,0
1709336778000,62471.44000000,62471.44000000,62471.44000000,62471.44000000,0.00035000,1709336778999,21.86500400,2,0.00035000,21.86500400,0
1709336779000,62471.44000000,62471.44000000,62471.43000000,62471.43000000,0.16523000,1709336779999,10322.15597850,6,0.15996000,9992.93154240,0
1709336780000,62471.44000000,62472.70000000,62471.44000000,62472.70000000,0.63351000,1709336780999,39576.42991600,26,0.62327000,38936.71577780,0
1709336781000,62472.90000000,62480.29000000,62472.89000000,62480.29000000,0.59321000,1709336781999,37060.74840870,53,0.59066000,36901.44253920,0
1709336782000,62481.02000000,62483.67000000,62481.02000000,62483.66000000,0.55183000,1709336782999,34480.17874050,50,0.24724000,15448.29192350,0
1709336783000,62483.66000000,62483.67000000,62483.66000000,62483.66000000,0.01478000,1709336783999,923.50855740,7,0.00626000,391.14777420,0
1709336784000,62483.66000000,62483.67000000,62483.66000000,62483.66000000,0.31112000,1709336784999,19439.91728960,15,0.09904000,6188.38267680,0
1709336785000,62483.67000000,62483.67000000,62483.66000000,62483.67000000,0.83312000,1709336785999,52056.39346940,13,0.66502000,41552.89022340,0
1709336786000,62483.66000000,62483.67000000,62483.66000000,62483.67000000,0.29265000,1709336786999,18285.84549780,10,0.23988000,14988.58275960,0
1709336787000,62483.67000000,62483.67000000,62481.67000000,62481.67000000,0.56376000,1709336787999,35225.50758560,78,0.23988000,14988.42363920,0
1709336788000,62481.67000000,62481.68000000,62476.91000000,62476.92000000,1.34139000,1709336788999,83808.69340110,101,0.49125000,30693.20451260,0
1709336789000,62476.91000000,62476.92000000,62476.91000000,62476.91000000,0.16207000,1709336789999,10125.63440310,5,0.15994000,9992.55858480,0
1709336790000,62476.91000000,62476.92000000,62468.00000000,62468.01000000,0.83747000,1709336790999,52319.09042630,60,0.16074000,10041.82046010,0
1709336791000,62468.00000000,62468.01000000,62468.00000000,62468.00000000,0.16001000,1709336791999,9995.50548500,9,0.08050000,5028.67480500,0
1709336792000,62468.00000000,62468.01000000,62468.00000000,62468.00000000,0.08287000,1709336792999,5176.72395980,4,0.07998000,4996.19143980,0
1709336793000,62468.01000000,62468.01000000,62468.00000000,62468.00000000,0.08817000,1709336793999,5507.80435980,4,0.07998000,4996.19143980,0
1709336794000,62468.01000000,62468.01000000,62468.00000000,62468.00000000,0.08338000,1709336794999,5208.58263980,5,0.07998000,4996.19143980,0
1709336795000,62468.01000000,62468.01000000,62468.00000000,62468.01000000,0.67630000,1709336795999,42247.11510540,15,0.67054000,41887.29942540,0
1709336796000,62468.01000000,62468.01000000,62468.00000000,62468.00000000,0.26102000,1709336796999,16305.39975940,10,0.23994000,14988.57431940,0
1709336797000,62468.01000000,62468.01000000,62468.00000000,62468.00000000,0.23538000,1709336797999,14703.71944720,5,0.16072000,10039.85856720,0
1709336798000,62468.00000000,62468.01000000,62468.00000000,62468.01000000,0.17145000,1709336798999,10710.14020520,11,0.16052000,10027.36496520,0
1709336799000,62468.01000000,62468.01000000,62468.00000000,62468.00000000,0.12084000,1709336799999,7548.63392840,5,0.08084000,5049.91392840,0
1709336800000,62468.01000000,62468.01000000,62462.46000000,62462.46000000,1.33160000,1709336800999,83182.04275740,55,0.08398000,5246.06347980,0
1709336801000,62461.58000000,62461.58000000,62458.96000000,62458.97000000,0.56511000,1709336801999,35297.37969950,19,0.13082000,8171.09269090,0
1709336802000,62458.96000000,62458.96000000,62456.70000000,62456.70000000,0.70825000,1709336802999,44236.21521280,58,0.16008000,9998.26223280,0
1709336803000,62456.70000000,62456.70000000,62452.99000000,62453.00000000,0.08265000,1709336803999,5161.74169110,13,0.08127000,5075.55531000,0
1709336804000,62453.00000000,62453.00000000,62452.99000000,62452.99000000,0.16047000,1709336804999,10021.83290530,3,0.16000000,9992.48000000,0
1709336805000,62452.99000000,62452.99000000,62450.00000000,62450.01000000,1.48885000,1709336805999,92981.14660930,21,0.66000000,41217.09460000,0
1709336806000,62450.00000000,62450.01000000,62450.00000000,62450.01000000,0.06321000,1709336806999,3947.46509680,7,0.05968000,3727.01659680,0
1709336807000,62450.00000000,62450.01000000,62450.00000000,62450.00000000,0.07400000,1709336807999,4621.30036020,6,0.03602000,2249.44936020,0
1709336808000,62450.01000000,62450.01000000,62450.00000000,62450.00000000,0.00256000,1709336808999,159.87202080,3,0.00208000,129.89602080,0
1709336809000,62450.00000000,62450.00000000,62450.00000000,62450.00000000,0.00119000,1709336809999,74.31550000,1,0.00000000,0.00000000,0
1709336810000,62450.00000000,62450.00000000,62450.00000000,62450.00000000,0.02000000,1709336810999,1249.00000000,1,0.00000000,0.00000000,0
1709336811000,62450.00000000,62450.52000000,62449.38000000,62450.52000000,4.68610000,1709336811999,292645.09387290,97,4.18065000,261079.74236690,0
1709336812000,62450.80000000,62453.00000000,62450.79000000,62453.00000000,0.33353000,1709336812999,20829.46098450,31,0.33302000,20797.61108160,0
1709336813000,62453.00000000,62459.36000000,62453.00000000,62459.36000000,0.61976000,1709336813999,38706.19034730,28,0.59914000,37418.40613450,0
1709336814000,62459.37000000,62459.37000000,62459.37000000,62459.37000000,0.24066000,1709336814999,15031.47198420,8,0.24066000,15031.47198420,0
1709336815000,62459.37000000,62461.58000000,62459.36000000,62461.58000000,0.76357000,1709336815999,47692.97096100,27,0.74208000,46350.71931460,0
1709336816000,62461.58000000,62461.58000000,62461.58000000,62461.58000000,0.16032000,1709336816999,10013.84050560,3,0.16032000,10013.84050560,0
1709336817000,62461.58000000,62465.33000000,62461.58000000,62465.33000000,0.25485000,1709336817999,15918.33682450,24,0.25485000,15918.33682450,0
1709336818000,62466.05000000,62466.05000000,62466.04000000,62466.05000000,0.25048000,1709336818999,15646.49609890,11,0.23997000,14989.97801850,0
1709336819000,62466.05000000,62468.37000000,62466.04000000,62468.36000000,0.47199000,1709336819999,29483.95896340,47,0.45238000,28258.95514300,0
1709336820000,62468.36000000,62468.37000000,62468.36000000,62468.37000000,0.11847000,1709336820999,7400.62760620,38,0.09970000,6228.09648900,0
1709336821000,62468.37000000,62468.37000000,62468.36000000,62468.37000000,0.24282000,1709336821999,15168.56957850,9,0.24033000,15013.02336210,0
1709336822000,62468.37000000,62474.07000000,62468.36000000,62474.06000000,1.27134000,1709336822999,79420.23418160,21,1.25278000,78260.81805700,0
1709336823000,62474.07000000,62474.07000000,62474.06000000,62474.06000000,0.18210000,1709336823999,11376.52792560,5,0.15996000,9993.35223720,0
1709336824000,62474.06000000,62474.07000000,62474.06000000,62474.07000000,0.12463000,1709336824999,7786.14294410,6,0.08463000,5287.18054410,0
1709336825000,62474.07000000,62474.07000000,62474.06000000,62474.07000000,0.02264000,1709336825999,1414.41294160,5,0.02232000,1394.42124240,0
1709336826000,62474.07000000,62476.92000000,62474.07000000,62476.92000000,0.75402000,1709336826999,47107.65585700,19,0.74850000,46762.78331380,0
1709336827000,62476.92000000,62476.92000000,62476.91000000,62476.92000000,0.24334000,1709336827999,15203.13371110,8,0.24317000,15192.51263640,0
1709336828000,62476.91000000,62476.92000000,62476.91000000,62476.92000000,0.17422000,1709336828999,10884.72891300,15,0.16528000,10326.18533760,0
1709336829000,62476.92000000,62476.92000000,62476.91000000,62476.92000000,0.08934000,1709336829999,5581.68803130,5,0.08919000,5572.31649480,0
1709336830000,62476.92000000,62476.92000000,62476.91000000,62476.91000000,0.32726000,1709336830999,20446.19596570,6,0.23991000,14988.83787720,0
1709336831000,62476.92000000,62476.92000000,62476.91000000,62476.92000000,0.38417000,1709336831999,24001.75771350,12,0.31988000,19985.11716960,0
1709336832000,62476.91000000,62479.98000000,62476.91000000,62479.98000000,0.74773000,1709336832999,46715.89460230,91,0.72497000,45293.92013070,0
1709336833000,62479.99000000,62480.00000000,62479.99000000,62480.00000000,0.09975000,1709336833999,6232.37982480,4,0.08223000,5137.73040000,0
1709336834000,62480.00000000,62480.00000000,62479.99000000,62480.00000000,0.16352000,1709336834999,10216.72957320,6,0.16084000,10049.28320000,0
1709336835000,62480.00000000,62480.07000000,62480.00000000,62480.06000000,0.24724000,1709336835999,15447.56498070,18,0.24413000,15253.25199410,0
1709336836000,62480.07000000,62483.68000000,62480.07000000,62483.68000000,1.68488000,1709336836999,105273.94596700,172,1.67487000,104648.50605190,0
1709336837000,62483.68000000,62486.00000000,62483.68000000,62486.00000000,0.16313000,1709336837999,10193.27636220,21,0.16313000,10193.27636220,0
1709336838000,62486.00000000,62486.00000000,62485.99000000,62486.00000000,0.42252000,1709336838999,26401.58470200,8,0.42072000,26289.10992000,0
1709336839000,62486.00000000,62486.00000000,62485.99000000,62486.00000000,0.28767000,1709336839999,17975.34715070,14,0.24074000,15042.87964000,0
1709336840000,62485.99000000,62486.61000000,62485.99000000,62486.61000000,0.24869000,1709336840999,15539.68212760,11,0.24331000,15203.50750140,0
1709336841000,62486.60000000,62489.34000000,62486.60000000,62489.34000000,0.34531000,1709336841999,21577.78006190,21,0.31468000,19663.81507190,0
1709336842000,62489.34000000,62493.38000000,62489.33000000,62493.38000000,0.64433000,1709336842999,40264.47297510,87,0.64338000,40205.10811160,0
1709336843000,62493.93000000,62497.99000000,62493.93000000,62497.98000000,0.02382000,1709336843999,1488.69753460,19,0.00130000,81.24302500,0
1709336844000,62497.99000000,62497.99000000,62497.98000000,62497.98000000,0.14221000,1709336844999,8887.83856840,7,0.08326000,5203.58264740,0
1709336845000,62497.99000000,62497.99000000,62497.98000000,62497.98000000,0.33171000,1709336845999,20731.20814380,14,0.31980000,19986.85720200,0
1709336846000,62497.99000000,62497.99000000,62497.98000000,62497.98000000,0.58148000,1709336846999,36341.33120990,8,0.57995000,36245.70930050,0
1709336847000,62497.98000000,62497.98000000,62497.98000000,62497.98000000,0.13165000,1709336847999,8227.85906700,5,0.00000000,0.00000000,0
1709336848000,62497.99000000,62497.99000000,62497.99000000,62497.99000000,0.31980000,1709336848999,19986.85720200,5,0.31980000,19986.85720200,0
1709336849000,62497.98000000,62497.99000000,62497.98000000,62497.98000000,0.17573000,1709336849999,10982.77165570,8,0.16303000,10189.04730970,0
1709336850000,62497.98000000,62497.99000000,62497.98000000,62497.99000000,0.24013000,1709336850999,15007.64233590,5,0.23985000,14990.14290150,0
1709336851000,62497.99000000,62497.99000000,62497.99000000,62497.99000000,0.24027000,1709336851999,15016.39205730,4,0.24027000,15016.39205730,0
1709336852000,62497.99000000,62500.00000000,62497.98000000,62500.00000000,0.24674000,1709336852999,15420.93329490,27,0.24120000,15074.69286810,0
1709336853000,62499.99000000,62500.00000000,62499.99000000,62500.00000000,0.24540000,1709336853999,15337.49994430,16,0.23983000,14989.37500000,0
1709336854000,62500.00000000,62500.00000000,62499.99000000,62499.99000000,0.07110000,1709336854999,4443.74984910,15,0.05601000,3500.62500000,0
1709336855000,62500.00000000,62501.28000000,62500.00000000,62501.27000000,0.48445000,1709336855999,30278.42982630,22,0.48202000,30126.55439450,0
1709336856000,62501.28000000,62504.00000000,62501.28000000,62503.99000000,0.88492000,1709336856999,55309.77149490,14,0.88470000,55296.02061710,0
1709336857000,62504.00000000,62504.00000000,62503.99000000,62503.99000000,0.24752000,1709336857999,15470.99000300,6,0.23982000,14989.70928000,0
1709336858000,62503.99000000,62504.00000000,62503.99000000,62504.00000000,0.32041000,1709336858999,20026.90663350,6,0.31976000,19986.27904000,0
1709336859000,62503.99000000,62504.00000000,62503.99000000,62504.00000000,0.39979000,1709336859999,24988.47259700,10,0.24349000,15219.09896000,0
1709336860000,62504.00000000,62504.03000000,62503.99000000,62504.02000000,0.16192000,1709336860999,10120.64873520,13,0.16022000,10014.39193000,0
1709336861000,62504.03000000,62504.03000000,62504.02000000,62504.03000000,0.24777000,1709336861999,15486.62282170,6,0.17863000,11165.09487890,0
1709336862000,62504.03000000,62504.03000000,62504.02000000,62504.03000000,0.17246000,1709336862999,10779.44499130,7,0.17021000,10638.81094630,0
1709336863000,62504.02000000,62504.02000000,62492.00000000,62492.00000000,1.21423000,1709336863999,75890.60574130,96,0.07994000,4995.61127940,0
1709336864000,62492.01000000,62492.01000000,62492.00000000,62492.00000000,0.04993000,1709336864999,3120.22588010,6,0.03201000,2000.36924010,0
1709336865000,62492.01000000,62492.01000000,62492.00000000,62492.01000000,0.28487000,1709336865999,17802.09844250,13,0.24025000,15013.70540250,0
1709336866000,62492.01000000,62492.01000000,62492.00000000,62492.01000000,0.76655000,1709336866999,47903.24920360,8,0.66036000,41267.22372360,0
1709336867000,62492.01000000,62492.01000000,62492.00000000,62492.00000000,0.25854000,1709336867999,16156.68425990,7,0.25799000,16122.31365990,0
1709336868000,62492.00000000,62492.01000000,62492.00000000,62492.01000000,0.12323000,1709336868999,7700.89021640,6,0.10564000,6601.65593640,0
1709336869000,62492.00000000,62492.01000000,62492.00000000,62492.01000000,0.06403000,1709336869999,4001.36293080,40,0.01708000,1067.36353080,0
1709336870000,62492.00000000,62492.01000000,62492.00000000,62492.00000000,0.03769000,1709336870999,2355.32348850,4,0.00085000,53.11820850,0
1709336871000,62492.00000000,62492.00000000,62492.00000000,62492.00000000,0.00000000,1709336871999,0.00000000,0,0.00000000,0.00000000,0
1709336872000,62492.00000000,62492.00000000,62492.00000000,62492.00000000,0.00048000,1709336872999,29.99616000,2,0.00000000,0.00000000,0
1709336873000,62492.00000000,62500.08000000,62492.00000000,62500.07000000,6.97150000,1709336873999,435666.23751150,118,6.94367000,433926.87798110,0
1709336874000,62500.08000000,62501.35000000,62500.07000000,62501.35000000,0.29721000,1709336874999,18575.67926680,16,0.23344000,14590.04705970,0
1709336875000,62501.35000000,62502.93000000,62501.34000000,62502.92000000,0.25896000,1709336875999,16185.50085340,10,0.25304000,15815.48596860,0
1709336876000,62502.93000000,62513.39000000,62502.93000000,62513.39000000,2.55403000,1709336876999,159642.78452310,64,2.55210000,159522.13369970,0
1709336877000,62513.38000000,62513.39000000,62513.38000000,62513.39000000,0.27715000,1709336877999,17325.58566610,15,0.23991000,14997.58739490,0
1709336878000,62513.39000000,62513.39000000,62513.38000000,62513.39000000,0.24148000,1709336878999,15095.73341090,6,0.24085000,15056.34998150,0
1709336879000,62513.38000000,62513.39000000,62513.38000000,62513.38000000,0.13583000,1709336879999,8491.19268160,41,0.02762000,1726.61983180,0
1709336880000,62513.38000000,62513.39000000,62513.38000000,62513.38000000,0.17746000,1709336880999,11093.62535270,32,0.09379000,5863.13084810,0
1709336881000,62513.38000000,62513.39000000,62513.38000000,62513.39000000,0.28193000,1709336881999,17624.39962130,6,0.23979000,14990.08578810,0
1709336882000,62513.38000000,62513.39000000,62513.38000000,62513.39000000,0.26401000,1709336882999,16504.15985170,12,0.23979000,14990.08578810,0
1709336883000,62513.38000000,62513.39000000,62503.30000000,62513.01000000,3.79092000,1709336883999,236959.25045180,85,2.17050000,135667.22579740,0
1709336884000,62513.01000000,62516.89000000,62513.00000000,62516.88000000,0.27369000,1709336884999,17109.75052960,19,0.26449000,16534.62185040,0
1709336885000,62516.89000000,62520.00000000,62516.88000000,62519.99000000,0.11580000,1709336885999,7239.50588950,12,0.10122000,6327.97438730,0
1709336886000,62520.00000000,62520.23000000,62520.00000000,62520.22000000,1.64873000,1709336886999,103078.83528480,20,0.62826000,39278.82638140,0
1709336887000,62520.23000000,62520.23000000,62520.22000000,62520.22000000,0.09444000,1709336887999,5904.41021670,8,0.06399000,4000.66951770,0
1709336888000,62520.22000000,62520.23000000,62520.22000000,62520.22000000,0.01499000,1709336888999,937.17810380,10,0.00060000,37.51213800,0
1709336889000,62520.23000000,62520.23000000,62520.22000000,62520.23000000,0.16029000,1709336889999,10021.36658870,7,0.05249000,3281.68687270,0
1709336890000,62520.22000000,62520.22000000,62520.22000000,62520.22000000,0.00891000,1709336890999,557.05516020,5,0.00000000,0.00000000,0
1709336891000,62520.22000000,62520.22000000,62520.22000000,62520.22000000,0.00308000,1709336891999,192.56227760,4,0.00000000,0.00000000,0
1709336892000,62520.22000000,62520.23000000,62520.22000000,62520.23000000,0.00138000,1709336892999,86.27791430,2,0.00107000,66.89664610,0
1709336893000,62520.22000000,62520.22000000,62520.22000000,62520.22000000,0.00994000,1709336893999,621.45098680,5,0.00000000,0.00000000,0
1709336894000,62520.22000000,62520.22000000,62510.80000000,62510.80000000,1.01528000,1709336894999,63471.40175230,64,0.02393000,1495.88368330,0
1709336895000,62510.81000000,62510.81000000,62509.56000000,62509.56000000,0.45397000,1709336895999,28378.00838470,11,0.21467000,13419.19043670,0
1709336896000,62509.57000000,62509.57000000,62509.56000000,62509.56000000,0.50940000,1709336896999,31842.37491090,4,0.50469000,31547.95488330,0
1709336897000,62509.56000000,62509.57000000,62501.10000000,62501.11000000,0.73946000,1709336897999,46220.57548800,31,0.13755000,8597.78896790,0
1709336898000,62501.10000000,62501.10000000,62494.77000000,62494.78000000,0.58501000,1709336898999,36560.82072260,39,0.03229000,2017.95681860,0
1709336899000,62494.77000000,62494.78000000,62494.77000000,62494.77000000,0.13014000,1709336899999,8133.06970150,7,0.03337000,2085.45080860,0
1709336900000,62494.78000000,62494.78000000,62494.77000000,62494.78000000,0.10313000,1709336900999,6445.08588640,6,0.02563000,1601.74121140,0
1709336901000,62494.77000000,62494.77000000,62489.93000000,62489.93000000,0.36475000,1709336901999,22794.26493230,71,0.00019000,11.87308670,0
1709336902000,62489.93000000,62489.93000000,62489.92000000,62489.93000000,0.20829000,1709336902999,13016.02750510,5,0.20683000,12924.79222190,0
1709336903000,62489.92000000,62489.93000000,62489.92000000,62489.93000000,0.00620000,1709336903999,387.43755960,6,0.00556000,347.44401080,0
1709336904000,62489.93000000,62489.93000000,62489.92000000,62489.92000000,0.02156000,1709336904999,1347.28272490,6,0.00497000,310.57495210,0
1709336905000,62489.92000000,62489.92000000,62483.55000000,62483.55000000,1.03263000,1709336905999,64525.28810230,255,0.00000000,0.00000000,0
1709336906000,62483.56000000,62483.56000000,62483.55000000,62483.56000000,0.55720000,1709336906999,34815.83960950,12,0.55495000,34675.25162200,0
1709336907000,62483.55000000,62483.56000000,62483.55000000,62483.56000000,0.02103000,1709336907999,1314.02906560,9,0.00091000,56.86003960,0
1709336908000,62483.55000000,62483.56000000,62483.55000000,62483.55000000,0.00490000,1709336908999,306.16942410,3,0.00291000,181.82715960,0
1709336909000,62483.56000000,62483.56000000,62483.55000000,62483.55000000,0.16064000,1709336909999,10037.35750170,4,0.00297000,185.57617320,0
1709336910000,62483.55000000,62483.56000000,62483.55000000,62483.55000000,0.04381000,1709336910999,2737.40440900,6,0.00835000,521.73772600,0
1709336911000,62483.55000000,62483.55000000,62482.65000000,62482.66000000,0.01869000,1709336911999,1167.80327540,31,0.00674000,421.13312840,0
1709336912000,62482.65000000,62482.66000000,62482.65000000,62482.65000000,0.01345000,1709336912999,840.39165810,8,0.00156000,97.47294960,0
1709336913000,62482.66000000,62482.66000000,62482.65000000,62482.65000000,0.00038000,1709336913999,23.74340940,2,0.00024000,14.99583840,0
1709336914000,62482.65000000,62482.65000000,62481.51000000,62481.51000000,0.11313000,1709336914999,7068.58506380,31,0.00074000,46.23632480,0
1709336915000,62481.51000000,62481.51000000,62480.07000000,62480.07000000,0.51853000,1709336915999,32398.18373910,18,0.19154000,11967.43260780,0
1709336916000,62480.07000000,62480.07000000,62480.06000000,62480.06000000,0.50085000,1709336916999,31293.14305100,6,0.50000000,31240.03500000,0
1709336917000,62480.06000000,62480.07000000,62480.06000000,62480.07000000,0.00285000,1709336917999,178.06817420,2,0.00032000,19.99362240,0
1709336918000,62480.06000000,62480.07000000,62480.06000000,62480.06000000,0.01424000,1709336918999,889.71606240,10,0.00080000,49.98405600,0
1709336919000,62480.06000000,62480.07000000,62480.06000000,62480.07000000,0.01292000,1709336919999,807.24238010,5,0.00049000,30.61523430,0
1709336920000,62480.06000000,62480.07000000,62480.06000000,62480.07000000,0.04466000,1709336920999,2790.35948910,4,0.00095000,59.35606650,0
1709336921000,62480.06000000,62480.06000000,62480.06000000,62480.06000000,0.00713000,1709336921999,445.48282780,2,0.00000000,0.00000000,0
1709336922000,62480.06000000,62480.07000000,62480.06000000,62480.06000000,0.01414000,1709336922999,883.46810240,6,0.00540000,337.39237800,0
1709336923000,62480.06000000,62480.06000000,62480.06000000,62480.06000000,0.09012000,1709336923999,5630.70300720,3,0.00000000,0.00000000,0
1709336924000,62480.06000000,62480.06000000,62480.06000000,62480.06000000,0.00251000,1709336924999,156.82495060,2,0.00000000,0.00000000,0
1709336925000,62480.06000000,62480.07000000,62480.06000000,62480.07000000,0.03530000,1709336925999,2205.54615780,5,0.00398000,248.67067860,0
1709336926000,62480.07000000,62480.07000000,62480.06000000,62480.06000000,0.50421000,1709336926999,31503.07605770,10,0.50051000,31271.89983570,0
1709336927000,62480.06000000,62480.07000000,62480.06000000,62480.07000000,0.01440000,1709336927999,899.71298800,5,0.01240000,774.75286800,0
1709336928000,62480.06000000,62480.06000000,62480.06000000,62480.06000000,0.00207000,1709336928999,129.33372420,1,0.00000000,0.00000000,0
1709336929000,62480.06000000,62480.06000000,62480.06000000,62480.06000000,0.02196000,1709336929999,1372.06211760,6,0.00000000,0.00000000,0
1709336930000,62480.06000000,62480.06000000,62480.06000000,62480.06000000,0.02098000,1709336930999,1310.83165880,3,0.00000000,0.00000000,0
1709336931000,62480.06000000,62480.06000000,62480.06000000,62480.06000000,0.00548000,1709336931999,342.39072880,2,0.00000000,0.00000000,0
1709336932000,62480.06000000,62480.06000000,62480.06000000,62480.06000000,0.00758000,1709336932999,473.59885480,2,0.00000000,0.00000000,0
1709336933000,62480.06000000,62480.06000000,62480.06000000,62480.06000000,0.12777000,1709336933999,7983.07726620,6,0.00000000,0.00000000,0
1709336934000,62480.07000000,62480.07000000,62480.06000000,62480.07000000,0.00590000,1709336934999,368.63239860,5,0.00446000,278.66111220,0
1709336935000,62480.06000000,62480.06000000,62480.06000000,62480.06000000,0.04939000,1709336935999,3085.89016340,3,0.00000000,0.00000000,0
1709336936000,62480.07000000,62480.07000000,62480.06000000,62480.06000000,0.59134000,1709336936999,36946.96368600,19,0.50056000,31275.02383920,0
1709336937000,62480.07000000,62480.07000000,62480.06000000,62480.06000000,0.06219000,1709336937999,3885.63505240,8,0.01210000,756.00884700,0
1709336938000,62480.07000000,62480.07000000,62480.06000000,62480.06000000,0.00501000,1709336938999,313.02514960,4,0.00490000,306.15234300,0
1709336939000,62480.07000000,62480.07000000,62480.00000000,62480.00000000,1.12456000,1709336939999,70262.56046730,53,0.02121000,1325.20228470,0
1709336940000,62480.00000000,62480.01000000,62467.85000000,62467.85000000,0.71995000,1709336940999,44978.91014360,166,0.03359000,2098.56676000,0
1709336941000,62467.81000000,62467.81000000,62461.22000000,62461.22000000,0.17344000,1709336941999,10833.76873670,15,0.03239000,2023.11923970,0
1709336942000,62461.22000000,62461.22000000,62461.22000000,62461.22000000,0.02153000,1709336942999,1344.79006660,3,0.00000000,0.00000000,0
1709336943000,62461.22000000,62461.22000000,62461.22000000,62461.22000000,0.00015000,1709336943999,9.36918300,1,0.00000000,0.00000000,0
1709336944000,62461.22000000,62461.22000000,62461.22000000,62461.22000000,0.00890000,1709336944999,555.90485800,2,0.00000000,0.00000000,0
1709336945000,62461.22000000,62461.23000000,62461.22000000,62461.23000000,0.00664000,1709336945999,414.74256260,3,0.00618000,386.01040140,0
1709336946000,62461.23000000,62461.23000000,62451.11000000,62451.11000000,0.82485000,1709336946999,51519.52892440,31,0.50039000,31254.97403330,0
1709336947000,62451.11000000,62451.12000000,62450.00000000,62450.00000000,0.13944000,1709336947999,8708.13535360,26,0.05778000,3608.42571360,0
1709336948000,62450.01000000,62450.01000000,62447.05000000,62447.05000000,0.05898000,1709336948999,3683.22620800,12,0.01832000,1144.07610240,0
1709336949000,62447.04000000,62447.04000000,62445.20000000,62445.20000000,0.03699000,1709336949999,2309.89241280,5,0.00000000,0.00000000,0
1709336950000,62444.85000000,62444.85000000,62441.88000000,62441.88000000,0.04585000,1709336950999,2863.02792610,6,0.01795000,1120.83423910,0
1709336951000,62441.88000000,62441.88000000,62440.00000000,62440.00000000,0.20703000,1709336951999,12927.31259780,10,0.00956000,596.94437280,0
1709336952000,62440.00000000,62440.00000000,62435.91000000,62436.21000000,0.49312000,1709336952999,30790.09542410,39,0.00846000,528.21042120,0
1709336953000,62436.21000000,62436.22000000,62436.21000000,62436.21000000,0.03774000,1709336953999,2356.34258170,7,0.00163000,101.77103860,0
1709336954000,62436.21000000,62436.22000000,62436.21000000,62436.22000000,0.07960000,1709336954999,4969.92233200,8,0.00160000,99.89795200,0
1709336955000,62436.21000000,62436.21000000,62436.21000000,62436.21000000,0.18421000,1709336955999,11501.37424410,3,0.00000000,0.00000000,0
1709336956000,62436.21000000,62436.22000000,62436.21000000,62436.21000000,0.68396000,1709336956999,42703.87551200,9,0.53204000,33218.56648880,0
1709336957000,62436.22000000,62436.22000000,62432.01000000,62432.02000000,0.55581000,1709336957999,34702.42695500,14,0.00208000,129.86469160,0
1709336958000,62432.02000000,62432.02000000,62432.01000000,62432.01000000,0.02588000,1709336958999,1615.74042360,3,0.00048000,29.96736960,0
1709336959000,62432.01000000,62432.01000000,62426.47000000,62426.48000000,0.23607000,1709336959999,14738.17485550,17,0.00147000,91.77024380,0
1709336960000,62426.48000000,62426.48000000,62426.47000000,62426.47000000,0.17207000,1709336960999,10741.72269570,5,0.00028000,17.47941440,0
1709336961000,62426.47000000,62426.47000000,62426.47000000,62426.47000000,0.00146000,1709336961999,91.14264620,2,0.00000000,0.00000000,0
1709336962000,62426.48000000,62426.48000000,62422.72000000,62422.72000000,0.25907000,1709336962999,16172.55329070,12,0.00052000,32.46176960,0
1709336963000,62422.73000000,62422.73000000,62422.72000000,62422.72000000,0.21975000,1709336963999,13717.39279930,10,0.00793000,495.01224890,0
1709336964000,62422.72000000,62422.72000000,62417.11000000,62417.11000000,0.62570000,1709336964999,39056.59897670,22,0.00000000,0.00000000,0
1709336965000,62417.11000000,62417.11000000,62417.11000000,62417.11000000,0.68615000,1709336965999,42827.50002650,7,0.00000000,0.00000000,0
1709336966000,62416.57000000,62416.57000000,62416.57000000,62416.57000000,0.50019000,1709336966999,31220.14414830,2,0.50019000,31220.14414830,0
1709336967000,62416.56000000,62416.57000000,62416.56000000,62416.57000000,0.92528000,1709336967999,57752.79982290,24,0.51861000,32369.85736770,0
1709336968000,62416.57000000,62416.57000000,62416.56000000,62416.56000000,0.02026000,1709336968999,1264.55954040,5,0.00348000,217.20966360,0
1709336969000,62416.56000000,62416.57000000,62416.56000000,62416.56000000,0.01804000,1709336969999,1125.99476950,6,0.00271000,169.14890470,0
1709336970000,62416.56000000,62418.89000000,62416.56000000,62418.89000000,1.69536000,1709336970999,105818.86554300,27,1.69409000,105739.59651180,0
1709336971000,62420.84000000,62425.82000000,62420.84000000,62425.82000000,0.07908000,1709336971999,4936.24048390,8,0.00094000,58.67604630,0
1709336972000,62426.46000000,62426.47000000,62426.46000000,62426.46000000,0.13356000,1709336972999,8337.67843000,8,0.04324000,2699.32056280,0
1709336973000,62426.47000000,62426.47000000,62426.46000000,62426.46000000,0.04175000,1709336973999,2606.30510730,6,0.04023000,2511.41688810,0
1709336974000,62426.46000000,62426.47000000,62426.46000000,62426.46000000,0.03255000,1709336974999,2031.98127630,5,0.00033000,20.60073510,0
1709336975000,62426.46000000,62426.47000000,62426.46000000,62426.46000000,0.31015000,1709336975999,19361.56658540,5,0.00164000,102.37941080,0
1709336976000,62426.46000000,62427.19000000,62426.46000000,62427.18000000,0.51228000,1709336976999,31979.89595280,17,0.50426000,31479.23202840,0
1709336977000,62427.18000000,62427.19000000,62427.18000000,62427.19000000,0.10188000,1709336977999,6360.08117370,10,0.00753000,470.07674070,0
1709336978000,62427.18000000,62427.19000000,62427.18000000,62427.18000000,0.00644000,1709336978999,402.03106600,5,0.00268000,167.30486920,0
1709336979000,62427.18000000,62427.19000000,62427.18000000,62427.19000000,0.00822000,1709336979999,513.15142410,2,0.00045000,28.09223550,0
1709336980000,62427.19000000,62427.19000000,62427.18000000,62427.19000000,0.02607000,1709336980999,1627.47682740,3,0.02448000,1528.21761120,0
1709336981000,62427.19000000,62427.19000000,62427.18000000,62427.19000000,0.12238000,1709336981999,7639.83947090,7,0.11825000,7382.01521750,0
1709336982000,62427.18000000,62427.18000000,62427.18000000,62427.18000000,0.00164000,1709336982999,102.38057520,1,0.00000000,0.00000000,0
1709336983000,62427.19000000,62427.19000000,62411.10000000,62411.10000000,2.44695000,1709336983999,152742.19175410,49,0.00990000,617.92088100,0
1709336984000,62411.10000000,62411.10000000,62410.99000000,62410.99000000,0.73805000,1709336984999,46062.44073070,16,0.02629000,1640.78519000,0
1709336985000,62410.99000000,62411.00000000,62410.99000000,62411.00000000,0.01462000,1709336985999,912.44871020,5,0.00364000,227.17604000,0
1709336986000,62411.00000000,62411.00000000,62410.99000000,62411.00000000,0.79323000,1709336986999,49506.27674350,12,0.71458000,44597.65238000,0
1709336987000,62410.99000000,62410.99000000,62410.99000000,62410.99000000,0.00044000,1709336987999,27.46083560,1,0.00000000,0.00000000,0
1709336988000,62411.00000000,62411.00000000,62410.99000000,62410.99000000,0.01533000,1709336988999,956.76059680,3,0.01201000,749.55611000,0
1709336989000,62411.00000000,62411.00000000,62410.99000000,62411.00000000,0.00613000,1709336989999,382.57937790,5,0.00092000,57.41812000,0
1709336990000,62410.99000000,62410.99000000,62410.99000000,62410.99000000,0.03041000,1709336990999,1897.91820590,2,0.00000000,0.00000000,0
1709336991000,62411.00000000,62411.00000000,62410.99000000,62410.99000000,0.00860000,1709336991999,536.73452960,9,0.00156000,97.36116000,0
1709336992000,62410.99000000,62410.99000000,62410.99000000,62410.99000000,0.00000000,1709336992999,0.00000000,0,0.00000000,0.00000000,0
1709336993000,62410.99000000,62410.99000000,62410.99000000,62410.99000000,0.01962000,1709336993999,1224.50362380,5,0.00000000,0.00000000,0
1709336994000,62410.99000000,62411.00000000,62410.99000000,62411.00000000,0.00343000,1709336994999,214.06969950,3,0.00038000,23.71618000,0
1709336995000,62410.99000000,62410.99000000,62410.99000000,62410.99000000,0.02065000,1709336995999,1288.78694350,3,0.00000000,0.00000000,0
1709336996000,62411.00000000,62411.00000000,62411.00000000,62411.00000000,0.50293000,1709336996999,31388.36423000,7,0.50293000,31388.36423000,0
1709336997000,62411.00000000,62411.00000000,62410.99000000,62410.99000000,0.01692000,1709336997999,1055.99395330,3,0.00025000,15.60275000,0
1709336998000,62410.99000000,62411.00000000,62410.99000000,62410.99000000,0.01741000,1709336998999,1086.57535870,6,0.00228000,142.29708000,0
1709336999000,62411.00000000,62411.00000000,62410.99000000,62410.99000000,0.08872000,1709336999999,5537.10362080,43,0.05880000,3669.76680000,0
1709337000000,62411.00000000,62411.00000000,62410.99000000,62410.99000000,0.05591000,1709337000999,3489.39865110,24,0.02002000,1249.46822000,0
1709337001000,62411.00000000,62411.00000000,62411.00000000,62411.00000000,0.00245000,1709337001999,152.90695000,2,0.00245000,152.90695000,0
1709337002000,62411.00000000,62421.10000000,62411.00000000,62421.09000000,5.12649000,1709337002999,319956.16143520,80,5.10526000,318631.06177690,0
1709337003000,62421.10000000,62421.10000000,62421.09000000,62421.09000000,0.08341000,1709337003999,5206.54390740,14,0.07905000,4934.38795500,0
1709337004000,62421.10000000,62421.10000000,62421.09000000,62421.10000000,0.00847000,1709337004999,528.70670220,4,0.00699000,436.32348900,0
1709337005000,62421.09000000,62421.10000000,62421.09000000,62421.09000000,0.00785000,1709337005999,490.00556100,4,0.00045000,28.08949500,0
1709337006000,62421.10000000,62421.10000000,62421.09000000,62421.09000000,0.50963000,1709337006999,31811.66509890,14,0.50022000,31224.28264200,0
1709337007000,62421.09000000,62421.09000000,62421.09000000,62421.09000000,0.00188000,1709337007999,117.35164920,3,0.00000000,0.00000000,0
1709337008000,62421.09000000,62421.10000000,62421.09000000,62421.10000000,0.02665000,1709337008999,1663.52206960,5,0.00211000,131.70852100,0
1709337009000,62421.09000000,62421.10000000,62421.09000000,62421.09000000,0.02891000,1709337009999,1804.59373290,5,0.00210000,131.08431000,0
1709337010000,62421.09000000,62421.10000000,62421.09000000,62421.09000000,0.00144000,1709337010999,89.88637770,4,0.00081000,50.56109100,0
1709337011000,62421.09000000,62421.09000000,62407.33000000,62407.33000000,4.94949000,1709337011999,308932.95961020,145,0.03373000,2105.09378920,0
1709337012000,62407.34000000,62407.34000000,62407.33000000,62407.34000000,0.02455000,1709337012999,1532.10015040,7,0.01989000,1241.28199260,0
1709337013000,62407.33000000,62407.34000000,62407.32000000,62407.32000000,0.20354000,1709337013999,12702.38792470,20,0.00091000,56.79067940,0
1709337014000,62407.32000000,62407.33000000,62407.32000000,62407.33000000,0.00749000,1709337014999,467.43083440,5,0.00076000,47.42957080,0
1709337015000,62407.32000000,62407.32000000,62398.38000000,62398.38000000,0.59865000,1709337015999,37356.16284410,81,0.00233000,145.38824870,0
1709337016000,62398.39000000,62398.39000000,62398.38000000,62398.39000000,0.55039000,1709337016999,34343.44987060,7,0.55024000,34334.09011360,0
1709337017000,62398.38000000,62398.38000000,62398.38000000,62398.38000000,0.00067000,1709337017999,41.80691460,2,0.00000000,0.00000000,0
1709337018000,62398.38000000,62398.39000000,62398.38000000,62398.38000000,0.00480000,1709337018999,299.51224340,3,0.00194000,121.05287660,0
1709337019000,62398.38000000,62398.39000000,62398.38000000,62398.38000000,0.00357000,1709337019999,222.76222170,5,0.00051000,31.82317890,0
1709337020000,62398.38000000,62398.39000000,62398.38000000,62398.39000000,0.00339000,1709337020999,211.53050990,3,0.00017000,10.60772630,0
1709337021000,62398.38000000,62398.39000000,62398.38000000,62398.38000000,0.10162000,1709337021999,6340.92338040,6,0.00048000,29.95122720,0
1709337022000,62398.39000000,62398.39000000,62398.38000000,62398.39000000,0.18476000,1709337022999,11528.72474170,6,0.00529000,330.08748310,0
1709337023000,62398.38000000,62398.38000000,62393.99000000,62393.99000000,0.52073000,1709337023999,32492.69785200,20,0.00000000,0.00000000,0
1709337024000,62393.99000000,62394.00000000,62393.99000000,62394.00000000,0.04015000,1709337024999,2505.11907670,5,0.03782000,2359.74108000,0
1709337025000,62393.99000000,62393.99000000,62390.00000000,62390.01000000,0.55628000,1709337025999,34707.30256140,50,0.03230000,2015.19732300,0
1709337026000,62390.01000000,62390.01000000,62390.00000000,62390.00000000,0.61443000,1709337026999,38334.29382980,13,0.61298000,38243.82832980,0
1709337027000,62390.01000000,62390.01000000,62390.00000000,62390.00000000,0.12316000,1709337027999,7683.95247420,9,0.00742000,462.93387420,0
1709337028000,62390.00000000,62390.00000000,62385.33000000,62385.33000000,0.18719000,1709337028999,11678.75965530,22,0.00160000,99.81812800,0
1709337029000,62385.32000000,62385.32000000,62373.45000000,62373.45000000,1.80579000,1709337029999,112650.14301190,77,0.00000000,0.00000000,0
1709337030000,62373.45000000,62373.46000000,62373.45000000,62373.46000000,0.02639000,1709337030999,1646.03539020,6,0.00447000,278.80936620,0
1709337031000,62373.46000000,62376.40000000,62373.45000000,62376.40000000,1.52850000,1709337031999,95338.15601910,36,1.52623000,95196.56364240,0
1709337032000,62376.40000000,62376.40000000,62376.39000000,62376.39000000,0.00235000,1709337032999,146.58451870,4,0.00022000,13.72280800,0
1709337033000,62376.40000000,62376.40000000,62376.39000000,62376.40000000,0.00102000,1709337033999,63.62392480,3,0.00070000,43.66348000,0
1709337034000,62376.40000000,62376.40000000,62376.39000000,62376.39000000,0.01238000,1709337034999,772.21972960,6,0.00214000,133.48549600,0
1709337035000,62376.39000000,62376.40000000,62376.39000000,62376.39000000,0.23119000,1709337035999,14420.79768240,3,0.00783000,488.40721200,0
1709337036000,62376.40000000,62376.40000000,62376.39000000,62376.40000000,0.80031000,1709337036999,49920.45668260,14,0.80017000,49911.72398800,0
1709337037000,62376.40000000,62376.40000000,62376.39000000,62376.40000000,0.00082000,1709337037999,51.14864600,3,0.00062000,38.67336800,0
1709337038000,62376.39000000,62376.40000000,62376.39000000,62376.39000000,0.04681000,1709337038999,2919.83907880,10,0.02629000,1639.87555600,0
1709337039000,62376.39000000,62376.39000000,62376.39000000,62376.39000000,0.12997000,1709337039999,8107.05940830,7,0.00000000,0.00000000,0
1709337040000,62376.39000000,62376.39000000,62376.39000000,62376.39000000,0.12498000,1709337040999,7795.80122220,3,0.00000000,0.00000000,0
1709337041000,62376.40000000,62376.40000000,62376.39000000,62376.39000000,0.16038000,1709337041999,10003.92543010,2,0.00019000,11.85151600,0
1709337042000,62376.40000000,62376.40000000,62376.39000000,62376.39000000,0.00023000,1709337042999,14.34657080,2,0.00011000,6.86140400,0
1709337043000,62376.40000000,62376.40000000,62376.39000000,62376.39000000,0.11266000,1709337043999,7027.32509740,4,0.10000000,6237.64000000,0
1709337044000,62376.39000000,62376.39000000,62376.39000000,62376.39000000,0.01374000,1709337044999,857.05159860,6,0.00000000,0.00000000,0
1709337045000,62376.39000000,62376.40000000,62373.12000000,62373.13000000,0.66060000,1709337045999,41205.64615600,48,0.01027000,640.60276360,0
1709337046000,62373.13000000,62373.13000000,62373.12000000,62373.12000000,0.60725000,1709337046999,37876.08264840,12,0.55284000,34482.36118920,0
1709337047000,62373.12000000,62373.12000000,62373.12000000,62373.12000000,0.25513000,1709337047999,15913.25410560,15,0.00000000,0.00000000,0
1709337048000,62373.12000000,62373.13000000,62373.12000000,62373.12000000,0.09029000,1709337048999,5631.66901120,10,0.00064000,39.91880320,0
1709337049000,62373.12000000,62373.13000000,62373.12000000,62373.13000000,0.05464000,1709337049999,3408.06727800,13,0.00012000,7.48477560,0
1709337050000,62373.12000000,62373.13000000,62373.12000000,62373.13000000,0.00447000,1709337050999,278.80786660,2,0.00202000,125.99372260,0
1709337051000,62373.12000000,62373.12000000,62373.12000000,62373.12000000,0.13479000,1709337051999,8407.27284480,13,0.00000000,0.00000000,0
1709337052000,62373.12000000,62373.12000000,62361.28000000,62361.29000000,0.42477000,1709337052999,26493.00961010,83,0.03809000,2375.36255130,0
1709337053000,62361.29000000,62361.29000000,62361.28000000,62361.28000000,0.09266000,1709337053999,5778.39620820,10,0.00034000,21.20283860,0
1709337054000,62361.28000000,62361.29000000,62361.28000000,62361.28000000,0.05371000,1709337054999,3349.42443770,9,0.00889000,554.39186810,0
1709337055000,62361.28000000,62361.28000000,62358.96000000,62358.96000000,1.20756000,1709337055999,75304.79724990,47,0.03229000,2013.57114130,0
1709337056000,62358.97000000,62358.97000000,62358.96000000,62358.96000000,0.98254000,1709337056999,61270.17766470,10,0.51063000,31842.36085110,0
1709337057000,62358.97000000,62358.97000000,62358.96000000,62358.96000000,0.02595000,1709337057999,1618.21501600,5,0.00040000,24.94358800,0
1709337058000,62358.97000000,62358.97000000,62358.96000000,62358.96000000,0.15219000,1709337058999,9490.41093130,9,0.08089000,5044.21708330,0
1709337059000,62358.97000000,62362.90000000,62358.97000000,62362.89000000,0.56491000,1709337059999,35227.44276130,53,0.55508000,34614.41555260,0
1709337060000,62362.89000000,62365.53000000,62362.89000000,62365.53000000,0.14264000,1709337060999,8895.44466010,46,0.12585000,7848.37107700,0
1709337061000,62365.54000000,62369.52000000,62365.54000000,62369.52000000,0.16712000,1709337061999,10422.55515230,5,0.16699000,10414.44711600,0
1709337062000,62369.51000000,62369.52000000,62369.51000000,62369.51000000,0.12772000,1709337062999,7965.83388990,9,0.00727000,453.42641040,0
1709337063000,62369.51000000,62369.52000000,62369.51000000,62369.52000000,0.07032000,1709337063999,4385.82441130,8,0.04681000,2919.51723120,0
1709337064000,62369.52000000,62373.12000000,62369.52000000,62373.12000000,0.12610000,1709337064999,7864.95254460,11,0.12206000,7612.96518020,0
1709337065000,62373.11000000,62373.12000000,62373.11000000,62373.12000000,0.02277000,1709337065999,1420.23581320,9,0.00985000,614.37523200,0
1709337066000,62373.11000000,62376.00000000,62373.11000000,62376.00000000,0.52516000,1709337066999,32756.15179540,14,0.50200000,31311.57916300,0
1709337067000,62376.00000000,62378.82000000,62376.00000000,62378.81000000,1.37382000,1709337067999,85693.90953500,23,1.35554000,84553.62519630,0
1709337068000,62378.81000000,62378.82000000,62378.81000000,62378.82000000,0.00958000,1709337068999,597.58908780,6,0.00880000,548.93361600,0
1709337069000,62378.82000000,62378.82000000,62378.81000000,62378.82000000,0.02146000,1709337069999,1338.64926920,4,0.00066000,41.17002120,0
1709337070000,62378.82000000,62378.98000000,62378.82000000,62378.97000000,0.85890000,1709337070999,53577.17140750,14,0.84130000,52479.30153550,0
1709337071000,62378.98000000,62378.98000000,62362.89000000,62362.89000000,4.45895000,1709337071999,278139.14559430,45,0.00567000,353.68881660,0
1709337072000,62362.89000000,62362.90000000,62362.89000000,62362.90000000,0.02621000,1709337072999,1634.53150720,3,0.01603000,999.67728700,0
1709337073000,62362.89000000,62362.90000000,62362.89000000,62362.89000000,0.00166000,1709337073999,103.52240750,3,0.00101000,62.98652900,0
1709337074000,62362.89000000,62362.90000000,62362.89000000,62362.90000000,0.18388000,1709337074999,11467.28828970,32,0.00765000,477.07618500,0
1709337075000,62362.89000000,62362.90000000,62362.89000000,62362.90000000,0.00136000,1709337075999,84.81353600,2,0.00056000,34.92322400,0
1709337076000,62362.89000000,62362.90000000,62362.89000000,62362.90000000,0.50216000,1709337076999,31316.15384240,2,0.50000000,31181.45000000,0
1709337077000,62362.90000000,62362.90000000,62362.89000000,62362.89000000,0.01240000,1709337077999,773.29988270,3,0.00467000,291.23474300,0
1709337078000,62362.89000000,62362.90000000,62362.89000000,62362.90000000,0.04055000,1709337078999,2528.81549500,8,0.03055000,1905.18659500,0
1709337079000,62362.90000000,62362.90000000,62362.89000000,62362.89000000,0.15078000,1709337079999,9403.07669770,8,0.01435000,894.90761500,0
1709337080000,62362.89000000,62362.89000000,62362.89000000,62362.89000000,0.08451000,1709337080999,5270.28783390,11,0.00000000,0.00000000,0
1709337081000,62362.90000000,62362.90000000,62362.89000000,62362.89000000,0.09875000,1709337081999,6158.33539540,6,0.00079000,49.26669100,0
1709337082000,62362.89000000,62362.90000000,62362.89000000,62362.89000000,0.00885000,1709337082999,551.91159700,5,0.00205000,127.84394500,0
1709337083000,62362.89000000,62362.89000000,62362.89000000,62362.89000000,0.00238000,1709337083999,148.42367820,3,0.00000000,0.00000000,0
1709337084000,62362.90000000,62362.90000000,62362.89000000,62362.90000000,0.01344000,1709337084999,838.15736820,6,0.01266000,789.51431400,0
1709337085000,62362.90000000,62362.90000000,62362.89000000,62362.89000000,0.26778000,1709337085999,16699.53484140,12,0.01572000,980.34478800,0
1709337086000,62362.90000000,62362.90000000,62362.89000000,62362.89000000,0.50336000,1709337086999,31390.98931040,7,0.50000000,31181.45000000,0
1709337087000,62362.90000000,62362.90000000,62362.89000000,62362.89000000,0.20631000,1709337087999,12866.08943860,5,0.16027000,9994.90198300,0
1709337088000,62362.89000000,62362.90000000,62362.89000000,62362.89000000,0.03584000,1709337088999,2235.08598250,3,0.00049000,30.55782100,0
1709337089000,62362.89000000,62362.90000000,62362.89000000,62362.90000000,0.10353000,1709337089999,6456.43003150,5,0.00298000,185.84144200,0
1709337090000,62362.90000000,62362.90000000,62362.89000000,62362.89000000,0.00124000,1709337090999,77.32999490,3,0.00113000,70.47007700,0
1709337091000,62362.90000000,62362.90000000,62362.89000000,62362.89000000,0.01801000,1709337091999,1123.15572900,2,0.00801000,499.52682900,0
1709337092000,62362.89000000,62362.90000000,62362.89000000,62362.89000000,0.02855000,1709337092999,1780.46065160,5,0.01421000,886.17680900,0
1709337093000,62362.90000000,62362.90000000,62362.90000000,62362.90000000,0.00793000,1709337093999,494.53779700,1,0.00793000,494.53779700,0
1709337094000,62362.89000000,62362.90000000,62362.89000000,62362.90000000,0.04571000,1709337094999,2850.60786270,2,0.01608000,1002.79543200,0
1709337095000,62362.89000000,62362.90000000,62362.89000000,62362.89000000,0.01419000,1709337095999,884.92952960,7,0.01205000,751.47294500,0
1709337096000,62362.90000000,62362.90000000,62362.89000000,62362.89000000,0.50179000,1709337096999,31293.07957310,8,0.50000000,31181.45000000,0
1709337097000,62362.89000000,62362.90000000,62362.89000000,62362.90000000,0.24994000,1709337097999,15586.98294950,8,0.22229000,13862.64904100,0
1709337098000,62362.90000000,62371.31000000,62362.89000000,62371.31000000,1.88831000,1709337098999,117762.00498350,44,1.85290000,115553.70700910,0
1709337099000,62375.90000000,62375.91000000,62375.90000000,62375.90000000,0.00678000,1709337099999,422.90861170,3,0.00097000,60.50463270,0
1709337100000,62376.61000000,62378.81000000,62376.61000000,62378.80000000,0.01823000,1709337100999,1137.12976730,9,0.01179000,735.42297540,0
1709337101000,62378.80000000,62378.80000000,62378.80000000,62378.80000000,0.00087000,1709337101999,54.26955600,1,0.00000000,0.00000000,0
1709337102000,62378.80000000,62378.80000000,62378.80000000,62378.80000000,0.00000000,1709337102999,0.00000000,0,0.00000000,0.00000000,0
1709337103000,62378.81000000,62378.81000000,62378.80000000,62378.80000000,0.08172000,1709337103999,5097.59633750,5,0.08015000,4999.66162150,0
1709337104000,62378.81000000,62378.81000000,62378.80000000,62378.81000000,0.36451000,1709337104999,22737.69988050,8,0.34925000,21785.79939250,0
1709337105000,62378.80000000,62378.80000000,62378.80000000,62378.80000000,0.01497000,1709337105999,933.81063600,1,0.00000000,0.00000000,0
1709337106000,62378.80000000,62378.81000000,62378.80000000,62378.81000000,0.66504000,1709337106999,41484.40219650,9,0.50445000,31466.99070450,0
1709337107000,62378.81000000,62378.81000000,62378.80000000,62378.80000000,0.01487000,1709337107999,927.57279740,3,0.00414000,258.24827340,0
1709337108000,62378.81000000,62378.81000000,62378.80000000,62378.80000000,0.00595000,1709337108999,371.15386270,4,0.00027000,16.84227870,0
1709337109000,62378.80000000,62378.80000000,62378.80000000,62378.80000000,0.00389000,1709337109999,242.65353200,1,0.00000000,0.00000000,0
1709337110000,62378.80000000,62378.80000000,62378.80000000,62378.80000000,0.00310000,1709337110999,193.37428000,3,0.00000000,0.00000000,0
1709337111000,62378.81000000,62378.81000000,62378.81000000,62378.81000000,0.01154000,1709337111999,719.85146740,1,0.01154000,719.85146740,0
1709337112000,62378.80000000,62378.81000000,62378.80000000,62378.80000000,0.06322000,1709337112999,3943.58834690,12,0.06109000,3810.72150290,0
1709337113000,62378.81000000,62378.81000000,62378.80000000,62378.80000000,0.00460000,1709337113999,286.94249600,4,0.00160000,99.80609600,0
1709337114000,62378.80000000,62378.81000000,62378.80000000,62378.80000000,0.08519000,1709337114999,5314.05012240,7,0.01504000,938.17730240,0
1709337115000,62378.80000000,62378.81000000,62378.80000000,62378.81000000,0.05041000,1709337115999,3144.51535660,5,0.00486000,303.16101660,0
1709337116000,62378.81000000,62378.81000000,62378.80000000,62378.80000000,0.50139000,1709337116999,31276.11153630,8,0.50043000,31216.22788830,0
1709337117000,62378.81000000,62378.81000000,62378.81000000,62378.81000000,0.01823000,1709337117999,1137.16570630,2,0.01823000,1137.16570630,0
1709337118000,62378.81000000,62381.10000000,62378.81000000,62381.09000000,0.29516000,1709337118999,18411.82498900,14,0.26024000,16233.47732620,0
1709337119000,62381.10000000,62381.10000000,62381.09000000,62381.10000000,0.03819000,1709337119999,2382.33397490,35,0.01478000,921.99265800,0
1709337120000,62381.09000000,62382.49000000,62381.09000000,62382.49000000,0.04798000,1709337120999,2993.07505560,31,0.03643000,2272.57074170,0
1709337121000,62382.49000000,62382.49000000,62382.48000000,62382.48000000,0.00675000,1709337121999,421.08174210,5,0.00021000,13.10032290,0
1709337122000,62382.49000000,62382.49000000,62382.48000000,62382.49000000,0.03370000,1709337122999,2102.28964670,5,0.00707000,441.04420430,0
1709337123000,62382.49000000,62382.49000000,62382.48000000,62382.49000000,0.07053000,1709337123999,4399.83695580,3,0.06414000,4001.21290860,0
1709337124000,62382.48000000,62382.48000000,62382.48000000,62382.48000000,0.03114000,1709337124999,1942.59042720,2,0.00000000,0.00000000,0
1709337125000,62382.48000000,62382.49000000,62382.48000000,62382.48000000,0.36395000,1709337125999,22704.10361360,17,0.00176000,109.79318240,0
1709337126000,62382.49000000,62382.49000000,62382.48000000,62382.48000000,0.54741000,1709337126999,34148.79855250,8,0.51757000,32287.30534930,0
1709337127000,62382.48000000,62382.48000000,62382.48000000,62382.48000000,0.00040000,1709337127999,24.95299200,1,0.00000000,0.00000000,0
1709337128000,62382.48000000,62382.49000000,62382.48000000,62382.48000000,0.10106000,1709337128999,6304.37343410,5,0.00053000,33.06271970,0
1709337129000,62382.49000000,62386.31000000,62382.49000000,62386.31000000,0.00799000,1709337129999,498.43924580,15,0.00799000,498.43924580,0
1709337130000,62388.00000000,62389.14000000,62388.00000000,62389.14000000,0.02921000,1709337130999,1822.38629320,8,0.00033000,20.58804000,0
1709337131000,62389.15000000,62389.15000000,62389.14000000,62389.15000000,0.01379000,1709337131999,860.34633850,4,0.00979000,610.78977850,0
1709337132000,62389.15000000,62389.15000000,62389.14000000,62389.14000000,0.00674000,1709337132999,420.50282820,4,0.00246000,153.47730900,0
1709337133000,62389.15000000,62389.15000000,62389.14000000,62389.15000000,0.49231000,1709337133999,30714.80241530,8,0.49019000,30582.53743850,0
1709337134000,62389.15000000,62389.15000000,62389.14000000,62389.14000000,0.03803000,1709337134999,2372.65932030,2,0.03261000,2034.51018150,0
1709337135000,62389.14000000,62389.15000000,62389.14000000,62389.15000000,0.01064000,1709337135999,663.82045340,3,0.00038000,23.70787700,0
1709337136000,62389.15000000,62389.15000000,62389.14000000,62389.14000000,0.06999000,1709337136999,4366.61659690,9,0.06883000,4294.24519450,0
1709337137000,62389.15000000,62389.15000000,62389.14000000,62389.14000000,0.02734000,1709337137999,1705.71931430,2,0.02267000,1414.36203050,0
1709337138000,62389.14000000,62389.15000000,62389.14000000,62389.14000000,0.05949000,1709337138999,3711.53000480,6,0.00662000,413.01617300,0
1709337139000,62389.14000000,62389.15000000,62389.14000000,62389.14000000,0.22427000,1709337139999,13992.01446930,12,0.20415000,12736.74497250,0
1709337140000,62389.15000000,62389.15000000,62389.14000000,62389.15000000,0.01646000,1709337140999,1026.92539550,4,0.01511000,942.70005650,0
1709337141000,62389.15000000,62389.15000000,62389.14000000,62389.15000000,0.51995000,1709337141999,32439.23336230,15,0.00193000,120.41105950,0
1709337142000,62389.14000000,62389.15000000,62389.14000000,62389.15000000,0.43289000,1709337142999,27007.63484100,28,0.00264000,164.70735600,0
1709337143000,62389.14000000,62389.15000000,62389.14000000,62389.15000000,0.02987000,1709337143999,1863.56368270,6,0.00709000,442.33907350,0
1709337144000,62389.14000000,62389.14000000,62389.14000000,62389.14000000,0.04220000,1709337144999,2632.82170800,7,0.00000000,0.00000000,0
1709337145000,62389.15000000,62389.15000000,62389.14000000,62389.14000000,0.02673000,1709337145999,1667.66171590,5,0.00037000,23.08398550,0
1709337146000,62389.15000000,62389.15000000,62389.14000000,62389.14000000,0.01184000,1709337146999,738.68741950,3,0.00019000,11.85393850,0
1709337147000,62389.15000000,62389.15000000,62389.14000000,62389.14000000,0.00112000,1709337147999,69.87584160,2,0.00048000,29.94679200,0
1709337148000,62389.15000000,62389.15000000,62389.14000000,62389.15000000,0.01047000,1709337148999,653.21436990,4,0.00741000,462.30360150,0
1709337149000,62389.14000000,62389.15000000,62389.14000000,62389.15000000,0.08926000,1709337149999,5568.85547150,9,0.08351000,5210.11791650,0
1709337150000,62389.14000000,62389.14000000,62389.14000000,62389.14000000,0.00159000,1709337150999,99.19873260,3,0.00000000,0.00000000,0
1709337151000,62389.14000000,62389.15000000,62389.14000000,62389.14000000,0.00605000,1709337151999,377.45432640,5,0.00294000,183.42410100,0
1709337152000,62389.14000000,62389.14000000,62389.14000000,62389.14000000,0.00593000,1709337152999,369.96760020,1,0.00000000,0.00000000,0
1709337153000,62389.15000000,62389.15000000,62389.14000000,62389.14000000,0.01269000,1709337153999,791.71821840,5,0.00318000,198.39749700,0
1709337154000,62389.15000000,62389.15000000,62389.14000000,62389.14000000,0.05899000,1709337154999,3680.33548750,4,0.01189000,741.80699350,0
1709337155000,62389.14000000,62389.14000000,62383.35000000,62383.36000000,3.53560000,1709337155999,220579.62538780,58,0.00435000,271.36801100,0
1709337156000,62383.35000000,62383.36000000,62383.35000000,62383.36000000,0.06701000,1709337156999,4180.30894040,7,0.06569000,4097.96291840,0
1709337157000,62383.36000000,62383.36000000,62383.35000000,62383.36000000,0.01135000,1709337157999,708.05113170,5,0.01092000,681.22629120,0
1709337158000,62383.36000000,62383.36000000,62383.35000000,62383.35000000,0.00509000,1709337158999,317.53127520,3,0.00237000,147.84856320,0
1709337159000,62383.36000000,62383.36000000,62383.36000000,62383.36000000,0.04358000,1709337159999,2718.66682880,4,0.04358000,2718.66682880,0
1709337160000,62383.35000000,62383.35000000,62383.35000000,62383.35000000,0.03600000,1709337160999,2245.80060000,2,0.00000000,0.00000000,0
1709337161000,62383.35000000,62383.36000000,62383.35000000,62383.35000000,0.00200000,1709337161999,124.76670540,4,0.00054000,33.68701440,0
1709337162000,62383.35000000,62383.35000000,62383.35000000,62383.35000000,0.00055000,1709337162999,34.31084250,1,0.00000000,0.00000000,0
1709337163000,62383.36000000,62383.36000000,62383.35000000,62383.35000000,0.03222000,1709337163999,2009.99178760,7,0.02506000,1563.32700160,0
1709337164000,62383.35000000,62383.35000000,62383.35000000,62383.35000000,0.01058000,1709337164999,660.01584300,2,0.00000000,0.00000000,0
1709337165000,62383.35000000,62383.35000000,62383.35000000,62383.35000000,0.02750000,1709337165999,1715.54212500,3,0.00000000,0.00000000,0
1709337166000,62383.36000000,62383.36000000,62383.35000000,62383.35000000,0.17557000,1709337166999,10952.64541720,8,0.06577000,4102.95358720,0
1709337167000,62383.36000000,62383.36000000,62383.35000000,62383.36000000,0.13210000,1709337167999,8240.84101130,9,0.04763000,2971.31943680,0
1709337168000,62383.35000000,62383.36000000,62383.35000000,62383.35000000,0.01488000,1709337168999,928.26427780,4,0.00298000,185.90241280,0
1709337169000,62383.35000000,62383.36000000,62383.35000000,62383.36000000,0.00613000,1709337169999,382.40993650,3,0.00010000,6.23833600,0
1709337170000,62383.35000000,62383.36000000,62383.35000000,62383.36000000,0.09109000,1709337170999,5682.49937480,4,0.00233000,145.35322880,0
1709337171000,62383.36000000,62383.36000000,62383.36000000,62383.36000000,0.00010000,1709337171999,6.23833600,1,0.00010000,6.23833600,0
1709337172000,62383.35000000,62383.35000000,62383.35000000,62383.35000000,0.00073000,1709337172999,45.53984550,1,0.00000000,0.00000000,0
1709337173000,62383.36000000,62383.36000000,62383.35000000,62383.35000000,0.38751000,1709337173999,24174.17202850,10,0.00700000,436.68352000,0
1709337174000,62383.35000000,62383.35000000,62383.35000000,62383.35000000,0.02168000,1709337174999,1352.47102800,2,0.00000000,0.00000000,0
1709337175000,62383.35000000,62383.36000000,62383.35000000,62383.35000000,0.04825000,1709337175999,3009.99668180,5,0.00443000,276.35828480,0
1709337176000,62383.35000000,62383.36000000,62383.35000000,62383.36000000,0.00229000,1709337176999,142.85788740,2,0.00159000,99.18954240,0
1709337177000,62383.35000000,62383.36000000,62383.35000000,62383.36000000,0.00757000,1709337177999,472.24202500,2,0.00655000,408.61100800,0
1709337178000,62383.35000000,62383.35000000,62367.03000000,62367.03000000,18.04533000,1709337178999,1125602.87944220,171,0.00000000,0.00000000,0
1709337179000,62367.03000000,62367.04000000,62367.03000000,62367.04000000,0.03350000,1709337179999,2089.29567630,31,0.01713000,1068.34739520,0
1709337180000,62367.03000000,62367.04000000,62367.03000000,62367.04000000,0.07712000,1709337180999,4809.74564340,42,0.02898000,1807.39681920,0
1709337181000,62367.03000000,62367.04000000,62367.03000000,62367.04000000,0.02653000,1709337181999,1654.59747970,4,0.01738000,1083.93915520,0
1709337182000,62367.04000000,62367.04000000,62367.04000000,62367.04000000,0.00021000,1709337182999,13.09707840,1,0.00021000,13.09707840,0
1709337183000,62367.04000000,62375.91000000,62367.03000000,62375.91000000,0.90727000,1709337183999,56583.99661650,25,0.75431000,47044.08708160,0
1709337184000,62375.90000000,62375.91000000,62375.90000000,62375.91000000,0.00302000,1709337184999,188.37521950,2,0.00015000,9.35638650,0
1709337185000,62375.91000000,62375.91000000,62375.90000000,62375.90000000,0.01393000,1709337185999,868.89628850,4,0.00015000,9.35638650,0
1709337186000,62375.91000000,62375.91000000,62375.90000000,62375.90000000,0.02760000,1709337186999,1721.57486080,4,0.00208000,129.74189280,0
1709337187000,62375.90000000,62375.91000000,62375.90000000,62375.90000000,0.06646000,1709337187999,4145.50233000,3,0.00160000,99.80145600,0
1709337188000,62375.90000000,62375.91000000,62375.90000000,62375.91000000,0.00591000,1709337188999,368.64161480,3,0.00458000,285.68166780,0
1709337189000,62375.91000000,62375.91000000,62375.90000000,62375.91000000,0.03376000,1709337189999,2105.81040100,4,0.00170000,106.03904700,0
1709337190000,62375.91000000,62375.91000000,62375.90000000,62375.90000000,0.00355000,1709337190999,221.43446410,7,0.00191000,119.13798810,0
1709337191000,62375.90000000,62375.91000000,62375.90000000,62375.90000000,1.54420000,1709337191999,96320.86482280,11,0.00428000,266.96889480,0
1709337192000,62375.91000000,62375.91000000,62375.91000000,62375.91000000,0.01989000,1709337192999,1240.65684990,5,0.01989000,1240.65684990,0
1709337193000,62375.91000000,62375.91000000,62375.90000000,62375.91000000,0.03785000,1709337193999,2360.92819220,4,0.03772000,2352.81932520,0
1709337194000,62375.90000000,62375.90000000,62375.90000000,62375.90000000,0.00240000,1709337194999,149.70216000,1,0.00000000,0.00000000,0
1709337195000,62375.90000000,62375.91000000,62375.90000000,62375.91000000,0.05659000,1709337195999,3529.85273820,9,0.05572000,3475.58570520,0
1709337196000,62375.91000000,62375.91000000,62375.91000000,62375.91000000,0.00070000,1709337196999,43.66313700,2,0.00070000,43.66313700,0
1709337197000,62375.91000000,62375.91000000,62375.90000000,62375.91000000,0.00227000,1709337197999,141.59330680,4,0.00138000,86.07875580,0
1709337198000,62375.91000000,62375.91000000,62375.90000000,62375.91000000,0.00209000,1709337198999,130.36564490,3,0.00139000,86.70251490,0
1709337199000,62375.91000000,62375.91000000,62375.90000000,62375.90000000,0.00913000,1709337199999,569.49200230,5,0.00353000,220.18696230,0
1709337200000,62375.90000000,62375.91000000,62375.90000000,62375.90000000,0.00622000,1709337200999,387.97814060,4,0.00426000,265.72137660,0
1709337201000,62375.90000000,62389.20000000,62375.90000000,62389.20000000,4.27766000,1709337201999,266854.94974900,51,4.24490000,264811.44694660,0
1709337202000,62391.09000000,62393.40000000,62391.09000000,62393.40000000,0.19723000,1709337202999,12305.39528720,9,0.03410000,2127.53677550,0
1709337203000,62393.41000000,62398.38000000,62393.41000000,62398.37000000,0.07570000,1709337203999,4723.36684270,6,0.03859000,2407.76333200,0
1709337204000,62398.38000000,62398.38000000,62398.37000000,62398.37000000,0.05183000,1709337204999,3234.10787030,12,0.03532000,2203.91078160,0
1709337205000,62398.38000000,62409.99000000,62398.38000000,62409.99000000,0.23401000,1709337205999,14602.75880560,21,0.16899000,10544.98517260,0
1709337206000,62410.00000000,62410.00000000,62409.99000000,62410.00000000,0.03890000,1709337206999,2427.74868550,7,0.00745000,464.95450000,0
1709337207000,62409.99000000,62410.00000000,62409.99000000,62410.00000000,0.23282000,1709337207999,14530.29389720,5,0.00254000,158.52140000,0
1709337208000,62409.99000000,62410.00000000,62409.99000000,62410.00000000,0.11957000,1709337208999,7462.36369480,11,0.11905000,7429.91050000,0
1709337209000,62409.99000000,62409.99000000,62409.99000000,62409.99000000,0.00038000,1709337209999,23.71579620,1,0.00000000,0.00000000,0
1709337210000,62409.99000000,62409.99000000,62409.99000000,62409.99000000,0.00677000,1709337210999,422.51563230,4,0.00000000,0.00000000,0
1709337211000,62410.00000000,62410.00000000,62409.99000000,62410.00000000,0.52472000,1709337211999,32747.77498100,9,0.50282000,31380.99620000,0
1709337212000,62409.99000000,62410.00000000,62409.99000000,62409.99000000,0.02967000,1709337212999,1851.70444910,6,0.00458000,285.83780000,0
1709337213000,62410.00000000,62410.00000000,62409.99000000,62409.99000000,0.02083000,1709337213999,1300.00027260,5,0.01809000,1128.99690000,0
1709337214000,62409.99000000,62410.00000000,62409.99000000,62410.00000000,0.00167000,1709337214999,104.22468730,3,0.00040000,24.96400000,0
1709337215000,62410.00000000,62416.00000000,62410.00000000,62416.00000000,0.18942000,1709337215999,11821.79683420,11,0.18942000,11821.79683420,0
1709337216000,62415.99000000,62419.98000000,62415.99000000,62419.98000000,0.05094000,1709337216999,3179.51737590,4,0.00027000,16.85232000,0
1709337217000,62419.98000000,62419.99000000,62419.98000000,62419.99000000,0.01309000,1709337217999,817.07766490,4,0.01267000,790.86127330,0
1709337218000,62419.98000000,62419.98000000,62419.98000000,62419.98000000,0.00012000,1709337218999,7.49039760,1,0.00000000,0.00000000,0
1709337219000,62419.98000000,62419.99000000,62419.98000000,62419.99000000,0.00350000,1709337219999,218.46993160,3,0.00016000,9.98719840,0
1709337220000,62419.98000000,62419.99000000,62419.98000000,62419.99000000,0.00378000,1709337220999,235.94754040,3,0.00160000,99.87198400,0
1709337221000,62419.99000000,62419.99000000,62419.98000000,62419.99000000,0.73080000,1709337221999,45616.52869030,15,0.73063000,45605.91729370,0
1709337222000,62419.99000000,62419.99000000,62419.99000000,62419.99000000,0.01015000,1709337222999,633.56289850,3,0.01015000,633.56289850,0
1709337223000,62419.98000000,62419.99000000,62419.98000000,62419.99000000,1.27393000,1709337223999,79518.68538370,21,0.02623000,1637.27633770,0
1709337224000,62419.98000000,62419.99000000,62419.98000000,62419.99000000,0.02176000,1709337224999,1358.25896800,2,0.02032000,1268.37419680,0
1709337225000,62419.99000000,62419.99000000,62419.98000000,62419.98000000,0.00276000,1709337225999,172.27916820,2,0.00234000,146.06277660,0
1709337226000,62419.98000000,62419.99000000,62419.98000000,62419.98000000,0.00385000,1709337226999,240.31694950,5,0.00265000,165.41297350,0
1709337227000,62419.98000000,62419.98000000,62419.98000000,62419.98000000,0.03758000,1709337227999,2345.74284840,2,0.00000000,0.00000000,0
1709337228000,62419.99000000,62419.99000000,62419.98000000,62419.98000000,0.96634000,1709337228999,60318.93117720,21,0.77040000,48088.36029600,0
1709337229000,62419.99000000,62424.55000000,62419.99000000,62424.55000000,0.90274000,1709337229999,56349.16025940,36,0.88836000,55451.49523040,0
1709337230000,62424.55000000,62429.99000000,62424.55000000,62429.99000000,0.54620000,1709337230999,34096.77900500,14,0.44431000,27736.25456550,0
1709337231000,62430.00000000,62431.26000000,62430.00000000,62431.26000000,0.56621000,1709337231999,35349.07097180,14,0.56581000,35324.09853580,0
1709337232000,62431.26000000,62435.68000000,62431.26000000,62435.67000000,0.22504000,1709337232999,14050.10067180,5,0.21620000,13498.16934900,0
1709337233000,62435.67000000,62435.67000000,62435.67000000,62435.67000000,0.00396000,1709337233999,247.24525320,2,0.00000000,0.00000000,0
1709337234000,62435.68000000,62435.68000000,62435.67000000,62435.68000000,0.00234000,1709337234999,146.09947270,3,0.00049000,30.59348320,0
1709337235000,62435.67000000,62435.68000000,62435.67000000,62435.68000000,0.00279000,1709337235999,174.19554270,3,0.00234000,146.09949120,0
1709337236000,62435.67000000,62435.67000000,62435.67000000,62435.67000000,0.00015000,1709337236999,9.36535050,1,0.00000000,0.00000000,0
1709337237000,62435.67000000,62435.68000000,62433.99000000,62433.99000000,0.86112000,1709337237999,53764.60074020,27,0.00014000,8.74099520,0
1709337238000,62433.99000000,62434.00000000,62433.99000000,62433.99000000,0.09942000,1709337238999,6207.18805860,10,0.07728000,4824.89952000,0
1709337239000,62434.00000000,62434.00000000,62433.99000000,62433.99000000,0.03168000,1709337239999,1977.90894330,31,0.01401000,874.70034000,0
1709337240000,62433.99000000,62434.00000000,62424.68000000,62424.68000000,0.89087000,1709337240999,55617.15591800,46,0.24519000,15306.05571900,0
1709337241000,62424.68000000,62429.56000000,62424.67000000,62429.56000000,0.58412000,1709337241999,36464.84358500,29,0.58304000,36397.42337900,0
1709337242000,62429.56000000,62429.56000000,62429.56000000,62429.56000000,0.00000000,1709337242999,0.00000000,0,0.00000000,0.00000000,0
1709337243000,62429.56000000,62429.56000000,62429.56000000,62429.56000000,0.02237000,1709337243999,1396.54925720,4,0.02237000,1396.54925720,0
1709337244000,62429.56000000,62429.56000000,62429.56000000,62429.56000000,0.79159000,1709337244999,49418.61540040,13,0.79159000,49418.61540040,0
1709337245000,62429.56000000,62429.56000000,62429.55000000,62429.55000000,0.47877000,1709337245999,29889.39772070,9,0.20672000,12905.43864320,0
1709337246000,62429.56000000,62429.56000000,62429.55000000,62429.55000000,0.04439000,1709337246999,2771.24812540,5,0.04009000,2502.80106040,0
1709337247000,62429.55000000,62429.56000000,62429.55000000,62429.56000000,0.04672000,1709337247999,2916.70903030,5,0.04543000,2836.17491080,0
1709337248000,62429.56000000,62429.56000000,62429.55000000,62429.56000000,0.00185000,1709337248999,115.49467760,5,0.00101000,63.05385560,0
1709337249000,62429.56000000,62429.56000000,62429.56000000,62429.56000000,0.12957000,1709337249999,8088.99808920,2,0.12957000,8088.99808920,0
1709337250000,62429.55000000,62429.56000000,62429.55000000,62429.56000000,0.04058000,1709337250999,2533.39148300,10,0.03440000,2147.57686400,0
1709337251000,62429.56000000,62429.56000000,62429.55000000,62429.56000000,0.56778000,1709337251999,35446.25553780,17,0.56388000,35202.78029280,0
1709337252000,62429.56000000,62432.00000000,62429.55000000,62430.53000000,0.32632000,1709337252999,20372.13542020,21,0.31564000,19705.38761060,0
1709337253000,62430.53000000,62430.53000000,62430.53000000,62430.53000000,0.00139000,1709337253999,86.77843670,4,0.00000000,0.00000000,0
1709337254000,62430.54000000,62430.54000000,62430.53000000,62430.53000000,0.00262000,1709337254999,163.56799790,3,0.00093000,58.06040220,0
1709337255000,62430.53000000,62457.90000000,62430.53000000,62457.90000000,6.32908000,1709337255999,395219.16105140,331,6.32678000,395075.57083240,0
1709337256000,62457.95000000,62457.96000000,62457.95000000,62457.96000000,0.21868000,1709337256999,13658.30613640,11,0.16304000,10183.14579840,0
1709337257000,62457.96000000,62458.56000000,62457.95000000,62458.56000000,0.28637000,1709337257999,17886.14139850,22,0.28605000,17866.15485450,0
1709337258000,62458.62000000,62471.08000000,62458.62000000,62471.08000000,0.55000000,1709337258999,34356.74342620,127,0.46751000,29203.50821090,0
1709337259000,62471.10000000,62473.56000000,62471.10000000,62473.56000000,0.63386000,1709337259999,39598.25329030,25,0.63163000,39458.93867870,0
1709337260000,62473.56000000,62473.56000000,62473.56000000,62473.56000000,0.00180000,1709337260999,112.45240800,1,0.00180000,112.45240800,0
1709337261000,62473.56000000,62478.00000000,62473.55000000,62477.31000000,0.78019000,1709337261999,48742.19106340,31,0.77534000,48439.19370670,0
1709337262000,62478.04000000,62478.05000000,62478.04000000,62478.05000000,0.28724000,1709337262999,17946.19460330,5,0.23937000,14955.37082850,0
1709337263000,62478.05000000,62480.00000000,62478.04000000,62479.99000000,0.53302000,1709337263999,33302.33858180,32,0.48734000,30448.25423760,0
1709337264000,62480.06000000,62483.55000000,62480.06000000,62483.54000000,0.06395000,1709337264999,3995.63751700,15,0.06338000,3960.02189920,0
1709337265000,62483.55000000,62486.57000000,62483.55000000,62486.57000000,0.28949000,1709337265999,18089.11689080,31,0.28862000,18034.75358360,0
1709337266000,62486.56000000,62486.57000000,62486.56000000,62486.56000000,0.00880000,1709337266999,549.88177390,7,0.00459000,286.81335630,0
1709337267000,62486.57000000,62488.00000000,62486.56000000,62488.00000000,0.25491000,1709337267999,15928.45726410,18,0.24461000,15284.84555310,0
1709337268000,62487.99000000,62488.00000000,62487.99000000,62488.00000000,0.00513000,1709337268999,320.56342630,4,0.00376000,234.95488000,0
1709337269000,62487.99000000,62500.00000000,62487.99000000,62500.00000000,0.75236000,1709337269999,47013.78147880,42,0.75093000,46924.42089310,0
1709337270000,62500.00000000,62500.00000000,62499.99000000,62500.00000000,0.29669000,1709337270999,18543.12483590,20,0.28028000,17517.50000000,0
1709337271000,62499.99000000,62499.99000000,62495.54000000,62495.55000000,1.06328000,1709337271999,66452.58147700,39,0.53671000,33541.98664050,0
1709337272000,62495.54000000,62495.55000000,62495.54000000,62495.54000000,0.15949000,1709337272999,9967.41369870,11,0.00241000,150.61427550,0
1709337273000,62495.54000000,62495.54000000,62488.00000000,62488.00000000,0.67338000,1709337273999,42081.96868210,29,0.00470000,293.69360000,0
1709337274000,62487.99000000,62488.00000000,62487.99000000,62488.00000000,0.08921000,1709337274999,5574.55390820,10,0.03203000,2001.49064000,0
1709337275000,62487.99000000,62488.00000000,62483.54000000,62483.54000000,0.25823000,1709337275999,16136.23152950,16,0.00887000,554.26856000,0
1709337276000,62483.54000000,62483.55000000,62483.54000000,62483.54000000,0.05539000,1709337276999,3460.96358360,8,0.03030000,1893.25156500,0
1709337277000,62483.54000000,62483.55000000,62483.54000000,62483.55000000,0.34229000,1709337277999,21387.49431510,9,0.34085000,21297.51801750,0
1709337278000,62483.54000000,62483.54000000,62483.54000000,62483.54000000,0.10000000,1709337278999,6248.35400000,4,0.00000000,0.00000000,0
1709337279000,62483.55000000,62483.55000000,62483.54000000,62483.54000000,0.02109000,1709337279999,1317.77790710,7,0.00485000,303.04521750,0
1709337280000,62483.55000000,62483.55000000,62481.10000000,62481.11000000,0.48010000,1709337280999,29997.55946780,16,0.30921000,19319.78548710,0
1709337281000,62481.10000000,62481.11000000,62481.10000000,62481.11000000,0.53443000,1709337281999,33391.77929720,5,0.50242000,31391.75928620,0
1709337282000,62481.10000000,62481.10000000,62481.10000000,62481.10000000,0.00079000,1709337282999,49.36006900,3,0.00000000,0.00000000,0
1709337283000,62481.10000000,62481.10000000,62481.10000000,62481.10000000,0.14003000,1709337283999,8749.22843300,9,0.00000000,0.00000000,0
1709337284000,62481.10000000,62481.10000000,62481.10000000,62481.10000000,0.02583000,1709337284999,1613.88681300,3,0.00000000,0.00000000,0
1709337285000,62481.10000000,62481.11000000,62481.10000000,62481.11000000,0.02242000,1709337285999,1400.82626300,3,0.00010000,6.24811100,0
1709337286000,62481.10000000,62481.10000000,62465.97000000,62465.98000000,2.84469000,1709337286999,177732.76398170,118,0.00722000,451.00447220,0
1709337287000,62465.97000000,62465.98000000,62465.97000000,62465.98000000,0.29008000,1709337287999,18120.13133110,7,0.27535000,17200.00759300,0
1709337288000,62465.97000000,62465.97000000,62465.97000000,62465.97000000,0.01824000,1709337288999,1139.37929280,3,0.00000000,0.00000000,0
1709337289000,62465.97000000,62465.98000000,62465.97000000,62465.98000000,0.00651000,1709337289999,406.65352030,3,0.00556000,347.31084880,0
1709337290000,62465.97000000,62465.98000000,62465.97000000,62465.98000000,0.42045000,1709337290999,26263.82043100,10,0.33445000,20891.74701100,0
1709337291000,62465.98000000,62465.98000000,62465.97000000,62465.98000000,0.87294000,1709337291999,54529.05222740,9,0.83756000,52319.00620880,0
1709337292000,62465.98000000,62465.98000000,62465.97000000,62465.97000000,0.09199000,1709337292999,5746.24495940,5,0.03791000,2368.08530180,0
1709337293000,62465.97000000,62465.98000000,62465.97000000,62465.98000000,0.02570000,1709337293999,1605.37550110,4,0.00721000,450.37971580,0
1709337294000,62465.98000000,62465.98000000,62465.98000000,62465.98000000,0.00099000,1709337294999,61.84132020,1,0.00099000,61.84132020,0
1709337295000,62465.98000000,62465.98000000,62465.97000000,62465.97000000,0.00298000,1709337295999,186.14860660,2,0.00160000,99.94556800,0
1709337296000,62465.98000000,62465.98000000,62464.40000000,62464.40000000,2.44880000,1709337296999,152966.06272620,53,0.00957000,597.79942860,0
1709337297000,62464.40000000,62464.40000000,62460.78000000,62460.79000000,1.90126000,1709337297999,118756.73080510,56,0.33021000,20625.17940270,0
1709337298000,62460.78000000,62460.79000000,62460.78000000,62460.78000000,0.03929000,1709337298999,2454.08436640,4,0.03202000,1999.99449580,0
1709337299000,62460.78000000,62460.79000000,62460.78000000,62460.78000000,0.03044000,1709337299999,1901.30630900,33,0.01658000,1035.59989820,0
1709337300000,62460.78000000,62460.79000000,62460.78000000,62460.79000000,0.37565000,1709337300999,23463.39549460,29,0.34876000,21783.82512040,0
1709337301000,62460.79000000,62460.79000000,62460.79000000,62460.79000000,0.50820000,1709337301999,31742.57347800,3,0.50820000,31742.57347800,0
1709337302000,62460.79000000,62460.79000000,62454.00000000,62454.01000000,0.52063000,1709337302999,32518.41888760,88,0.00085000,53.09031550,0
1709337303000,62454.00000000,62454.00000000,62454.00000000,62454.00000000,0.03203000,1709337303999,2000.40162000,1,0.00000000,0.00000000,0
1709337304000,62454.01000000,62454.01000000,62454.00000000,62454.00000000,0.01667000,1709337304999,1041.10828380,6,0.01038000,648.27262380,0
1709337305000,62454.00000000,62454.01000000,62454.00000000,62454.01000000,0.35015000,1709337305999,21868.27151540,6,0.34154000,21330.54257540,0
1709337306000,62454.00000000,62454.01000000,62454.00000000,62454.01000000,0.14241000,1709337306999,8894.07416140,9,0.00214000,133.65158140,0
1709337307000,62454.00000000,62454.01000000,62454.00000000,62454.01000000,0.01621000,1709337307999,1012.37950100,2,0.01610000,1005.50956100,0
1709337308000,62454.00000000,62454.01000000,62454.00000000,62454.01000000,0.04275000,1709337308999,2669.90880000,8,0.03000000,1873.62030000,0
1709337309000,62454.01000000,62454.01000000,62454.01000000,62454.01000000,0.05444000,1709337309999,3399.99630440,4,0.05444000,3399.99630440,0
1709337310000,62454.00000000,62454.01000000,62454.00000000,62454.01000000,0.03370000,1709337310999,2104.69981670,2,0.00167000,104.29819670,0
1709337311000,62454.00000000,62454.01000000,62454.00000000,62454.00000000,0.54253000,1709337311999,33883.17403390,18,0.54139000,33811.97647390,0
1709337312000,62454.00000000,62454.01000000,62454.00000000,62454.01000000,0.25626000,1709337312999,16004.46442460,4,0.23846000,14892.78322460,0
1709337313000,62454.00000000,62454.00000000,62454.00000000,62454.00000000,0.10381000,1709337313999,6483.34974000,2,0.00000000,0.00000000,0
1709337314000,62454.01000000,62454.01000000,62454.00000000,62454.00000000,0.05916000,1709337314999,3694.77867300,9,0.00330000,206.09823300,0
1709337315000,62454.00000000,62454.01000000,62454.00000000,62454.01000000,0.30430000,1709337315999,19004.75523530,7,0.30353000,18956.66565530,0
1709337316000,62454.00000000,62454.01000000,62454.00000000,62454.01000000,0.04711000,1709337316999,2942.20838790,8,0.04479000,2797.31510790,0
1709337317000,62454.00000000,62454.01000000,62454.00000000,62454.00000000,0.30232000,1709337317999,18881.09614010,12,0.28601000,17862.47140010,0
1709337318000,62454.00000000,62454.01000000,62454.00000000,62454.01000000,0.01149000,1709337318999,717.59647480,4,0.00148000,92.43193480,0
1709337319000,62454.00000000,62454.01000000,62454.00000000,62454.00000000,0.04710000,1709337319999,2941.58356190,9,0.01619000,1011.13042190,0
1709337320000,62454.01000000,62454.01000000,62454.01000000,62454.01000000,0.01691000,1709337320999,1056.09730910,5,0.01691000,1056.09730910,0
1709337321000,62454.01000000,62454.01000000,62454.01000000,62454.01000000,0.50040000,1709337321999,31251.98660400,9,0.50040000,31251.98660400,0
1709337322000,62454.01000000,62454.01000000,62454.01000000,62454.01000000,0.00320000,1709337322999,199.85283200,4,0.00320000,199.85283200,0
1709337323000,62454.00000000,62454.00000000,62454.00000000,62454.00000000,0.02401000,1709337323999,1499.52054000,9,0.00000000,0.00000000,0
1709337324000,62454.01000000,62454.01000000,62454.00000000,62454.00000000,0.01161000,1709337324999,725.09094200,3,0.00020000,12.49080200,0
1709337325000,62454.01000000,62454.01000000,62454.00000000,62454.01000000,0.32730000,1709337325999,20441.19745780,12,0.32578000,20346.26737780,0
1709337326000,62454.01000000,62454.01000000,62454.01000000,62454.01000000,0.00082000,1709337326999,51.21228820,1,0.00082000,51.21228820,0
1709337327000,62454.01000000,62454.01000000,62454.01000000,62454.01000000,0.00000000,1709337327999,0.00000000,0,0.00000000,0.00000000,0
1709337328000,62454.00000000,62454.01000000,62454.00000000,62454.00000000,0.00173000,1709337328999,108.04542270,3,0.00027000,16.86258270,0
1709337329000,62454.00000000,62454.00000000,62454.00000000,62454.00000000,0.00713000,1709337329999,445.29702000,4,0.00000000,0.00000000,0
1709337330000,62454.00000000,62454.01000000,62454.00000000,62454.01000000,0.05638000,1709337330999,3521.15674700,8,0.02270000,1417.70602700,0
1709337331000,62454.00000000,62454.00000000,62449.99000000,62450.62000000,0.97946000,1709337331999,61168.36112210,141,0.51705000,32289.88462570,0
1709337332000,62449.98000000,62449.99000000,62449.98000000,62449.99000000,0.19930000,1709337332999,12446.28133820,9,0.03242000,2024.62867580,0
1709337333000,62449.98000000,62449.99000000,62449.98000000,62449.98000000,0.05247000,1709337333999,3276.75045230,7,0.00017000,10.61649830,0
1709337334000,62449.98000000,62449.98000000,62449.98000000,62449.98000000,0.00011000,1709337334999,6.86949780,1,0.00000000,0.00000000,0
1709337335000,62449.98000000,62449.98000000,62444.19000000,62444.20000000,0.39030000,1709337335999,24372.70267630,130,0.25622000,15999.45359740,0
1709337336000,62444.19000000,62444.20000000,62444.19000000,62444.20000000,0.05315000,1709337336999,3318.90870250,5,0.00040000,24.97768000,0
1709337337000,62444.19000000,62444.19000000,62443.81000000,62443.81000000,0.08408000,1709337337999,5250.28807180,5,0.00000000,0.00000000,0
1709337338000,62443.81000000,62443.82000000,62443.81000000,62443.81000000,0.00636000,1709337338999,397.14264470,5,0.00131000,81.80140420,0
1709337339000,62443.81000000,62443.82000000,62443.81000000,62443.81000000,0.14399000,1709337339999,8991.28421070,13,0.00088000,54.95056160,0
1709337340000,62442.87000000,62442.87000000,62442.86000000,62442.87000000,0.33129000,1709337340999,20686.69820230,3,0.31129000,19437.84100230,0
1709337341000,62442.87000000,62442.87000000,62441.11000000,62441.11000000,0.52131000,1709337341999,32551.20960470,4,0.50231000,31364.79526470,0
1709337342000,62441.10000000,62441.11000000,62441.10000000,62441.10000000,0.01953000,1709337342999,1219.47481360,4,0.01306000,815.48089660,0
1709337343000,62441.10000000,62441.10000000,62437.50000000,62437.51000000,3.03527000,1709337343999,189519.22506710,26,0.03244000,2025.47342300,0
1709337344000,62437.50000000,62437.51000000,62437.50000000,62437.51000000,1.00434000,1709337344999,62708.48875000,16,1.00000000,62437.51000000,0
1709337345000,62437.50000000,62437.50000000,62437.50000000,62437.50000000,0.01784000,1709337345999,1113.88500000,4,0.00000000,0.00000000,0
1709337346000,62437.51000000,62437.51000000,62437.51000000,62437.51000000,0.01731000,1709337346999,1080.79329810,2,0.01731000,1080.79329810,0
1709337347000,62437.50000000,62437.51000000,62437.50000000,62437.50000000,0.04083000,1709337347999,2549.32312610,4,0.00011000,6.86812610,0
1709337348000,62437.50000000,62437.50000000,62437.50000000,62437.50000000,0.00000000,1709337348999,0.00000000,0,0.00000000,0.00000000,0
1709337349000,62437.51000000,62437.51000000,62437.48000000,62437.48000000,0.80109000,1709337349999,50018.05687530,10,0.00021000,13.11187710,0
1709337350000,62437.47000000,62437.47000000,62436.29000000,62436.30000000,0.35614000,1709337350999,22236.06667750,9,0.30429000,18998.74172700,0
1709337351000,62436.29000000,62436.30000000,62436.29000000,62436.30000000,0.52735000,1709337351999,32925.78260240,10,0.50709000,31660.82336700,0
1709337352000,62436.29000000,62436.29000000,62436.29000000,62436.29000000,0.00892000,1709337352999,556.93170680,2,0.00000000,0.00000000,0
1709337353000,62436.29000000,62436.29000000,62436.29000000,62436.29000000,0.00000000,1709337353999,0.00000000,0,0.00000000,0.00000000,0
1709337354000,62436.30000000,62436.30000000,62436.30000000,62436.30000000,0.00180000,1709337354999,112.38534000,2,0.00180000,112.38534000,0
1709337355000,62436.30000000,62436.30000000,62433.06000000,62433.06000000,0.01669000,1709337355999,1042.04781980,10,0.00038000,23.72579400,0
1709337356000,62433.06000000,62433.07000000,62433.06000000,62433.07000000,0.03215000,1709337356999,2007.22319940,2,0.03204000,2000.35556280,0
1709337357000,62433.07000000,62433.07000000,62433.06000000,62433.07000000,0.01517000,1709337357999,947.10966440,4,0.01442000,900.28486940,0
1709337358000,62433.07000000,62433.07000000,62433.06000000,62433.07000000,0.00489000,1709337358999,305.29771080,3,0.00474000,295.93275180,0
1709337359000,62433.06000000,62433.06000000,62430.11000000,62430.12000000,0.13663000,1709337359999,8530.05725600,34,0.01372000,856.54124640,0
1709337360000,62430.12000000,62430.12000000,62430.11000000,62430.12000000,0.15705000,1709337360999,9804.65024750,24,0.14720000,9189.71366400,0
1709337361000,62430.12000000,62430.12000000,62430.11000000,62430.12000000,0.50236000,1709337361999,31362.39506900,4,0.50094000,31273.74431280,0
1709337362000,62430.12000000,62430.12000000,62430.11000000,62430.11000000,0.01629000,1709337362999,1016.98649410,3,0.00022000,13.73462640,0
1709337363000,62430.11000000,62430.12000000,62430.11000000,62430.12000000,0.13142000,1709337363999,8204.56585920,7,0.08030000,5013.13863600,0
1709337364000,62430.12000000,62430.12000000,62430.11000000,62430.11000000,0.00385000,1709337364999,240.35593950,2,0.00160000,99.88819200,0
1709337365000,62430.11000000,62430.12000000,62430.11000000,62430.12000000,0.00508000,1709337365999,317.14500480,3,0.00460000,287.17855200,0
1709337366000,62430.11000000,62430.12000000,62430.11000000,62430.12000000,0.03611000,1709337366999,2254.35146220,5,0.01901000,1186.79658120,0
1709337367000,62430.11000000,62430.11000000,62430.11000000,62430.11000000,0.05022000,1709337367999,3135.24012420,2,0.00000000,0.00000000,0
1709337368000,62430.12000000,62430.12000000,62430.11000000,62430.11000000,0.00217000,1709337368999,135.47334320,5,0.00045000,28.09355400,0
1709337369000,62430.11000000,62430.12000000,62430.11000000,62430.11000000,0.00808000,1709337369999,504.43529290,7,0.00041000,25.59634920,0
1709337370000,62430.11000000,62430.12000000,62430.11000000,62430.12000000,0.01344000,1709337370999,839.06069820,4,0.00198000,123.61163760,0
1709337371000,62430.12000000,62430.74000000,62430.12000000,62430.74000000,0.50628000,1709337371999,31607.13558100,22,0.50628000,31607.13558100,0
1709337372000,62430.73000000,62434.22000000,62430.73000000,62434.22000000,0.37710000,1709337372999,23543.09877030,11,0.37672000,23519.37509290,0
1709337373000,62434.21000000,62434.21000000,62434.21000000,62434.21000000,0.00032000,1709337373999,19.97894720,1,0.00000000,0.00000000,0
1709337374000,62434.22000000,62434.22000000,62434.21000000,62434.21000000,0.06222000,1709337374999,3884.65701520,6,0.04690000,2928.16491800,0
1709337375000,62434.21000000,62434.22000000,62434.21000000,62434.22000000,0.00139000,1709337375999,86.78355780,3,0.00059000,36.83618980,0
1709337376000,62434.21000000,62434.22000000,62434.21000000,62434.21000000,0.02723000,1709337376999,1700.08357580,6,0.00375000,234.12832500,0
1709337377000,62434.22000000,62434.22000000,62434.21000000,62434.22000000,0.00206000,1709337377999,128.61449210,3,0.00195000,121.74672900,0
1709337378000,62434.22000000,62434.22000000,62434.22000000,62434.22000000,0.34925000,1709337378999,21805.15133500,3,0.34925000,21805.15133500,0
1709337379000,62434.21000000,62434.21000000,62434.21000000,62434.21000000,0.02682000,1709337379999,1674.48551220,4,0.00000000,0.00000000,0
1709337380000,62434.22000000,62434.22000000,62434.21000000,62434.21000000,0.00829000,1709337380999,517.57968250,2,0.00816000,509.46323520,0
1709337381000,62434.21000000,62434.21000000,62434.21000000,62434.21000000,0.00000000,1709337381999,0.00000000,0,0.00000000,0.00000000,0
1709337382000,62434.21000000,62434.21000000,62423.56000000,62423.56000000,3.51860000,1709337382999,219676.86664360,142,0.00000000,0.00000000,0
1709337383000,62423.57000000,62423.57000000,62423.56000000,62423.56000000,0.36813000,1709337383999,22979.98552020,19,0.03774000,2355.86553180,0
1709337384000,62423.57000000,62423.57000000,62423.55000000,62423.55000000,0.59031000,1709337384999,36849.25012580,17,0.00188000,117.35631160,0
1709337385000,62423.56000000,62423.56000000,62423.56000000,62423.56000000,0.00014000,1709337385999,8.73929840,1,0.00014000,8.73929840,0
1709337386000,62423.56000000,62423.56000000,62415.23000000,62415.23000000,0.12478000,1709337386999,7788.95751650,18,0.03204000,2000.05086240,0
1709337387000,62415.24000000,62420.99000000,62415.24000000,62420.98000000,0.13859000,1709337387999,8650.38838360,12,0.09603000,5993.75147480,0
1709337388000,62420.98000000,62420.99000000,62420.98000000,62420.99000000,0.17750000,1709337388999,11079.72418430,4,0.02343000,1462.52379570,0
1709337389000,62420.99000000,62420.99000000,62420.98000000,62420.98000000,0.00172000,1709337389999,107.36408660,2,0.00010000,6.24209900,0
1709337390000,62420.98000000,62420.98000000,62420.98000000,62420.98000000,0.03220000,1709337390999,2009.95555600,9,0.00000000,0.00000000,0
1709337391000,62420.99000000,62420.99000000,62420.98000000,62420.99000000,0.07186000,1709337391999,4485.57230840,5,0.06856000,4279.58307440,0
1709337392000,62420.98000000,62420.98000000,62418.27000000,62418.27000000,0.08573000,1709337392999,5351.18996270,9,0.00000000,0.00000000,0
1709337393000,62415.79000000,62415.80000000,62415.75000000,62415.79000000,0.05103000,1709337393999,3185.07779370,9,0.00460000,287.11268000,0
1709337394000,62415.79000000,62415.79000000,62415.79000000,62415.79000000,0.00691000,1709337394999,431.29310890,3,0.00000000,0.00000000,0
1709337395000,62415.79000000,62415.79000000,62415.79000000,62415.79000000,0.15083000,1709337395999,9414.17360570,5,0.00000000,0.00000000,0
1709337396000,62415.80000000,62415.80000000,62415.80000000,62415.80000000,0.00052000,1709337396999,32.45621600,2,0.00052000,32.45621600,0
1709337397000,62415.80000000,62415.80000000,62415.79000000,62415.79000000,0.02914000,1709337397999,1818.79612890,6,0.00083000,51.80511400,0
1709337398000,62415.79000000,62415.80000000,62415.79000000,62415.79000000,0.02106000,1709337398999,1314.47655560,5,0.00182000,113.59675600,0
1709337399000,62415.80000000,62415.80000000,62415.79000000,62415.79000000,0.14435000,1709337399999,9009.72050270,10,0.12162000,7591.00959600,0
1709337400000,62415.79000000,62415.79000000,62415.79000000,62415.79000000,0.00032000,1709337400999,19.97305280,1,0.00000000,0.00000000,0
1709337401000,62415.79000000,62415.80000000,62415.79000000,62415.80000000,0.00916000,1709337401999,571.72872470,4,0.00883000,551.13151400,0
1709337402000,62415.80000000,62415.80000000,62415.79000000,62415.79000000,0.02334000,1709337402999,1456.78456140,6,0.00228000,142.30802400,0
1709337403000,62415.80000000,62415.80000000,62415.80000000,62415.80000000,0.00351000,1709337403999,219.07945800,2,0.00351000,219.07945800,0
1709337404000,62415.80000000,62415.80000000,62415.79000000,62415.80000000,0.04140000,1709337404999,2584.01382960,4,0.01236000,771.45928800,0
1709337405000,62415.80000000,62415.80000000,62415.79000000,62415.80000000,0.00236000,1709337405999,147.30128410,3,0.00197000,122.95912600,0
1709337406000,62415.80000000,62415.80000000,62415.79000000,62415.80000000,0.10649000,1709337406999,6646.65854020,7,0.10631000,6635.42369800,0
1709337407000,62415.80000000,62415.80000000,62415.79000000,62415.79000000,0.04316000,1709337407999,2693.86557860,8,0.00822000,513.05787600,0
1709337408000,62415.79000000,62415.80000000,62415.79000000,62415.80000000,0.00466000,1709337408999,290.85758940,2,0.00080000,49.93264000,0
1709337409000,62415.79000000,62415.79000000,62415.79000000,62415.79000000,0.00955000,1709337409999,596.07079450,1,0.00000000,0.00000000,0
1709337410000,62415.79000000,62415.80000000,62415.79000000,62415.80000000,0.03242000,1709337410999,2023.52023220,2,0.03204000,1999.80223200,0
1709337411000,62415.79000000,62415.80000000,62415.79000000,62415.79000000,0.24539000,1709337411999,15316.21071350,10,0.00054000,33.70453200,0
1709337412000,62415.79000000,62415.79000000,62415.79000000,62415.79000000,0.08419000,1709337412999,5254.78536010,11,0.00525000,327.68289750,0
1709337413000,62415.79000000,62415.79000000,62415.78000000,62415.78000000,0.10952000,1709337413999,6835.77727280,3,0.10472000,6536.18152880,0
1709337414000,62415.79000000,62415.79000000,62415.78000000,62415.79000000,0.02507000,1709337414999,1564.76380500,5,0.02004000,1250.81243160,0
1709337415000,62415.78000000,62415.78000000,62411.10000000,62411.11000000,0.24083000,1709337415999,15031.02492700,14,0.03269000,2040.21918590,0
1709337416000,62411.10000000,62411.10000000,62410.69000000,62410.69000000,0.04095000,1709337416999,2555.73085500,4,0.00000000,0.00000000,0
1709337417000,62410.49000000,62410.49000000,62410.49000000,62410.49000000,0.05219000,1709337417999,3257.20347310,4,0.00000000,0.00000000,0
1709337418000,62410.00000000,62410.00000000,62401.78000000,62401.78000000,0.55675000,1709337418999,34745.82879560,18,0.08009000,4997.75856020,0
1709337419000,62401.78000000,62410.30000000,62401.78000000,62410.30000000,0.58936000,1709337419999,36780.27916010,42,0.53375000,33309.64293320,0
1709337420000,62410.29000000,62410.30000000,62410.29000000,62410.30000000,0.06114000,1709337420999,3815.76526330,29,0.01327000,828.18468100,0
1709337421000,62410.29000000,62410.30000000,62410.29000000,62410.29000000,0.04951000,1709337421999,3089.93393850,3,0.04806000,2999.43901800,0
1709337422000,62410.30000000,62410.30000000,62410.30000000,62410.30000000,0.00008000,1709337422999,4.99282400,1,0.00008000,4.99282400,0
1709337423000,62410.29000000,62410.30000000,62410.29000000,62410.30000000,0.02482000,1709337423999,1549.02339950,2,0.00017000,10.60975100,0
1709337424000,62410.29000000,62410.30000000,62410.29000000,62410.30000000,0.03816000,1709337424999,2381.57702030,7,0.03539000,2208.70051700,0
1709337425000,62410.29000000,62410.30000000,62410.29000000,62410.29000000,0.06964000,1709337425999,4346.25291550,7,0.03199000,1996.50549700,0
1709337426000,62410.29000000,62410.30000000,62410.29000000,62410.30000000,0.00340000,1709337426999,212.19501640,2,0.00304000,189.72731200,0
1709337427000,62410.29000000,62410.29000000,62410.29000000,62410.29000000,0.00051000,1709337427999,31.82924790,2,0.00000000,0.00000000,0
1709337428000,62410.29000000,62410.29000000,62410.29000000,62410.29000000,0.00000000,1709337428999,0.00000000,0,0.00000000,0.00000000,0
1709337429000,62410.29000000,62410.30000000,62410.29000000,62410.29000000,0.03421000,1709337429999,2135.05602330,5,0.00024000,14.97847200,0
1709337430000,62410.30000000,62410.30000000,62410.29000000,62410.29000000,0.04353000,1709337430999,2716.71997320,5,0.00495000,308.93098500,0
1709337431000,62410.29000000,62410.30000000,62410.29000000,62410.29000000,0.03682000,1709337431999,2297.94691780,4,0.00400000,249.64120000,0
1709337432000,62410.29000000,62410.30000000,62410.29000000,62410.29000000,0.01335000,1709337432999,833.17740450,15,0.00330000,205.95399000,0
1709337433000,62410.29000000,62410.30000000,62410.29000000,62410.29000000,0.23791000,1709337433999,14848.03211330,4,0.00194000,121.07598200,0
1709337434000,62410.29000000,62410.29000000,62410.29000000,62410.29000000,0.00779000,1709337434999,486.17615910,2,0.00000000,0.00000000,0
1709337435000,62410.30000000,62410.30000000,62410.29000000,62410.29000000,0.09434000,1709337435999,5887.78703760,2,0.02790000,1741.24737000,0
1709337436000,62410.30000000,62410.30000000,62410.29000000,62410.29000000,0.00089000,1709337436999,55.54516130,2,0.00032000,19.97129600,0
1709337437000,62410.29000000,62410.30000000,62410.29000000,62410.29000000,0.03798000,1709337437999,2370.34283340,7,0.00192000,119.82777600,0
1709337438000,62410.29000000,62410.29000000,62409.00000000,62409.00000000,0.45585000,1709337438999,28449.47563450,25,0.19588000,12224.67687880,0
1709337439000,62409.00000000,62409.00000000,62409.00000000,62409.00000000,0.05247000,1709337439999,3274.60023000,6,0.00000000,0.00000000,0
1709337440000,62409.00000000,62409.00000000,62408.94000000,62408.94000000,0.06738000,1709337440999,4205.11831020,8,0.00000000,0.00000000,0
1709337441000,62408.94000000,62408.95000000,62408.94000000,62408.95000000,0.01578000,1709337441999,984.81310450,4,0.00313000,195.34001350,0
1709337442000,62408.94000000,62408.95000000,62408.94000000,62408.94000000,0.04598000,1709337442999,2869.56306220,7,0.00010000,6.24089500,0
1709337443000,62408.94000000,62408.95000000,62408.94000000,62408.95000000,0.01003000,1709337443999,625.96169350,7,0.00253000,157.89464350,0
1709337444000,62408.94000000,62408.94000000,62408.94000000,62408.94000000,0.00323000,1709337444999,201.58087620,3,0.00000000,0.00000000,0
1709337445000,62408.94000000,62408.95000000,62408.94000000,62408.95000000,0.01027000,1709337445999,640.93981700,3,0.00032000,19.97086400,0
1709337446000,62408.94000000,62408.94000000,62408.94000000,62408.94000000,0.00563000,1709337446999,351.36233220,1,0.00000000,0.00000000,0
1709337447000,62408.94000000,62408.94000000,62408.94000000,62408.94000000,0.00000000,1709337447999,0.00000000,0,0.00000000,0.00000000,0
1709337448000,62408.94000000,62420.99000000,62408.94000000,62420.99000000,1.45233000,1709337448999,90646.86819410,67,1.45172000,90608.79572670,0
1709337449000,62420.99000000,62420.99000000,62420.99000000,62420.99000000,0.00139000,1709337449999,86.76517610,2,0.00139000,86.76517610,0
1709337450000,62420.99000000,62420.99000000,62420.98000000,62420.98000000,0.06109000,1709337450999,3813.29810560,3,0.04374000,2730.29410260,0
1709337451000,62420.98000000,62420.98000000,62420.98000000,62420.98000000,0.00409000,1709337451999,255.30180820,3,0.00000000,0.00000000,0
1709337452000,62420.99000000,62420.99000000,62420.99000000,62420.99000000,0.02973000,1709337452999,1855.77603270,4,0.02973000,1855.77603270,0
1709337453000,62420.99000000,62420.99000000,62420.99000000,62420.99000000,0.06348000,1709337453999,3962.48444520,1,0.06348000,3962.48444520,0
1709337454000,62420.98000000,62420.98000000,62420.98000000,62420.98000000,5.01399000,1709337454999,312978.16951020,15,0.00000000,0.00000000,0
1709337455000,62420.98000000,62420.98000000,62420.98000000,62420.98000000,0.00868000,1709337455999,541.81410640,2,0.00000000,0.00000000,0
1709337456000,62420.98000000,62420.99000000,62420.98000000,62420.99000000,0.00813000,1709337456999,507.48259780,10,0.00304000,189.75980960,0
1709337457000,62420.98000000,62420.98000000,62420.98000000,62420.98000000,0.00433000,1709337457999,270.28284340,3,0.00000000,0.00000000,0
1709337458000,62420.98000000,62420.98000000,62420.98000000,62420.98000000,0.00000000,1709337458999,0.00000000,0,0.00000000,0.00000000,0
1709337459000,62420.99000000,62420.99000000,62420.98000000,62420.98000000,0.00058000,1709337459999,36.20416990,2,0.00015000,9.36314850,0
1709337460000,62420.98000000,62420.99000000,62420.98000000,62420.99000000,0.04382000,1709337460999,2735.28777650,3,0.04329000,2702.20465710,0
1709337461000,62420.98000000,62420.99000000,62420.98000000,62420.98000000,0.31134000,1709337461999,19434.14908390,26,0.11707000,7307.62529930,0
1709337462000,62420.98000000,62420.98000000,62420.98000000,62420.98000000,0.00137000,1709337462999,85.51674260,2,0.00000000,0.00000000,0
1709337463000,62420.98000000,62420.99000000,62415.79000000,62415.79000000,1.18351000,1709337463999,73873.69052930,50,0.00074000,46.18867810,0
1709337464000,62415.79000000,62415.79000000,62414.97000000,62414.97000000,0.30659000,1709337464999,19135.97852950,13,0.06444000,4022.02131120,0
1709337465000,62414.97000000,62414.97000000,62414.97000000,62414.97000000,0.00024000,1709337465999,14.97959280,1,0.00000000,0.00000000,0
1709337466000,62414.97000000,62414.98000000,62414.97000000,62414.98000000,0.01665000,1709337466999,1039.20938060,2,0.01301000,812.01888980,0
1709337467000,62414.98000000,62414.98000000,62414.97000000,62414.97000000,0.00561000,1709337467999,350.14799810,3,0.00164000,102.36056720,0
1709337468000,62414.97000000,62414.98000000,62414.97000000,62414.97000000,0.09217000,1709337468999,5752.78780550,10,0.00206000,128.57485880,0
1709337469000,62414.97000000,62414.97000000,62414.97000000,62414.97000000,0.08469000,1709337469999,5285.92380930,4,0.00000000,0.00000000,0
1709337470000,62414.97000000,62414.98000000,62414.97000000,62414.98000000,0.08472000,1709337470999,5287.79636440,9,0.01060000,661.59878800,0
1709337471000,62414.97000000,62414.97000000,62414.97000000,62414.97000000,0.02041000,1709337471999,1273.88953770,8,0.00000000,0.00000000,0
1709337472000,62414.98000000,62414.98000000,62414.97000000,62414.98000000,0.04194000,1709337472999,2617.68389290,4,0.00511000,318.94054780,0
1709337473000,62414.98000000,62414.98000000,62414.97000000,62414.98000000,0.01885000,1709337473999,1176.52230340,5,0.01189000,742.11411220,0
1709337474000,62414.97000000,62414.98000000,62414.97000000,62414.98000000,0.05700000,1709337474999,3557.65337000,8,0.00800000,499.31984000,0
1709337475000,62414.98000000,62414.98000000,62414.97000000,62414.97000000,0.10672000,1709337475999,6660.92562470,10,0.00263000,164.15139740,0
1709337476000,62414.97000000,62414.97000000,62414.94000000,62414.94000000,0.19096000,1709337476999,11918.76031550,13,0.00464000,289.60536800,0
1709337477000,62414.94000000,62414.94000000,62414.94000000,62414.94000000,0.00526000,1709337477999,328.30258440,1,0.00000000,0.00000000,0
1709337478000,62414.94000000,62414.95000000,62414.94000000,62414.95000000,0.00658000,1709337478999,410.69036080,4,0.00556000,347.02712200,0
1709337479000,62414.94000000,62414.95000000,62414.94000000,62414.94000000,0.07947000,1709337479999,4960.11539100,25,0.01092000,681.57125400,0
1709337480000,62414.94000000,62414.95000000,62414.94000000,62414.95000000,0.06808000,1709337480999,4249.20963890,37,0.05237000,3268.67093150,0
1709337481000,62414.94000000,62414.95000000,62414.94000000,62414.94000000,0.27815000,1709337481999,17360.71698460,15,0.14236000,8885.39228200,0
1709337482000,62414.94000000,62414.94000000,62414.94000000,62414.94000000,0.01437000,1709337482999,896.90268780,5,0.00000000,0.00000000,0
1709337483000,62414.94000000,62414.95000000,62413.74000000,62413.74000000,0.08725000,1709337483999,5445.67364080,25,0.00231000,144.17846970,0
1709337484000,62413.74000000,62413.74000000,62412.74000000,62412.75000000,0.21325000,1709337484999,13309.56200070,21,0.07101000,4431.95021590,0
1709337485000,62412.74000000,62412.75000000,62412.74000000,62412.74000000,0.10487000,1709337485999,6545.22432370,6,0.02799000,1746.93287250,0
1709337486000,62412.74000000,62412.74000000,62411.57000000,62411.57000000,0.00285000,1709337486999,177.87505710,6,0.00000000,0.00000000,0
1709337487000,62411.58000000,62411.58000000,62410.30000000,62410.30000000,0.53157000,1709337487999,33176.09118940,29,0.18820000,11745.85935600,0
1709337488000,62410.31000000,62410.31000000,62410.30000000,62410.30000000,0.00320000,1709337488999,199.71298550,3,0.00255000,159.14629050,0
1709337489000,62410.31000000,62410.31000000,62410.30000000,62410.30000000,0.00454000,1709337489999,283.34279930,3,0.00373000,232.79045630,0
1709337490000,62410.30000000,62410.31000000,62410.30000000,62410.30000000,0.02155000,1709337490999,1344.94196680,13,0.00018000,11.23385580,0
1709337491000,62410.30000000,62410.31000000,62410.30000000,62410.30000000,0.03711000,1709337491999,2316.04626500,9,0.00320000,199.71299200,0
1709337492000,62410.30000000,62410.31000000,62410.30000000,62410.30000000,0.02195000,1709337492999,1369.90611130,10,0.00263000,164.13911530,0
1709337493000,62410.31000000,62410.31000000,62410.31000000,62410.31000000,0.00809000,1709337493999,504.89940790,1,0.00809000,504.89940790,0
1709337494000,62410.30000000,62410.30000000,62410.30000000,62410.30000000,0.00061000,1709337494999,38.07028300,2,0.00000000,0.00000000,0
1709337495000,62410.30000000,62410.30000000,62410.30000000,62410.30000000,0.13708000,1709337495999,8555.20392400,4,0.00000000,0.00000000,0
1709337496000,62410.30000000,62410.30000000,62410.30000000,62410.30000000,0.05294000,1709337496999,3304.00128200,2,0.00000000,0.00000000,0
1709337497000,62410.30000000,62410.31000000,62410.30000000,62410.31000000,0.04901000,1709337497999,3058.72880440,2,0.00014000,8.73744340,0
1709337498000,62410.31000000,62410.31000000,62408.50000000,62408.50000000,0.28401000,1709337498999,17725.08576280,17,0.11981000,7477.32155110,0
1709337499000,62408.50000000,62408.50000000,62404.01000000,62404.02000000,0.11259000,1709337499999,7026.41728600,24,0.01196000,746.35207920,0
1709337500000,62404.02000000,62404.02000000,62404.02000000,62404.02000000,0.00000000,1709337500999,0.00000000,0,0.00000000,0.00000000,0
1709337501000,62404.01000000,62404.02000000,62404.01000000,62404.02000000,0.04463000,1709337501999,2785.09121690,2,0.02506000,1563.84474120,0
1709337502000,62404.01000000,62404.02000000,62404.01000000,62404.02000000,0.05634000,1709337502999,3515.84193990,6,0.00165000,102.96663300,0
1709337503000,62404.01000000,62404.02000000,62404.01000000,62404.01000000,0.01461000,1709337503999,911.72258750,8,0.00014000,8.73656280,0
1709337504000,62404.01000000,62404.02000000,62404.01000000,62404.02000000,0.04419000,1709337504999,2757.63334330,6,0.01414000,882.39284280,0
1709337505000,62404.01000000,62404.01000000,62404.01000000,62404.01000000,0.06593000,1709337505999,4114.29637930,7,0.00000000,0.00000000,0
1709337506000,62404.01000000,62404.02000000,62404.01000000,62404.01000000,0.01669000,1709337506999,1041.52292930,4,0.00024000,14.97696480,0
1709337507000,62404.02000000,62404.02000000,62404.02000000,62404.02000000,0.03016000,1709337507999,1882.10524320,2,0.03016000,1882.10524320,0
1709337508000,62404.01000000,62404.02000000,62404.01000000,62404.01000000,0.03665000,1709337508999,2287.10696760,6,0.00011000,6.86444220,0
1709337509000,62404.02000000,62404.02000000,62404.01000000,62404.01000000,0.00085000,1709337509999,53.04340990,2,0.00014000,8.73656280,0
1709337510000,62404.01000000,62404.01000000,62404.01000000,62404.01000000,0.00076000,1709337510999,47.42704760,1,0.00000000,0.00000000,0
1709337511000,62404.01000000,62404.01000000,62404.01000000,62404.01000000,0.03306000,1709337511999,2063.07657060,2,0.00000000,0.00000000,0
1709337512000,62404.01000000,62404.01000000,62391.10000000,62391.10000000,0.55644000,1709337512999,34722.26877520,54,0.01118000,697.53260980,0
1709337513000,62391.10000000,62391.11000000,62391.10000000,62391.11000000,0.07270000,1709337513999,4535.83335870,6,0.03887000,2425.14244570,0
1709337514000,62391.11000000,62391.11000000,62391.10000000,62391.11000000,0.11964000,1709337514999,7464.47201500,7,0.08110000,5059.91902100,0
1709337515000,62391.10000000,62391.10000000,62391.10000000,62391.10000000,0.00031000,1709337515999,19.34124100,1,0.00000000,0.00000000,0
1709337516000,62391.10000000,62391.10000000,62391.10000000,62391.10000000,0.00603000,1709337516999,376.21833300,2,0.00000000,0.00000000,0
1709337517000,62391.10000000,62391.11000000,62391.10000000,62391.11000000,0.08275000,1709337517999,5162.86353500,2,0.00100000,62.39111000,0
1709337518000,62391.10000000,62391.11000000,62391.10000000,62391.11000000,0.03377000,1709337518999,2106.94746950,3,0.00225000,140.37999750,0
1709337519000,62391.10000000,62391.10000000,62391.10000000,62391.10000000,0.02078000,1709337519999,1296.48705800,16,0.00000000,0.00000000,0
1709337520000,62391.10000000,62391.11000000,62391.10000000,62391.10000000,0.01609000,1709337520999,1003.87280700,7,0.00080000,49.91288800,0
1709337521000,62391.10000000,62391.10000000,62385.98000000,62385.98000000,0.22489000,1709337521999,14031.02590540,37,0.00000000,0.00000000,0
1709337522000,62385.98000000,62385.98000000,62385.98000000,62385.98000000,0.02209000,1709337522999,1378.10629820,3,0.00000000,0.00000000,0
1709337523000,62385.99000000,62385.99000000,62385.99000000,62385.99000000,0.00053000,1709337523999,33.06457470,2,0.00053000,33.06457470,0
1709337524000,62385.99000000,62385.99000000,62385.98000000,62385.99000000,0.00296000,1709337524999,184.66251510,5,0.00143000,89.21196570,0
1709337525000,62385.98000000,62385.99000000,62385.98000000,62385.98000000,0.06605000,1709337525999,4120.59424910,9,0.02701000,1685.04558990,0
1709337526000,62385.99000000,62385.99000000,62385.98000000,62385.99000000,0.21859000,1709337526999,13636.95142800,5,0.00598000,373.06822020,0
1709337527000,62385.99000000,62385.99000000,62385.98000000,62385.98000000,0.02972000,1709337527999,1854.11160070,3,0.02751000,1716.23858490,0
1709337528000,62385.98000000,62385.99000000,62385.98000000,62385.99000000,0.01169000,1709337528999,729.29215530,10,0.00491000,306.31521090,0
1709337529000,62385.98000000,62385.98000000,62382.21000000,62382.22000000,0.63853000,1709337529999,39835.27935980,24,0.00000000,0.00000000,0
1709337530000,62382.23000000,62382.23000000,62382.22000000,62382.22000000,0.48517000,1709337530999,30265.98202320,12,0.03458000,2157.17751340,0
1709337531000,62382.22000000,62382.23000000,62382.22000000,62382.23000000,0.00846000,1709337531999,527.75364340,3,0.00622000,388.01747060,0
1709337532000,62382.22000000,62382.23000000,62382.22000000,62382.23000000,0.02685000,1709337532999,1674.96284250,6,0.02355000,1469.10151650,0
1709337533000,62382.23000000,62382.23000000,62382.22000000,62382.22000000,0.02840000,1709337533999,1771.65517380,4,0.01258000,784.76845340,0
1709337534000,62382.23000000,62382.23000000,62382.22000000,62382.22000000,0.11373000,1709337534999,7094.72992160,5,0.00410000,255.76714300,0
1709337535000,62382.22000000,62382.22000000,62382.22000000,62382.22000000,0.00124000,1709337535999,77.35395280,1,0.00000000,0.00000000,0
1709337536000,62382.23000000,62382.23000000,62382.22000000,62382.22000000,0.00066000,1709337536999,41.17227000,2,0.00048000,29.94347040,0
1709337537000,62382.23000000,62382.23000000,62382.22000000,62382.22000000,0.03701000,1709337537999,2308.76599020,4,0.00280000,174.67024400,0
1709337538000,62382.23000000,62382.23000000,62382.22000000,62382.22000000,1.02211000,1709337538999,63761.49788610,16,0.70019000,43679.41362370,0
1709337539000,62382.22000000,62382.23000000,62382.22000000,62382.23000000,0.07657000,1709337539999,4776.60711300,48,0.05276000,3291.28645480,0
1709337540000,62382.22000000,62382.23000000,62382.22000000,62382.23000000,0.09746000,1709337540999,6079.77202080,21,0.08596000,5362.37649080,0
1709337541000,62382.23000000,62382.23000000,62382.22000000,62382.22000000,0.01530000,1709337541999,954.44801850,5,0.00525000,327.50670750,0
1709337542000,62382.23000000,62382.23000000,62382.22000000,62382.22000000,0.01641000,1709337542999,1023.69239120,3,0.01610000,1004.35390300,0
1709337543000,62382.22000000,62382.22000000,62382.22000000,62382.22000000,0.00000000,1709337543999,0.00000000,0,0.00000000,0.00000000,0
1709337544000,62382.22000000,62382.22000000,62382.22000000,62382.22000000,0.61695000,1709337544999,38486.71062900,6,0.00000000,0.00000000,0
1709337545000,62382.23000000,62382.23000000,62382.22000000,62382.22000000,0.42999000,1709337545999,26823.73500350,7,0.42257000,26360.85893110,0
1709337546000,62382.22000000,62382.23000000,62382.22000000,62382.22000000,0.01566000,1709337546999,976.90565680,6,0.00916000,571.42122680,0
1709337547000,62382.23000000,62382.23000000,62382.22000000,62382.23000000,0.00274000,1709337547999,170.92728760,4,0.00048000,29.94347040,0
1709337548000,62382.22000000,62382.23000000,62382.22000000,62382.23000000,0.00374000,1709337548999,233.30950590,4,0.00031000,19.33849130,0
1709337549000,62382.22000000,62382.23000000,62382.22000000,62382.23000000,0.00102000,1709337549999,63.62987080,2,0.00064000,39.92462720,0
1709337550000,62382.23000000,62382.23000000,62382.22000000,62382.22000000,0.06584000,1709337550999,4107.24545540,26,0.00906000,565.18300380,0
1709337551000,62382.23000000,62382.23000000,62382.22000000,62382.23000000,0.01482000,1709337551999,924.50461670,8,0.01163000,725.50533490,0
1709337552000,62382.22000000,62382.23000000,62382.22000000,62382.22000000,0.04440000,1709337552999,2769.77058390,5,0.00159000,99.18774570,0
1709337553000,62382.22000000,62382.23000000,62382.22000000,62382.23000000,0.02247000,1709337553999,1401.72849110,4,0.00077000,48.03431710,0
1709337554000,62382.23000000,62382.23000000,62382.23000000,62382.23000000,0.00000000,1709337554999,0.00000000,0,0.00000000,0.00000000,0
1709337555000,62382.22000000,62382.23000000,62382.22000000,62382.23000000,0.04108000,1709337555999,2562.66185660,3,0.02590000,1615.69975700,0
1709337556000,62382.23000000,62382.23000000,62382.22000000,62382.23000000,0.33498000,1709337556999,20896.79939060,17,0.33350000,20804.47370500,0
1709337557000,62382.22000000,62382.23000000,62382.22000000,62382.22000000,0.11533000,1709337557999,7194.54213880,6,0.07062000,4405.43308260,0
1709337558000,62382.23000000,62391.16000000,62382.23000000,62391.16000000,1.62251000,1709337558999,101222.99864170,35,1.51670000,94621.39106020,0
1709337559000,62391.15000000,62391.16000000,62391.15000000,62391.16000000,0.08058000,1709337559999,5027.47896030,7,0.00933000,582.10952280,0
1709337560000,62391.16000000,62391.16000000,62391.15000000,62391.15000000,0.06632000,1709337560999,4137.78166090,7,0.05929000,3699.17187640,0
1709337561000,62391.16000000,62391.16000000,62391.16000000,62391.16000000,0.15136000,1709337561999,9443.52597760,5,0.15136000,9443.52597760,0
1709337562000,62391.16000000,62391.16000000,62391.15000000,62391.16000000,0.06877000,1709337562999,4290.63978370,3,0.03982000,2484.41599120,0
1709337563000,62391.15000000,62391.16000000,62391.15000000,62391.16000000,0.01200000,1709337563999,748.69380470,2,0.00047000,29.32384520,0
1709337564000,62391.15000000,62391.16000000,62391.15000000,62391.16000000,0.00062000,1709337564999,38.68251780,3,0.00048000,29.94775680,0
1709337565000,62391.16000000,62391.16000000,62388.67000000,62388.68000000,0.46724000,1709337565999,29151.55667550,20,0.03458000,2157.40541520,0
1709337566000,62388.68000000,62388.68000000,62388.67000000,62388.67000000,0.03109000,1709337566999,1939.66404610,7,0.02958000,1845.45715440,0
1709337567000,62388.67000000,62388.67000000,62388.67000000,62388.67000000,0.00355000,1709337567999,221.47977850,3,0.00000000,0.00000000,0
1709337568000,62388.67000000,62388.67000000,62388.67000000,62388.67000000,0.11575000,1709337568999,7221.48855250,4,0.00000000,0.00000000,0
1709337569000,62388.68000000,62388.68000000,62388.67000000,62388.67000000,0.24474000,1709337569999,15269.00315640,8,0.00606000,378.07540080,0
1709337570000,62388.67000000,62388.68000000,62388.67000000,62388.67000000,0.01167000,1709337570999,728.07578620,9,0.00073000,45.54373640,0
1709337571000,62388.67000000,62388.68000000,62388.67000000,62388.67000000,2.01037000,1709337571999,125424.32050790,19,1.00100000,62451.06867000,0
1709337572000,62388.66000000,62388.67000000,62388.66000000,62388.67000000,0.00647000,1709337572999,403.65468730,5,0.00571000,356.23930570,0
1709337573000,62388.66000000,62388.66000000,62388.66000000,62388.66000000,0.03326000,1709337573999,2075.04683160,7,0.00000000,0.00000000,0
1709337574000,62388.66000000,62388.66000000,62376.64000000,62376.65000000,2.36196000,1709337574999,147341.80155420,43,0.34458000,21493.74605700,0
1709337575000,62376.65000000,62376.65000000,62364.69000000,62365.42000000,1.99927000,1709337575999,124704.68569320,46,0.07271000,4535.39500150,0
1709337576000,62365.43000000,62365.43000000,62365.43000000,62365.43000000,0.01716000,1709337576999,1070.19077880,5,0.01716000,1070.19077880,0
1709337577000,62365.43000000,62365.43000000,62365.42000000,62365.42000000,0.03097000,1709337577999,1931.45735870,8,0.03013000,1879.07040590,0
1709337578000,62365.43000000,62365.43000000,62365.42000000,62365.42000000,0.16770000,1709337578999,10458.68216590,18,0.12319000,7682.79732170,0
1709337579000,62365.42000000,62365.43000000,62365.42000000,62365.43000000,0.03591000,1709337579999,2239.54230340,10,0.00712000,444.04186160,0
1709337580000,62365.42000000,62375.22000000,62365.42000000,62375.22000000,3.15217000,1709337580999,196598.33727560,31,3.08409000,192352.20581240,0
1709337581000,62379.35000000,62381.09000000,62379.35000000,62381.09000000,1.65160000,1709337581999,103026.11800180,13,1.56794000,97807.45253280,0
1709337582000,62381.09000000,62381.10000000,62381.09000000,62381.09000000,0.02987000,1709337582999,1863.32327970,7,0.01214000,757.30655400,0
1709337583000,62381.09000000,62381.10000000,62381.09000000,62381.10000000,0.30111000,1709337583999,18783.57034270,8,0.03328000,2076.04300800,0
1709337584000,62381.09000000,62381.10000000,62381.09000000,62381.09000000,0.20236000,1709337584999,12623.43742610,13,0.00537000,334.98650700,0
1709337585000,62381.10000000,62381.10000000,62381.09000000,62381.10000000,0.01811000,1709337585999,1129.72171290,4,0.01730000,1079.19303000,0
1709337586000,62381.10000000,62381.10000000,62381.09000000,62381.10000000,0.38855000,1709337586999,24238.17636310,7,0.38436000,23976.79959600,0
1709337587000,62382.32000000,62382.32000000,62382.31000000,62382.32000000,0.00744000,1709337587999,464.12444970,4,0.00633000,394.88008560,0
1709337588000,62382.32000000,62386.30000000,62382.31000000,62386.30000000,0.03476000,1709337588999,2168.44315100,8,0.00523000,326.26030000,0
1709337589000,62387.90000000,62387.90000000,62387.89000000,62387.89000000,0.06043000,1709337589999,3770.10073380,4,0.05411000,3375.80926900,0
1709337590000,62387.89000000,62387.90000000,62387.89000000,62387.89000000,0.06735000,1709337590999,4201.82441550,16,0.00240000,149.73096000,0
1709337591000,62387.89000000,62387.90000000,62387.89000000,62387.89000000,0.04439000,1709337591999,2769.39858710,10,0.01500000,935.81850000,0
1709337592000,62387.90000000,62387.90000000,62387.89000000,62387.89000000,0.22153000,1709337592999,13820.78928270,12,0.00110000,68.62669000,0
1709337593000,62387.90000000,62387.90000000,62387.89000000,62387.89000000,0.00836000,1709337593999,521.56277000,6,0.00096000,59.89238400,0
1709337594000,62387.90000000,62387.90000000,62387.89000000,62387.89000000,0.17591000,1709337594999,10974.65392140,15,0.01915000,1194.72828500,0
1709337595000,62387.89000000,62387.90000000,62387.89000000,62387.89000000,0.06261000,1709337595999,3906.10588290,10,0.00900000,561.49110000,0
1709337596000,62387.89000000,62387.90000000,62387.89000000,62387.89000000,0.61770000,1709337596999,38536.99986780,13,0.02148000,1340.09209200,0
1709337597000,62387.89000000,62387.90000000,62387.89000000,62387.89000000,0.05888000,1709337597999,3673.39902180,6,0.00586000,365.59309400,0
1709337598000,62387.89000000,62387.90000000,62387.89000000,62387.90000000,0.05843000,1709337598999,3645.32442780,8,0.00151000,94.20572900,0
1709337599000,62387.89000000,62387.90000000,62387.89000000,62387.90000000,0.06565000,1709337599999,4095.76515580,37,0.01773000,1106.13746700,0
